residue_id,ref_seq,pdb5xyg_A,pdb5xyg_B,pdb5xyo_A,pdb5xyo_B,pdb5xyp_A,pdb5xyp_B,pdb5xyq_A,pdb5xyq_B,pdb5xys_A,pdb5xys_B,pdb5xyt_A,pdb5xyt_B,pdb5y0l_A,pdb5y0l_B,pdb5y0m_A,pdb5y0m_B,pdb7yu0_A,pdb7yu0_B,pdb7yu1_A,pdb7yu1_B
1,MET,-,-,-,-,-,-,-,-,-,-,-,-,-,-,-,-,-,-,-,-
2,ASN,-,-,-,-,-,-,-,-,-,-,-,-,-,-,-,-,-,-,-,-
3,THR,-,THR,-,-,-,-,-,-,-,-,-,-,-,-,-,-,-,-,-,-
4,THR,-,THR,-,-,-,-,-,-,-,-,-,-,-,-,-,-,-,-,-,-
5,PRO,-,PRO,-,-,-,-,-,-,-,-,-,-,-,-,-,-,-,-,-,-
6,VAL,-,VAL,-,-,-,-,-,-,-,-,-,-,-,-,-,-,-,-,-,-
7,HIS,-,HIS,-,-,-,-,-,-,-,-,-,-,-,-,-,-,-,-,-,-
8,ALA,-,ALA,-,-,-,-,-,-,-,-,-,-,-,-,-,-,-,-,-,-
9,LEU,-,LEU,-,-,-,-,-,-,-,-,-,-,-,-,-,-,-,-,-,-
10,THR,-,THR,-,-,-,-,-,-,-,-,-,-,-,-,-,-,-,-,-,-
11,ASP,-,ASP,-,-,-,-,-,-,-,-,-,-,-,-,-,-,-,-,-,-
12,ILE,-,ILE,-,-,-,-,-,-,-,-,-,-,-,-,-,-,-,-,-,-
13,ASP,-,-,-,-,-,-,-,-,-,-,-,-,-,-,-,-,-,-,-,-
14,GLY,-,-,-,-,-,-,-,-,-,-,-,-,-,-,-,-,-,-,-,-
15,GLY,-,GLY,GLY,-,-,-,-,-,-,-,-,-,-,GLY,-,-,-,GLY,-,-
16,ILE,-,ILE,ILE,-,-,-,-,-,-,-,-,ILE,-,ILE,-,ILE,-,ILE,-,ILE
17,ALA,-,ALA,ALA,-,-,-,-,-,-,-,-,ALA,-,ALA,-,ALA,-,ALA,-,ALA
18,VAL,-,VAL,VAL,-,VAL,-,VAL,-,-,VAL,-,VAL,-,VAL,-,VAL,-,VAL,-,VAL
19,ASP,ASP,ASP,ASP,ASP,ASP,ASP,ASP,ASP,ASP,ASP,ASP,ASP,ASP,ASP,ASP,ASP,ASP,ASP,ASP,ASP
20,PRO,PRO,PRO,PRO,PRO,PRO,PRO,PRO,PRO,PRO,PRO,PRO,PRO,PRO,PRO,PRO,PRO,PRO,PRO,PRO,PRO
21,ALA,ALA,ALA,ALA,ALA,ALA,ALA,ALA,ALA,ALA,ALA,ALA,ALA,ALA,ALA,ALA,ALA,ALA,ALA,ALA,ALA
22,PRO,PRO,PRO,PRO,PRO,PRO,PRO,PRO,PRO,PRO,PRO,PRO,PRO,PRO,PRO,PRO,PRO,PRO,PRO,PRO,PRO
23,ARG,ARG,ARG,ARG,ARG,ARG,ARG,ARG,ARG,ARG,ARG,ARG,ARG,ARG,ARG,ARG,ARG,ARG,ARG,ARG,ARG
24,LEU,LEU,LEU,LEU,LEU,LEU,LEU,LEU,LEU,LEU,LEU,LEU,LEU,LEU,LEU,LEU,LEU,LEU,LEU,LEU,LEU
25,ALA,ALA,ALA,ALA,ALA,ALA,ALA,ALA,ALA,ALA,ALA,ALA,ALA,ALA,ALA,ALA,ALA,ALA,ALA,ALA,ALA
26,GLY,GLY,GLY,GLY,GLY,GLY,GLY,GLY,GLY,GLY,GLY,GLY,GLY,GLY,GLY,GLY,GLY,GLY,GLY,GLY,GLY
27,PRO,PRO,PRO,PRO,PRO,PRO,PRO,PRO,PRO,PRO,PRO,PRO,PRO,PRO,PRO,PRO,PRO,PRO,PRO,PRO,PRO
28,PRO,PRO,PRO,PRO,PRO,PRO,PRO,PRO,PRO,PRO,PRO,PRO,PRO,PRO,PRO,PRO,PRO,PRO,PRO,PRO,PRO
29,VAL,VAL,-,-,VAL,VAL,VAL,VAL,VAL,VAL,VAL,VAL,-,VAL,VAL,VAL,-,VAL,VAL,VAL,VAL
30,PHE,PHE,-,-,PHE,PHE,PHE,PHE,PHE,PHE,PHE,PHE,-,PHE,PHE,-,-,PHE,PHE,PHE,-
31,GLY,GLY,GLY,GLY,GLY,GLY,GLY,GLY,GLY,GLY,GLY,GLY,GLY,GLY,GLY,GLY,GLY,GLY,GLY,GLY,GLY
32,GLY,GLY,GLY,GLY,GLY,GLY,GLY,GLY,GLY,GLY,GLY,GLY,GLY,GLY,GLY,GLY,GLY,GLY,GLY,GLY,GLY
33,PRO,PRO,PRO,PRO,PRO,PRO,PRO,PRO,PRO,PRO,PRO,PRO,PRO,PRO,PRO,PRO,PRO,PRO,PRO,PRO,PRO
34,GLY,GLY,GLY,GLY,GLY,GLY,GLY,GLY,GLY,GLY,GLY,GLY,GLY,GLY,GLY,GLY,GLY,GLY,GLY,GLY,GLY
35,ASN,ASN,ASN,ASN,ASN,ASN,ASN,ASN,ASN,ASN,ASN,ASN,ASN,ASN,ASN,ASN,ASN,ASN,ASN,ASN,ASN
36,ASP,ASP,ASP,ASP,ASP,ASP,ASP,ASP,ASP,ASP,ASP,ASP,ASP,ASP,ASP,ALA,ALA,ASP,ASP,ASP,ASP
37,ALA,ALA,ALA,ALA,ALA,ALA,ALA,ALA,ALA,ALA,ALA,ALA,ALA,ALA,ALA,ALA,ALA,ALA,ALA,ALA,ALA
38,PHE,PHE,PHE,PHE,PHE,PHE,PHE,PHE,PHE,PHE,PHE,PHE,PHE,PHE,PHE,PHE,PHE,PHE,PHE,PHE,PHE
39,ASP,ASP,ASP,ASP,ASP,ASP,ASP,ASP,ASP,ASP,ASP,ASP,ASP,ASP,ASP,ASP,ASP,ASP,ASP,ASP,ASP
40,LEU,LEU,LEU,LEU,LEU,LEU,LEU,LEU,LEU,LEU,LEU,LEU,LEU,LEU,LEU,LEU,LEU,LEU,LEU,LEU,LEU
41,ALA,ALA,ALA,ALA,ALA,ALA,ALA,ALA,ALA,ALA,ALA,ALA,ALA,ALA,ALA,ALA,ALA,ALA,ALA,ALA,ALA
42,PRO,PRO,PRO,PRO,PRO,PRO,PRO,PRO,PRO,PRO,PRO,PRO,PRO,PRO,PRO,PRO,PRO,PRO,PRO,PRO,PRO
43,VAL,VAL,VAL,VAL,VAL,VAL,VAL,VAL,VAL,VAL,VAL,VAL,VAL,VAL,VAL,VAL,VAL,VAL,VAL,VAL,VAL
44,ARG,ARG,ARG,ARG,ARG,ARG,ARG,ARG,ARG,ARG,ARG,ARG,ARG,ARG,ARG,ARG,ARG,ARG,ARG,ARG,ARG
45,SER,SER,SER,SER,SER,SER,SER,SER,SER,SER,SER,SER,SER,SER,SER,SER,SER,SER,SER,SER,SER
46,THR,THR,THR,THR,THR,THR,THR,THR,THR,THR,THR,THR,THR,THR,THR,THR,THR,THR,THR,THR,THR
47,GLY,GLY,GLY,GLY,GLY,GLY,GLY,GLY,GLY,GLY,GLY,GLY,GLY,GLY,GLY,GLY,GLY,GLY,GLY,GLY,GLY
48,ARG,ARG,ARG,ARG,ARG,ARG,ARG,ARG,ARG,ARG,ARG,ARG,ARG,ARG,ARG,ARG,ARG,ARG,ARG,ARG,ARG
49,GLU,GLU,GLU,GLU,GLU,GLU,GLU,GLU,GLU,GLU,GLU,GLU,GLU,GLU,GLU,GLU,GLU,GLU,GLU,GLU,GLU
50,MET,MET,MET,MET,MET,MET,MET,MET,MET,MET,MET,MET,MET,MET,MET,MET,MET,MET,MET,MET,MET
51,LEU,LEU,LEU,LEU,LEU,LEU,LEU,LEU,LEU,LEU,LEU,LEU,LEU,LEU,LEU,LEU,LEU,LEU,LEU,LEU,LEU
52,ARG,ARG,ARG,ARG,ARG,ARG,ARG,ARG,ARG,ARG,ARG,ARG,ARG,ARG,ARG,ARG,ARG,ARG,ARG,ARG,ARG
53,PHE,PHE,PHE,PHE,PHE,PHE,PHE,PHE,PHE,PHE,PHE,PHE,PHE,PHE,PHE,PHE,PHE,PHE,PHE,PHE,PHE
54,ASP,ASP,ASP,ASP,ASP,ASP,ASP,ASP,ASP,ASP,ASP,ASP,ASP,ASP,ASP,ASP,ASP,ASP,ASP,ASP,ASP
55,PHE,PHE,PHE,PHE,PHE,PHE,PHE,PHE,PHE,PHE,PHE,PHE,PHE,PHE,PHE,PHE,PHE,PHE,PHE,PHE,PHE
56,PRO,PRO,PRO,PRO,PRO,PRO,PRO,PRO,PRO,PRO,PRO,PRO,PRO,PRO,PRO,PRO,PRO,PRO,PRO,PRO,PRO
57,GLY,GLY,GLY,GLY,GLY,GLY,GLY,GLY,GLY,GLY,GLY,GLY,GLY,GLY,GLY,GLY,GLY,GLY,GLY,GLY,GLY
58,VAL,VAL,VAL,VAL,VAL,VAL,VAL,VAL,VAL,VAL,VAL,VAL,VAL,VAL,VAL,VAL,VAL,VAL,VAL,VAL,VAL
59,SER,SER,SER,SER,SER,SER,SER,SER,SER,SER,SER,SER,SER,SER,SER,SER,SER,SER,SER,SER,SER
60,ILE,ILE,ILE,ILE,ILE,ILE,ILE,ILE,ILE,ILE,ILE,ILE,ILE,ILE,ILE,ILE,ILE,ILE,ILE,ILE,ILE
61,GLY,GLY,GLY,GLY,GLY,GLY,GLY,GLY,GLY,GLY,GLY,GLY,GLY,GLY,GLY,GLY,GLY,GLY,GLY,GLY,GLY
62,ALA,ALA,ALA,ALA,ALA,ALA,ALA,ALA,ALA,ALA,ALA,ALA,ALA,ALA,ALA,ALA,ALA,ALA,ALA,ALA,ALA
63,ALA,ALA,ALA,ALA,ALA,ALA,ALA,ALA,ALA,ALA,ALA,ALA,ALA,ALA,ALA,ALA,ALA,ALA,ALA,ALA,ALA
64,HIS,HIS,HIS,HIS,HIS,HIS,HIS,HIS,HIS,HIS,HIS,HIS,HIS,HIS,HIS,HIS,HIS,HIS,HIS,HIS,HIS
65,TYR,TYR,TYR,TYR,TYR,TYR,TYR,TYR,TYR,TYR,TYR,TYR,TYR,TYR,TYR,TYR,TYR,TYR,TYR,TYR,TYR
66,GLU,GLU,GLU,GLU,GLU,GLU,GLU,GLU,GLU,GLU,GLU,GLU,GLU,GLU,GLU,GLU,GLU,GLU,GLU,GLU,GLU
67,GLU,GLU,GLU,GLU,GLU,GLU,GLU,GLU,GLU,GLU,GLU,GLU,GLU,GLU,GLU,GLU,GLU,GLU,GLU,GLU,GLU
68,GLY,GLY,GLY,GLY,GLY,GLY,GLY,GLY,GLY,GLY,GLY,GLY,GLY,GLY,GLY,GLY,GLY,GLY,GLY,GLY,GLY
69,PRO,PRO,PRO,PRO,PRO,PRO,PRO,PRO,PRO,PRO,PRO,PRO,PRO,PRO,PRO,PRO,PRO,PRO,PRO,PRO,PRO
70,THR,THR,THR,THR,THR,THR,THR,THR,THR,THR,THR,THR,THR,THR,THR,THR,THR,THR,THR,THR,THR
71,GLY,GLY,GLY,GLY,GLY,GLY,GLY,GLY,GLY,GLY,GLY,GLY,GLY,GLY,GLY,GLY,GLY,GLY,GLY,GLY,GLY
72,ALA,ALA,ALA,ALA,ALA,ALA,ALA,ALA,ALA,ALA,ALA,ALA,ALA,ALA,ALA,ALA,ALA,ALA,ALA,ALA,ALA
73,THR,THR,THR,THR,THR,THR,THR,THR,THR,THR,THR,THR,THR,THR,THR,THR,THR,THR,THR,THR,THR
74,VAL,VAL,VAL,VAL,VAL,VAL,VAL,VAL,VAL,VAL,VAL,VAL,VAL,VAL,VAL,VAL,VAL,VAL,VAL,VAL,VAL
75,ILE,ILE,ILE,ILE,ILE,ILE,ILE,ILE,ILE,ILE,ILE,ILE,ILE,ILE,ILE,ILE,ILE,ILE,ILE,ILE,ILE
76,HIS,HIS,HIS,HIS,HIS,HIS,HIS,HIS,HIS,HIS,HIS,HIS,HIS,HIS,HIS,HIS,HIS,HIS,HIS,HIS,HIS
77,ILE,ILE,ILE,ILE,ILE,ILE,ILE,ILE,ILE,ILE,ILE,ILE,ILE,ILE,ILE,ILE,ILE,ILE,ILE,ILE,ILE
78,PRO,PRO,PRO,PRO,PRO,PRO,PRO,PRO,PRO,PRO,PRO,PRO,PRO,PRO,PRO,PRO,PRO,PRO,PRO,PRO,PRO
79,ALA,ALA,ALA,ALA,ALA,ALA,ALA,ALA,ALA,ALA,ALA,ALA,ALA,ALA,ALA,ALA,ALA,ALA,ALA,ALA,ALA
80,GLY,GLY,GLY,GLY,GLY,GLY,GLY,GLY,GLY,GLY,GLY,GLY,GLY,GLY,GLY,GLY,GLY,GLY,GLY,GLY,GLY
81,ALA,ALA,ALA,ALA,ALA,ALA,ALA,ALA,ALA,ALA,ALA,ALA,ALA,ALA,ALA,ALA,ALA,ALA,ALA,ALA,ALA
82,ARG,ARG,ARG,ARG,ARG,ARG,ARG,ARG,ARG,ARG,ARG,ARG,ARG,ARG,ARG,ARG,ARG,ARG,ARG,ARG,ARG
83,THR,THR,THR,THR,THR,THR,THR,THR,THR,THR,THR,THR,THR,THR,THR,THR,THR,THR,THR,THR,THR
84,ALA,ALA,ALA,ALA,ALA,ALA,ALA,ALA,ALA,ALA,ALA,ALA,ALA,ALA,ALA,ALA,ALA,ALA,ALA,ALA,ALA
85,VAL,VAL,VAL,VAL,VAL,VAL,VAL,VAL,VAL,VAL,VAL,VAL,VAL,VAL,VAL,VAL,VAL,VAL,VAL,VAL,VAL
86,ASP,ASP,ASP,ASP,ASP,ASP,ASP,ASP,ASP,ASP,ASP,ASP,ASP,ASP,ASP,ASP,ASP,ASP,ASP,ASP,ASP
87,ALA,ALA,ALA,ALA,ALA,ALA,ALA,ALA,ALA,ALA,ALA,ALA,ALA,ALA,ALA,ALA,ALA,ALA,ALA,ALA,ALA
88,ARG,ARG,ARG,ARG,ARG,ARG,ARG,ARG,ARG,ARG,ARG,ARG,ARG,ARG,ARG,ARG,ARG,ARG,ARG,ARG,ARG
89,GLY,GLY,GLY,GLY,GLY,GLY,GLY,GLY,GLY,GLY,GLY,GLY,GLY,GLY,GLY,GLY,GLY,GLY,GLY,GLY,GLY
90,GLY,GLY,GLY,GLY,GLY,GLY,GLY,GLY,GLY,GLY,GLY,GLY,GLY,GLY,GLY,GLY,GLY,GLY,GLY,GLY,GLY
91,ALA,ALA,ALA,ALA,ALA,ALA,ALA,ALA,ALA,ALA,ALA,ALA,ALA,ALA,ALA,ALA,ALA,ALA,ALA,ALA,ALA
92,VAL,VAL,-,VAL,VAL,VAL,VAL,VAL,VAL,VAL,VAL,VAL,VAL,VAL,VAL,VAL,VAL,VAL,VAL,VAL,VAL
93,GLY,GLY,GLY,GLY,GLY,GLY,GLY,GLY,GLY,GLY,GLY,GLY,GLY,GLY,GLY,GLY,GLY,GLY,GLY,GLY,GLY
94,LEU,LEU,LEU,LEU,LEU,LEU,LEU,LEU,LEU,LEU,LEU,LEU,LEU,LEU,LEU,LEU,LEU,LEU,LEU,LEU,LEU
95,SER,SER,SER,SER,SER,SER,SER,SER,SER,SER,SER,SER,SER,SER,SER,SER,SER,SER,SER,SER,SER
96,GLY,GLY,GLY,GLY,GLY,GLY,GLY,GLY,GLY,GLY,GLY,GLY,GLY,GLY,GLY,GLY,GLY,GLY,GLY,GLY,GLY
97,GLY,GLY,GLY,GLY,GLY,GLY,GLY,GLY,GLY,GLY,GLY,GLY,GLY,GLY,GLY,GLY,GLY,GLY,GLY,GLY,GLY
98,TYR,TYR,TYR,TYR,TYR,TYR,TYR,TYR,TYR,TYR,TYR,TYR,TYR,TYR,TYR,TYR,TYR,TYR,TYR,TYR,TYR
99,ASP,ASP,ASP,ASP,ASP,ASP,ASP,ASP,ASP,ASP,ASP,ASP,ASP,ASP,ASP,ASP,ASP,ASP,ASP,ASP,ASP
100,PHE,PHE,PHE,PHE,PHE,PHE,PHE,PHE,PHE,PHE,PHE,PHE,PHE,PHE,PHE,PHE,PHE,PHE,PHE,PHE,PHE
101,ASN,ASN,ASN,ASN,ASN,ASN,ASN,ASN,ASN,ASN,ASN,ASN,ASN,ASN,ASN,ASN,ASN,ASN,ASN,ASN,ASN
102,HIS,HIS,HIS,HIS,HIS,HIS,HIS,HIS,HIS,HIS,HIS,HIS,HIS,HIS,HIS,HIS,HIS,HIS,HIS,HIS,HIS
103,ALA,ALA,ALA,ALA,ALA,ALA,ALA,ALA,ALA,ALA,ALA,ALA,ALA,ALA,ALA,ALA,ALA,ALA,ALA,ALA,ALA
104,ILE,ILE,ILE,ILE,ILE,ILE,ILE,ILE,ILE,ILE,ILE,ILE,ILE,ILE,ILE,ILE,ILE,ILE,ILE,ILE,ILE
105,CYS,CYS,CYS,CYS,CYS,CYS,CYS,CYS,CYS,CYS,CYS,CYS,CYS,CYS,CYS,CYS,CYS,CYS,CYS,CYS,CYS
106,LEU,LEU,LEU,LEU,LEU,LEU,LEU,LEU,LEU,LEU,LEU,LEU,LEU,LEU,LEU,LEU,LEU,LEU,LEU,LEU,LEU
107,ALA,ALA,ALA,ALA,ALA,ALA,ALA,ALA,ALA,ALA,ALA,ALA,ALA,ALA,ALA,ALA,ALA,ALA,ALA,ALA,ALA
108,GLY,GLY,GLY,GLY,GLY,GLY,GLY,GLY,GLY,GLY,GLY,GLY,GLY,GLY,GLY,GLY,GLY,GLY,GLY,GLY,GLY
109,GLY,GLY,GLY,GLY,GLY,GLY,GLY,GLY,GLY,GLY,GLY,GLY,GLY,GLY,GLY,GLY,GLY,GLY,GLY,GLY,GLY
110,ALA,ALA,ALA,ALA,ALA,ALA,ALA,ALA,ALA,ALA,ALA,ALA,ALA,ALA,ALA,ALA,ALA,ALA,ALA,ALA,ALA
111,GLY,GLY,GLY,GLY,GLY,GLY,GLY,GLY,GLY,GLY,GLY,GLY,GLY,GLY,GLY,GLY,GLY,GLY,GLY,GLY,GLY
112,TYR,TYR,TYR,TYR,TYR,TYR,TYR,TYR,TYR,TYR,TYR,TYR,TYR,TYR,TYR,TYR,TYR,TYR,TYR,TYR,TYR
113,GLY,GLY,GLY,GLY,GLY,GLY,GLY,GLY,GLY,GLY,GLY,GLY,GLY,GLY,GLY,GLY,GLY,GLY,GLY,GLY,GLY
114,LEU,LEU,LEU,LEU,LEU,LEU,LEU,LEU,LEU,LEU,LEU,LEU,LEU,LEU,LEU,LEU,LEU,LEU,LEU,LEU,LEU
115,GLU,GLU,GLU,GLU,GLU,GLU,GLU,GLU,GLU,GLU,GLU,GLU,GLU,GLU,GLU,GLU,GLU,GLU,GLU,GLU,GLU
116,ALA,ALA,ALA,ALA,ALA,ALA,ALA,ALA,ALA,ALA,ALA,ALA,ALA,ALA,ALA,ALA,ALA,ALA,ALA,ALA,ALA
117,GLY,GLY,GLY,GLY,GLY,GLY,GLY,GLY,GLY,GLY,GLY,GLY,GLY,GLY,GLY,GLY,GLY,GLY,GLY,GLY,GLY
118,ALA,ALA,ALA,ALA,ALA,ALA,ALA,ALA,ALA,ALA,ALA,ALA,ALA,ALA,ALA,ALA,ALA,ALA,ALA,ALA,ALA
119,GLY,GLY,GLY,GLY,GLY,GLY,GLY,GLY,GLY,GLY,GLY,GLY,GLY,GLY,GLY,GLY,GLY,GLY,GLY,GLY,GLY
120,VAL,VAL,VAL,VAL,VAL,VAL,VAL,VAL,VAL,VAL,VAL,VAL,VAL,VAL,VAL,VAL,VAL,VAL,VAL,VAL,VAL
121,SER,SER,SER,SER,SER,SER,SER,SER,SER,SER,SER,SER,SER,SER,SER,SER,SER,SER,SER,SER,SER
122,ASP,ASP,ASP,GLY,GLY,ARG,ARG,LYS,LYS,VAL,VAL,ASP,ASP,GLY,GLY,GLY,GLY,ASP,ASP,GLY,GLY
123,ALA,ALA,ALA,ALA,ALA,ALA,ALA,ALA,ALA,ALA,ALA,ALA,ALA,ALA,ALA,ALA,ALA,ALA,ALA,ALA,ALA
124,LEU,LEU,LEU,LEU,LEU,LEU,LEU,LEU,LEU,LEU,LEU,LEU,LEU,LEU,LEU,LEU,LEU,LEU,LEU,LEU,LEU
125,LEU,LEU,LEU,LEU,LEU,LEU,LEU,LEU,LEU,LEU,LEU,LEU,LEU,LEU,LEU,LEU,LEU,LEU,LEU,LEU,LEU
126,GLU,GLU,GLU,GLU,GLU,GLU,GLU,GLU,GLU,GLU,GLU,GLU,GLU,GLU,GLU,GLU,GLU,GLU,GLU,GLU,GLU
127,ARG,ARG,ARG,ARG,ARG,ARG,ARG,ARG,ARG,ARG,ARG,ARG,ARG,ARG,ARG,ARG,ARG,ARG,ARG,ARG,ARG
128,LEU,LEU,LEU,LEU,LEU,LEU,LEU,LEU,LEU,LEU,LEU,LEU,LEU,LEU,LEU,LEU,LEU,LEU,LEU,LEU,LEU
129,GLU,-,GLU,GLU,GLU,GLU,GLU,GLU,GLU,GLU,GLU,GLU,GLU,GLU,GLU,GLU,GLU,GLU,GLU,GLU,GLU
130,HIS,-,-,HIS,HIS,HIS,HIS,HIS,HIS,HIS,HIS,TYR,TYR,TYR,TYR,TYR,TYR,TYR,TYR,TYR,TYR
131,ARG,-,-,ARG,ARG,ARG,ARG,ARG,ARG,ARG,ARG,ARG,ARG,ARG,ARG,ARG,ARG,ARG,ARG,ARG,ARG
132,THR,-,THR,THR,THR,THR,THR,THR,THR,THR,THR,THR,THR,THR,THR,THR,THR,THR,THR,THR,THR
133,GLY,-,GLY,GLY,GLY,GLY,GLY,GLY,GLY,GLY,GLY,GLY,GLY,GLY,GLY,GLY,GLY,GLY,GLY,GLY,GLY
134,PHE,-,-,PHE,PHE,PHE,PHE,PHE,PHE,PHE,PHE,PHE,PHE,PHE,PHE,PHE,PHE,PHE,PHE,PHE,PHE
135,ALA,-,ALA,ALA,ALA,ALA,ALA,ALA,ALA,ALA,ALA,ALA,ALA,ALA,ALA,ALA,ALA,ALA,ALA,ALA,ALA
136,GLU,GLU,GLU,GLU,GLU,GLU,GLU,GLU,GLU,GLU,GLU,GLU,GLU,GLU,GLU,GLU,GLU,GLU,GLU,GLU,GLU
137,LEU,LEU,LEU,LEU,LEU,LEU,LEU,LEU,LEU,LEU,LEU,LEU,LEU,LEU,LEU,LEU,LEU,LEU,LEU,LEU,LEU
138,GLN,GLN,GLN,GLN,GLN,GLN,GLN,GLN,GLN,GLN,GLN,GLN,GLN,GLN,GLN,GLN,GLN,GLN,GLN,GLN,GLN
139,LEU,LEU,LEU,LEU,LEU,LEU,LEU,LEU,LEU,LEU,LEU,LEU,LEU,LEU,LEU,LEU,LEU,LEU,LEU,LEU,LEU
140,VAL,VAL,VAL,VAL,VAL,VAL,VAL,VAL,VAL,VAL,VAL,VAL,VAL,VAL,VAL,VAL,VAL,VAL,VAL,VAL,VAL
141,SER,SER,SER,SER,SER,SER,SER,SER,SER,SER,SER,SER,SER,SER,SER,SER,SER,SER,SER,SER,SER
142,SER,SER,SER,SER,SER,SER,SER,SER,SER,SER,SER,SER,SER,SER,SER,SER,SER,SER,SER,SER,SER
143,ALA,ALA,ALA,ALA,ALA,ALA,ALA,ALA,ALA,ALA,ALA,ALA,ALA,ALA,ALA,ALA,ALA,ALA,ALA,ALA,ALA
144,VAL,VAL,VAL,VAL,VAL,VAL,VAL,VAL,VAL,VAL,VAL,VAL,VAL,VAL,VAL,VAL,VAL,VAL,VAL,VAL,VAL
145,ILE,ILE,ILE,ILE,ILE,ILE,ILE,ILE,ILE,ILE,ILE,ILE,ILE,ILE,ILE,ILE,ILE,ILE,ILE,ILE,ILE
146,TYR,TYR,TYR,TYR,TYR,TYR,TYR,TYR,TYR,TYR,TYR,TYR,TYR,TYR,TYR,TYR,TYR,TYR,TYR,TYR,TYR
147,ASP,ASP,ASP,ASP,ASP,ASP,ASP,ASP,ASP,ASP,ASP,ASP,ASP,ASP,ASP,ASP,ASP,ASP,ASP,ASP,ASP
148,PHE,PHE,PHE,PHE,PHE,PHE,PHE,PHE,PHE,PHE,PHE,PHE,PHE,PHE,PHE,PHE,PHE,PHE,PHE,PHE,PHE
149,SER,SER,SER,SER,SER,SER,SER,SER,SER,SER,SER,SER,SER,SER,SER,SER,SER,SER,SER,SER,SER
150,ALA,ALA,ALA,ALA,ALA,ALA,ALA,ALA,ALA,ALA,ALA,ALA,ALA,ALA,ALA,ALA,ALA,ALA,ALA,ALA,ALA
151,ARG,ARG,ARG,ARG,ARG,ARG,ARG,ARG,ARG,ARG,ARG,ARG,ARG,ARG,ARG,ARG,ARG,ARG,ARG,ARG,ARG
152,SER,SER,SER,SER,SER,SER,SER,SER,SER,SER,SER,SER,SER,SER,SER,SER,SER,SER,SER,SER,SER
153,THR,THR,THR,THR,THR,THR,THR,THR,THR,THR,THR,THR,THR,THR,THR,THR,THR,THR,THR,THR,THR
154,ALA,ALA,ALA,ALA,ALA,ALA,ALA,ALA,ALA,ALA,ALA,ALA,ALA,ALA,ALA,ALA,ALA,ALA,ALA,ALA,ALA
155,VAL,VAL,VAL,VAL,VAL,VAL,VAL,VAL,VAL,VAL,VAL,VAL,VAL,VAL,VAL,VAL,VAL,VAL,VAL,VAL,VAL
156,TYR,TYR,TYR,TYR,TYR,TYR,TYR,TYR,TYR,TYR,TYR,TYR,TYR,TYR,TYR,TYR,TYR,TYR,TYR,TYR,TYR
157,PRO,PRO,PRO,PRO,PRO,PRO,PRO,PRO,PRO,PRO,PRO,PRO,PRO,PRO,PRO,PRO,PRO,PRO,PRO,PRO,PRO
158,ASP,ASP,ASP,ASP,ASP,ASP,ASP,ASP,ASP,ASP,ASP,ASP,ASP,ASP,ASP,ASP,ASP,ASP,ASP,ASP,ASP
159,LYS,LYS,LYS,LYS,LYS,LYS,LYS,LYS,LYS,LYS,LYS,LYS,LYS,LYS,LYS,LYS,LYS,LYS,LYS,LYS,LYS
160,ALA,ALA,ALA,ALA,ALA,ALA,ALA,ALA,ALA,ALA,ALA,ALA,ALA,ALA,ALA,ALA,ALA,ALA,ALA,ALA,ALA
161,LEU,LEU,LEU,LEU,LEU,LEU,LEU,LEU,LEU,LEU,LEU,LEU,LEU,LEU,LEU,LEU,LEU,LEU,LEU,LEU,LEU
162,GLY,GLY,GLY,GLY,GLY,GLY,GLY,GLY,GLY,GLY,GLY,GLY,GLY,GLY,GLY,GLY,GLY,GLY,GLY,GLY,GLY
163,ARG,ARG,ARG,ARG,ARG,ARG,ARG,ARG,ARG,ARG,ARG,ARG,ARG,ARG,ARG,ARG,ARG,ARG,ARG,ARG,ARG
164,ALA,ALA,ALA,ALA,ALA,ALA,ALA,ALA,ALA,ALA,ALA,ALA,ALA,ALA,ALA,ALA,ALA,ALA,ALA,ALA,ALA
165,ALA,ALA,ALA,ALA,ALA,ALA,ALA,ALA,ALA,ALA,ALA,ALA,ALA,ALA,ALA,ALA,ALA,ALA,ALA,ALA,ALA
166,LEU,LEU,LEU,LEU,LEU,LEU,LEU,LEU,LEU,LEU,LEU,LEU,LEU,LEU,LEU,LEU,LEU,LEU,LEU,LEU,LEU
167,GLU,GLU,GLU,GLU,GLU,GLU,GLU,GLU,GLU,GLU,GLU,GLU,GLU,GLU,GLU,GLU,GLU,GLU,GLU,GLU,GLU
168,PHE,PHE,PHE,PHE,PHE,PHE,PHE,PHE,PHE,PHE,PHE,PHE,PHE,PHE,PHE,PHE,PHE,PHE,PHE,PHE,PHE
169,ALA,ALA,ALA,ALA,ALA,ALA,ALA,ALA,ALA,ALA,ALA,ALA,ALA,ALA,ALA,ALA,ALA,ALA,ALA,ALA,ALA
170,VAL,VAL,VAL,VAL,VAL,VAL,VAL,VAL,VAL,VAL,VAL,VAL,VAL,VAL,VAL,VAL,VAL,VAL,VAL,VAL,VAL
171,PRO,PRO,PRO,PRO,PRO,PRO,PRO,PRO,PRO,PRO,PRO,PRO,PRO,PRO,PRO,PRO,PRO,PRO,PRO,PRO,PRO
172,GLY,GLY,GLY,GLY,GLY,GLY,GLY,GLY,GLY,GLY,GLY,GLY,GLY,GLY,GLY,GLY,GLY,GLY,GLY,GLY,GLY
173,GLU,GLU,GLU,GLU,GLU,GLU,GLU,GLU,GLU,GLU,GLU,GLU,GLU,GLU,GLU,GLU,GLU,GLU,GLU,GLU,GLU
174,PHE,PHE,PHE,PHE,PHE,PHE,PHE,PHE,PHE,PHE,PHE,PHE,PHE,PHE,PHE,PHE,PHE,PHE,PHE,PHE,PHE
175,PRO,PRO,PRO,PRO,PRO,PRO,PRO,PRO,PRO,PRO,PRO,PRO,PRO,PRO,PRO,PRO,PRO,PRO,PRO,PRO,PRO
176,GLN,GLN,GLN,GLN,GLN,GLN,GLN,GLN,GLN,GLN,GLN,GLN,GLN,GLN,GLN,GLN,GLN,GLN,GLN,GLN,GLN
177,GLY,GLY,GLY,GLY,GLY,GLY,GLY,GLY,GLY,GLY,GLY,GLY,GLY,GLY,GLY,GLY,GLY,GLY,GLY,GLY,GLY
178,ARG,ARG,ARG,ARG,ARG,ARG,ARG,ARG,ARG,ARG,ARG,ARG,ARG,ARG,ARG,ARG,ARG,ARG,ARG,ARG,ARG
179,ALA,ALA,ALA,ALA,ALA,ALA,ALA,ALA,ALA,ALA,ALA,ALA,ALA,ALA,ALA,ALA,ALA,ALA,ALA,ALA,ALA
180,GLY,GLY,GLY,GLY,GLY,GLY,GLY,GLY,GLY,GLY,GLY,GLY,GLY,GLY,GLY,GLY,GLY,GLY,GLY,GLY,GLY
181,ALA,ALA,ALA,ALA,ALA,ALA,ALA,ALA,ALA,ALA,ALA,ALA,ALA,ALA,ALA,ALA,ALA,ALA,ALA,ALA,ALA
182,GLY,GLY,GLY,GLY,GLY,GLY,GLY,GLY,GLY,GLY,GLY,GLY,GLY,GLY,GLY,GLY,GLY,GLY,GLY,GLY,GLY
183,MET,MET,MET,MET,MET,MET,MET,MET,MET,MET,MET,MET,MET,MET,MET,MET,MET,MET,MET,MET,MET
184,SER,SER,SER,SER,SER,SER,SER,SER,SER,SER,SER,SER,SER,SER,SER,SER,SER,SER,SER,SER,SER
185,ALA,ALA,ALA,ALA,ALA,ALA,ALA,ALA,ALA,ALA,ALA,ALA,ALA,ALA,ALA,ALA,ALA,ALA,ALA,ALA,ALA
186,SER,SER,SER,SER,SER,SER,SER,SER,SER,SER,SER,SER,SER,SER,SER,SER,SER,SER,SER,SER,SER
187,ALA,ALA,ALA,ALA,ALA,ALA,ALA,ALA,ALA,ALA,ALA,ALA,ALA,ALA,ALA,ALA,ALA,ALA,ALA,ALA,ALA
188,GLY,GLY,GLY,GLY,GLY,GLY,GLY,GLY,GLY,GLY,GLY,GLY,GLY,GLY,GLY,GLY,GLY,GLY,GLY,GLY,GLY
189,LYS,LYS,LYS,LYS,LYS,LYS,LYS,LYS,LYS,LYS,LYS,LYS,LYS,LYS,LYS,LYS,LYS,LYS,LYS,LYS,LYS
190,VAL,VAL,VAL,VAL,VAL,VAL,VAL,VAL,VAL,VAL,VAL,VAL,VAL,VAL,VAL,VAL,VAL,VAL,VAL,VAL,VAL
191,ASP,ASP,ASP,ASP,ASP,ASP,ASP,ASP,ASP,ASP,ASP,ASP,ASP,ASP,ASP,ASP,ASP,ASP,ASP,ASP,ASP
192,TRP,TRP,TRP,TRP,TRP,TRP,TRP,TRP,TRP,TRP,TRP,TRP,TRP,TRP,TRP,TRP,TRP,TRP,TRP,TRP,TRP
193,ASP,ASP,ASP,ASP,ASP,ASP,ASP,ASP,ASP,ASP,ASP,ASP,ASP,ASP,ASP,ASP,ASP,ASP,ASP,ASP,ASP
194,ARG,ARG,ARG,ARG,ARG,ARG,ARG,ARG,ARG,ARG,ARG,ARG,ARG,ARG,ARG,ARG,ARG,ARG,ARG,ARG,ARG
195,THR,THR,THR,THR,THR,THR,THR,THR,THR,THR,THR,THR,THR,THR,THR,THR,THR,THR,THR,THR,THR
196,GLU,GLU,GLU,GLU,GLU,GLU,GLU,GLU,GLU,GLU,GLU,GLU,GLU,GLU,GLU,GLU,GLU,GLU,GLU,GLU,GLU
197,ILE,ILE,ILE,ILE,ILE,ILE,ILE,ILE,ILE,ILE,ILE,ILE,ILE,ILE,ILE,ILE,ILE,ILE,ILE,ILE,ILE
198,THR,THR,THR,THR,THR,THR,THR,THR,THR,THR,THR,THR,THR,THR,THR,THR,THR,THR,THR,THR,THR
199,GLY,GLY,GLY,GLY,GLY,GLY,GLY,GLY,GLY,GLY,GLY,GLY,GLY,GLY,GLY,GLY,GLY,GLY,GLY,GLY,GLY
200,GLN,GLN,GLN,GLN,GLN,GLN,GLN,GLN,GLN,GLN,GLN,GLN,GLN,GLN,GLN,GLN,GLN,GLN,GLN,GLN,GLN
201,GLY,GLY,GLY,GLY,GLY,GLY,GLY,GLY,GLY,GLY,GLY,GLY,GLY,GLY,GLY,GLY,GLY,GLY,GLY,GLY,GLY
202,ALA,ALA,ALA,ALA,ALA,ALA,ALA,ALA,ALA,ALA,ALA,ALA,ALA,ALA,ALA,ALA,ALA,ALA,ALA,ALA,ALA
203,ALA,ALA,ALA,ALA,ALA,ALA,ALA,ALA,ALA,ALA,ALA,ALA,ALA,ALA,ALA,ALA,ALA,ALA,ALA,ALA,ALA
204,PHE,PHE,PHE,PHE,PHE,PHE,PHE,PHE,PHE,PHE,PHE,PHE,PHE,PHE,PHE,PHE,PHE,PHE,PHE,PHE,PHE
205,ARG,ARG,ARG,ARG,ARG,ARG,ARG,ARG,ARG,ARG,ARG,ARG,ARG,ARG,ARG,ARG,ARG,ARG,ARG,ARG,ARG
206,ARG,ARG,ARG,ARG,ARG,ARG,ARG,ARG,ARG,ARG,ARG,ARG,ARG,ARG,ARG,ARG,ARG,ARG,ARG,ARG,ARG
207,LEU,LEU,LEU,LEU,LEU,LEU,LEU,LEU,LEU,LEU,LEU,LEU,LEU,LEU,LEU,LEU,LEU,LEU,LEU,LEU,LEU
208,GLY,GLY,GLY,GLY,GLY,GLY,GLY,GLY,GLY,GLY,GLY,GLY,GLY,GLY,GLY,GLY,GLY,GLY,GLY,GLY,GLY
209,ASP,ASP,ASP,ASP,ASP,ASP,ASP,ASP,ASP,ASP,ASP,ASP,ASP,ASP,ASP,ASP,ASP,ASP,ASP,ASP,ASP
210,VAL,VAL,VAL,VAL,VAL,VAL,VAL,VAL,VAL,VAL,VAL,VAL,VAL,VAL,VAL,VAL,VAL,VAL,VAL,VAL,VAL
211,ARG,ARG,ARG,ARG,ARG,ARG,ARG,ARG,ARG,ARG,ARG,ARG,ARG,ARG,ARG,ARG,ARG,ARG,ARG,ARG,ARG
212,ILE,ILE,ILE,ILE,ILE,ILE,ILE,ILE,ILE,ILE,ILE,ILE,ILE,ILE,ILE,ILE,ILE,ILE,ILE,ILE,ILE
213,LEU,LEU,LEU,LEU,LEU,LEU,LEU,LEU,LEU,LEU,LEU,LEU,LEU,LEU,LEU,LEU,LEU,LEU,LEU,LEU,LEU
214,ALA,ALA,ALA,ALA,ALA,ALA,ALA,ALA,ALA,ALA,ALA,ALA,ALA,ALA,ALA,ALA,ALA,ALA,ALA,ALA,ALA
215,VAL,VAL,VAL,VAL,VAL,VAL,VAL,VAL,VAL,VAL,VAL,VAL,VAL,VAL,VAL,VAL,VAL,VAL,VAL,VAL,VAL
216,VAL,VAL,VAL,VAL,VAL,VAL,VAL,VAL,VAL,VAL,VAL,VAL,VAL,VAL,VAL,VAL,VAL,VAL,VAL,VAL,VAL
217,VAL,VAL,VAL,VAL,VAL,VAL,VAL,VAL,VAL,VAL,VAL,VAL,VAL,VAL,VAL,VAL,VAL,VAL,VAL,VAL,VAL
218,PRO,PRO,PRO,PRO,PRO,PRO,PRO,PRO,PRO,PRO,PRO,PRO,PRO,PRO,PRO,PRO,PRO,PRO,PRO,PRO,PRO
219,ASN,ASN,ASN,ASN,ASN,ASN,ASN,ASN,ASN,ASN,ASN,ASN,ASN,ASN,ASN,ASN,ASN,ASN,ASN,ASN,ASN
220,PRO,PRO,PRO,PRO,PRO,PRO,PRO,PRO,PRO,PRO,PRO,PRO,PRO,PRO,PRO,PRO,PRO,PRO,PRO,PRO,PRO
221,VAL,VAL,VAL,VAL,VAL,VAL,VAL,VAL,VAL,VAL,VAL,VAL,VAL,VAL,VAL,VAL,VAL,VAL,VAL,VAL,VAL
222,GLY,GLY,GLY,GLY,GLY,GLY,GLY,GLY,GLY,GLY,GLY,GLY,GLY,GLY,GLY,GLY,GLY,GLY,GLY,GLY,GLY
223,VAL,VAL,VAL,VAL,VAL,VAL,VAL,VAL,VAL,VAL,VAL,VAL,VAL,VAL,VAL,VAL,VAL,VAL,VAL,VAL,VAL
224,ILE,ILE,ILE,ILE,ILE,ILE,ILE,ILE,ILE,ILE,ILE,ILE,ILE,ILE,ILE,ILE,ILE,ILE,ILE,ILE,ILE
225,VAL,VAL,VAL,VAL,VAL,VAL,VAL,VAL,VAL,VAL,VAL,VAL,VAL,VAL,VAL,VAL,VAL,VAL,VAL,VAL,VAL
226,ASP,ASP,ASP,ASP,ASP,ASP,ASP,ASP,ASP,ASP,ASP,ASP,ASP,ASP,ASP,ASP,ASP,ASP,ASP,ASP,ASP
227,ARG,ARG,ARG,ARG,ARG,ARG,ARG,ARG,ARG,ARG,ARG,ARG,ARG,ARG,ARG,ARG,ARG,ARG,ARG,ARG,ARG
228,ALA,ALA,ALA,ALA,ALA,ALA,ALA,ALA,ALA,ALA,ALA,ALA,ALA,ALA,ALA,ALA,ALA,ALA,ALA,ALA,ALA
229,GLY,GLY,GLY,GLY,GLY,GLY,GLY,GLY,GLY,GLY,GLY,GLY,GLY,GLY,GLY,GLY,GLY,GLY,GLY,GLY,GLY
230,THR,THR,THR,THR,THR,THR,THR,THR,THR,THR,THR,THR,THR,THR,THR,THR,THR,THR,THR,THR,THR
231,VAL,VAL,VAL,VAL,VAL,VAL,VAL,VAL,VAL,VAL,VAL,VAL,VAL,VAL,VAL,VAL,VAL,VAL,VAL,VAL,VAL
232,VAL,VAL,VAL,VAL,VAL,VAL,VAL,VAL,VAL,VAL,VAL,VAL,VAL,VAL,VAL,VAL,VAL,VAL,VAL,VAL,VAL
233,ARG,ARG,ARG,ARG,ARG,ARG,ARG,ARG,ARG,ARG,ARG,ARG,ARG,ARG,ARG,ARG,ARG,ARG,ARG,ARG,ARG
234,GLY,GLY,GLY,GLY,GLY,GLY,GLY,GLY,GLY,GLY,GLY,GLY,GLY,GLY,GLY,GLY,GLY,GLY,GLY,GLY,GLY
235,ASN,ASN,ASN,ASN,ASN,ASN,ASN,ASN,ASN,ASN,ASN,ASN,ASN,ASN,ASN,ASN,ASN,ASN,ASN,ASN,ASN
236,TYR,TYR,TYR,TYR,TYR,TYR,TYR,TYR,TYR,TYR,TYR,TYR,TYR,TYR,TYR,TYR,TYR,TYR,TYR,TYR,TYR
237,ASP,ASP,ASP,ASP,ASP,ASP,ASP,ASP,ASP,ASP,ASP,ASP,ASP,ASP,ASP,ASP,ASP,ASP,ASP,ASP,ASP
238,ALA,ALA,ALA,ALA,ALA,ALA,ALA,ALA,ALA,ALA,ALA,ALA,ALA,ALA,ALA,ALA,ALA,ALA,ALA,ALA,ALA
239,GLN,GLN,GLN,GLN,GLN,GLN,GLN,GLN,GLN,GLN,GLN,GLN,GLN,GLN,GLN,GLN,GLN,GLN,GLN,GLN,GLN
240,THR,THR,THR,THR,THR,THR,THR,THR,THR,THR,THR,THR,THR,THR,THR,THR,THR,THR,THR,THR,THR
241,GLY,GLY,GLY,GLY,GLY,GLY,GLY,GLY,GLY,GLY,GLY,GLY,GLY,GLY,GLY,GLY,GLY,GLY,GLY,GLY,GLY
242,VAL,VAL,VAL,VAL,VAL,VAL,VAL,VAL,VAL,VAL,VAL,VAL,VAL,VAL,VAL,VAL,VAL,VAL,VAL,VAL,VAL
243,ARG,ARG,ARG,ARG,ARG,ARG,ARG,ARG,ARG,ARG,ARG,ARG,ARG,ARG,ARG,ARG,ARG,ARG,ARG,ARG,ARG
244,ARG,ARG,ARG,ARG,ARG,ARG,ARG,ARG,ARG,ARG,ARG,ARG,ARG,ARG,ARG,ARG,ARG,ARG,ARG,ARG,ARG
245,HIS,HIS,HIS,HIS,HIS,HIS,HIS,HIS,HIS,HIS,HIS,HIS,HIS,HIS,HIS,HIS,HIS,HIS,HIS,HIS,HIS
246,PRO,PRO,PRO,PRO,PRO,PRO,PRO,PRO,PRO,PRO,PRO,PRO,PRO,PRO,PRO,PRO,PRO,PRO,PRO,PRO,PRO
247,VAL,VAL,VAL,VAL,VAL,VAL,VAL,VAL,VAL,VAL,VAL,VAL,VAL,VAL,VAL,VAL,VAL,VAL,VAL,VAL,VAL
248,PHE,PHE,PHE,PHE,PHE,PHE,PHE,PHE,PHE,PHE,PHE,PHE,PHE,PHE,PHE,PHE,PHE,PHE,PHE,PHE,PHE
249,ASP,ASP,ASP,ASP,ASP,ASP,ASP,ASP,ASP,ASP,ASP,ASP,ASP,ASP,ASP,ASP,ASP,ASP,ASP,ASP,ASP
250,TYR,TYR,TYR,TYR,TYR,TYR,TYR,TYR,TYR,TYR,TYR,TYR,TYR,TYR,TYR,TYR,TYR,TYR,TYR,TYR,TYR
251,GLN,GLN,GLN,GLN,GLN,GLN,GLN,GLN,GLN,GLN,GLN,GLN,GLN,GLN,GLN,GLN,GLN,GLN,GLN,GLN,GLN
252,GLU,GLU,GLU,GLU,GLU,GLU,GLU,GLU,GLU,GLU,GLU,GLU,GLU,GLU,GLU,GLU,GLU,GLU,GLU,GLU,GLU
253,ALA,ALA,ALA,ALA,ALA,ALA,ALA,ALA,ALA,ALA,ALA,ALA,ALA,ALA,ALA,ALA,ALA,ALA,ALA,ALA,ALA
254,PHE,PHE,PHE,PHE,PHE,PHE,PHE,PHE,PHE,PHE,PHE,PHE,PHE,PHE,PHE,PHE,PHE,PHE,PHE,PHE,PHE
255,ALA,ALA,ALA,ALA,ALA,ALA,ALA,ALA,ALA,ALA,ALA,ALA,ALA,ALA,ALA,ALA,ALA,ALA,ALA,ALA,ALA
256,GLU,GLU,GLU,GLU,GLU,GLU,GLU,GLU,GLU,GLU,GLU,GLU,GLU,GLU,GLU,GLU,GLU,GLU,GLU,GLU,GLU
257,GLN,GLN,GLN,GLN,GLN,GLN,GLN,GLN,GLN,GLN,GLN,GLN,GLN,GLN,GLN,GLN,GLN,GLN,GLN,GLN,GLN
258,VAL,VAL,VAL,VAL,VAL,VAL,VAL,VAL,VAL,VAL,VAL,VAL,VAL,VAL,VAL,VAL,VAL,VAL,VAL,VAL,VAL
259,PRO,PRO,PRO,PRO,PRO,PRO,PRO,PRO,PRO,PRO,PRO,PRO,PRO,PRO,PRO,PRO,PRO,PRO,PRO,PRO,PRO
260,PRO,-,PRO,-,PRO,PRO,PRO,PRO,PRO,PRO,PRO,-,PRO,PRO,PRO,-,PRO,PRO,PRO,PRO,PRO
261,VAL,-,-,-,-,-,-,-,-,-,-,-,-,-,-,-,-,VAL,VAL,VAL,VAL
262,THR,-,-,-,-,-,-,-,-,-,-,-,-,-,-,-,-,THR,THR,THR,THR
263,GLU,-,-,-,-,-,-,-,-,-,-,-,-,-,-,-,-,GLU,GLU,GLU,GLU
264,ALA,-,-,-,-,-,-,-,-,-,-,-,-,-,-,-,-,ALA,ALA,ALA,ALA
265,GLY,-,-,-,-,-,-,-,-,-,-,-,-,-,-,-,-,GLY,GLY,GLY,GLY
266,ASN,-,-,-,-,-,-,-,-,-,-,-,-,-,-,-,-,ALA,ALA,ASN,ASN
267,THR,THR,THR,THR,THR,THR,THR,THR,THR,THR,THR,THR,THR,THR,THR,THR,THR,ALA,ALA,CYS,CYS
268,THR,THR,THR,THR,THR,THR,THR,THR,THR,THR,THR,THR,THR,THR,THR,THR,THR,THR,THR,THR,THR
269,ILE,ILE,ILE,ILE,ILE,ILE,ILE,ILE,ILE,ILE,ILE,ILE,ILE,ILE,ILE,ILE,ILE,ILE,ILE,ILE,ILE
270,SER,SER,SER,SER,SER,SER,SER,SER,SER,SER,SER,SER,SER,SER,SER,SER,SER,SER,SER,SER,SER
271,ALA,ALA,ALA,ALA,ALA,ALA,ALA,ALA,ALA,ALA,ALA,ALA,ALA,ALA,ALA,ALA,ALA,ALA,ALA,ALA,ALA
272,ILE,ILE,ILE,ILE,ILE,ILE,ILE,ILE,ILE,ILE,ILE,ILE,ILE,ILE,ILE,ILE,ILE,ILE,ILE,ILE,ILE
273,VAL,VAL,VAL,VAL,VAL,VAL,VAL,VAL,VAL,VAL,VAL,VAL,VAL,VAL,VAL,VAL,VAL,VAL,VAL,VAL,VAL
274,THR,THR,THR,THR,THR,THR,THR,THR,THR,THR,THR,THR,THR,THR,THR,THR,THR,THR,THR,THR,THR
275,ASN,ASN,ASN,ASN,ASN,ASN,ASN,ASN,ASN,ASN,ASN,ASN,ASN,ASN,ASN,ASN,ASN,ASN,ASN,ASN,ASN
276,VAL,VAL,VAL,VAL,VAL,VAL,VAL,VAL,VAL,VAL,VAL,VAL,VAL,VAL,VAL,VAL,VAL,VAL,VAL,VAL,VAL
277,ARG,ARG,ARG,ARG,ARG,ARG,ARG,ARG,ARG,ARG,ARG,ARG,ARG,ARG,ARG,ARG,ARG,ARG,ARG,ARG,ARG
278,MET,MET,MET,MET,MET,MET,MET,MET,MET,MET,MET,MET,MET,MET,MET,MET,MET,MET,MET,MET,MET
279,SER,SER,SER,SER,SER,SER,SER,SER,SER,SER,SER,SER,SER,SER,SER,SER,SER,SER,SER,SER,SER
280,PRO,PRO,PRO,PRO,PRO,PRO,PRO,PRO,PRO,PRO,PRO,PRO,PRO,PRO,PRO,PRO,PRO,PRO,PRO,PRO,PRO
281,VAL,VAL,VAL,VAL,VAL,VAL,VAL,VAL,VAL,VAL,VAL,VAL,VAL,VAL,VAL,VAL,VAL,VAL,VAL,VAL,VAL
282,GLU,GLU,GLU,GLU,GLU,GLU,GLU,GLU,GLU,GLU,GLU,GLU,GLU,GLU,GLU,GLU,GLU,GLU,GLU,GLU,GLU
283,LEU,LEU,LEU,LEU,LEU,LEU,LEU,LEU,LEU,LEU,LEU,LEU,LEU,LEU,LEU,LEU,LEU,LEU,LEU,LEU,LEU
284,ASN,ASN,ASN,ASN,ASN,ASN,ASN,ASN,ASN,ASN,ASN,ASN,ASN,ASN,ASN,ASN,ASN,ASN,ASN,ASN,ASN
285,GLN,GLN,GLN,GLN,GLN,GLN,GLN,GLN,GLN,GLN,GLN,GLN,GLN,GLN,GLN,GLN,GLN,GLN,GLN,GLN,GLN
286,PHE,PHE,PHE,PHE,PHE,PHE,PHE,PHE,PHE,PHE,PHE,PHE,PHE,PHE,PHE,PHE,PHE,PHE,PHE,PHE,PHE
287,ALA,ALA,ALA,ALA,ALA,ALA,ALA,ALA,ALA,ALA,ALA,ALA,ALA,ALA,ALA,ALA,ALA,ALA,ALA,ALA,ALA
288,LYS,LYS,LYS,LYS,LYS,LYS,LYS,LYS,LYS,LYS,LYS,LYS,LYS,LYS,LYS,LYS,LYS,LYS,LYS,LYS,LYS
289,GLN,GLN,GLN,GLN,GLN,GLN,GLN,GLN,GLN,GLN,GLN,GLN,GLN,GLN,GLN,GLN,GLN,GLN,GLN,GLN,GLN
290,VAL,VAL,VAL,VAL,VAL,VAL,VAL,VAL,VAL,VAL,VAL,VAL,VAL,VAL,VAL,VAL,VAL,VAL,VAL,VAL,VAL
291,HIS,HIS,HIS,HIS,HIS,HIS,HIS,HIS,HIS,HIS,HIS,HIS,HIS,HIS,HIS,HIS,HIS,HIS,HIS,HIS,HIS
292,SER,SER,SER,SER,SER,SER,SER,SER,SER,SER,SER,SER,SER,SER,SER,SER,SER,SER,SER,SER,SER
293,SER,SER,SER,SER,SER,SER,SER,SER,SER,SER,SER,SER,SER,SER,SER,SER,SER,SER,SER,SER,SER
294,MET,MET,MET,MET,MET,MET,MET,MET,MET,MET,MET,MET,MET,MET,MET,MET,MET,MET,MET,MET,MET
295,HIS,HIS,HIS,HIS,HIS,HIS,HIS,HIS,HIS,HIS,HIS,HIS,HIS,HIS,HIS,HIS,HIS,HIS,HIS,HIS,HIS
296,ARG,ARG,ARG,ARG,ARG,ARG,ARG,ARG,ARG,ARG,ARG,ARG,ARG,ARG,ARG,ARG,ARG,ARG,ARG,ARG,ARG
297,GLY,GLY,GLY,GLY,GLY,GLY,GLY,GLY,GLY,GLY,GLY,GLY,GLY,GLY,GLY,GLY,GLY,GLY,GLY,GLY,GLY
298,ILE,ILE,ILE,ILE,ILE,ILE,ILE,ILE,ILE,ILE,ILE,ILE,ILE,ILE,ILE,ILE,ILE,ILE,ILE,ILE,ILE
299,GLN,GLN,GLN,GLN,GLN,GLN,GLN,GLN,GLN,GLN,GLN,GLN,GLN,GLN,GLN,GLN,GLN,GLN,GLN,GLN,GLN
300,PRO,PRO,PRO,PRO,PRO,PRO,PRO,PRO,PRO,PRO,PRO,PRO,PRO,PRO,PRO,PRO,PRO,PRO,PRO,PRO,PRO
301,PHE,PHE,PHE,PHE,PHE,PHE,PHE,PHE,PHE,PHE,PHE,PHE,PHE,PHE,PHE,PHE,PHE,PHE,PHE,PHE,PHE
302,HIS,HIS,HIS,HIS,HIS,HIS,HIS,HIS,HIS,HIS,HIS,HIS,HIS,HIS,HIS,HIS,HIS,HIS,HIS,HIS,HIS
303,THR,THR,THR,THR,THR,THR,THR,THR,THR,THR,THR,THR,THR,THR,THR,THR,THR,THR,THR,THR,THR
304,ASP,ASP,ASP,ASP,ASP,ASP,ASP,ASP,ASP,ASP,ASP,ASP,ASP,ASP,ASP,ASP,ASP,ASP,ASP,ASP,ASP
305,MET,MET,MET,MET,MET,MET,MET,MET,MET,MET,MET,MET,MET,MET,MET,MET,MET,MET,MET,MET,MET
306,ASP,ASP,ASP,ASP,ASP,ASP,ASP,ASP,ASP,ASP,ASP,ASP,ASP,ASP,ASP,ASP,ASP,ASP,ASP,ASP,ASP
307,GLY,GLY,GLY,GLY,GLY,GLY,GLY,GLY,GLY,GLY,GLY,GLY,GLY,GLY,GLY,GLY,GLY,GLY,GLY,GLY,GLY
308,ASP,ASP,ASP,ASP,ASP,ASP,ASP,ASP,ASP,ASP,ASP,ASP,ASP,ASP,ASP,ASP,ASP,ASP,ASP,ASP,ASP
309,THR,THR,THR,THR,THR,THR,THR,THR,THR,THR,THR,THR,THR,THR,THR,THR,THR,THR,THR,THR,THR
310,LEU,LEU,LEU,LEU,LEU,LEU,LEU,LEU,LEU,LEU,LEU,LEU,LEU,LEU,LEU,LEU,LEU,LEU,LEU,LEU,LEU
311,PHE,PHE,PHE,PHE,PHE,PHE,PHE,PHE,PHE,PHE,PHE,PHE,PHE,PHE,PHE,PHE,PHE,PHE,PHE,PHE,PHE
312,ALA,ALA,ALA,ALA,ALA,ALA,ALA,ALA,ALA,ALA,ALA,ALA,ALA,ALA,ALA,ALA,ALA,ALA,ALA,ALA,ALA
313,VAL,VAL,VAL,VAL,VAL,VAL,VAL,VAL,VAL,VAL,VAL,VAL,VAL,VAL,VAL,VAL,VAL,VAL,VAL,VAL,VAL
314,THR,THR,THR,THR,THR,THR,THR,THR,THR,THR,THR,THR,THR,THR,THR,THR,THR,THR,THR,THR,THR
315,THR,THR,THR,THR,THR,THR,THR,THR,THR,THR,THR,THR,THR,THR,THR,THR,THR,THR,THR,THR,THR
316,ASP,ASP,ASP,ASP,ASP,ASP,ASP,ASP,ASP,ASP,ASP,ASP,ASP,ASP,ASP,ASP,ASP,ASP,ASP,ASP,ASP
317,GLU,GLU,GLU,GLU,GLU,GLU,GLU,GLU,GLU,GLU,GLU,GLU,GLU,GLU,GLU,GLU,GLU,GLU,GLU,GLU,GLU
318,ILE,ILE,ILE,ILE,ILE,ILE,ILE,ILE,ILE,ILE,ILE,ILE,ILE,ILE,ILE,ILE,ILE,ILE,ILE,ILE,ILE
319,ASP,ASP,ASP,ASP,ASP,ASP,ASP,ASP,ASP,ASP,ASP,ASP,ASP,ASP,ASP,ASP,ASP,ASP,ASP,ASP,ASP
320,LEU,LEU,LEU,LEU,LEU,LEU,LEU,LEU,LEU,LEU,LEU,LEU,LEU,LEU,LEU,LEU,LEU,LEU,LEU,LEU,LEU
321,PRO,PRO,PRO,PRO,PRO,PRO,PRO,PRO,PRO,PRO,PRO,PRO,PRO,PRO,PRO,PRO,PRO,PRO,PRO,PRO,PRO
322,THR,THR,THR,THR,THR,THR,THR,THR,THR,THR,THR,THR,THR,THR,THR,THR,THR,-,-,THR,THR
323,THR,THR,THR,THR,THR,THR,THR,THR,THR,THR,THR,THR,THR,THR,THR,THR,THR,-,-,THR,THR
324,PRO,PRO,PRO,PRO,PRO,PRO,PRO,PRO,PRO,PRO,PRO,PRO,PRO,PRO,PRO,PRO,PRO,-,-,-,-
325,GLY,GLY,GLY,GLY,GLY,GLY,GLY,GLY,GLY,GLY,GLY,GLY,GLY,GLY,GLY,GLY,GLY,-,-,-,-
326,SER,SER,SER,SER,SER,SER,SER,SER,SER,SER,SER,SER,SER,SER,SER,SER,SER,-,-,-,-
327,SER,SER,SER,SER,SER,SER,SER,SER,SER,SER,SER,SER,SER,SER,SER,SER,SER,-,-,-,-
328,ARG,ARG,ARG,ARG,ARG,ARG,ARG,ARG,ARG,ARG,ARG,ARG,ARG,ARG,ARG,ARG,ARG,-,-,-,-
329,GLY,GLY,GLY,GLY,GLY,GLY,GLY,GLY,GLY,GLY,GLY,GLY,GLY,GLY,GLY,GLY,GLY,-,-,-,-
330,ARG,ARG,ARG,ARG,ARG,ARG,ARG,ARG,ARG,ARG,ARG,ARG,ARG,ARG,ARG,ARG,ARG,ARG,ARG,ARG,ARG
331,LEU,LEU,LEU,LEU,LEU,LEU,LEU,LEU,LEU,LEU,LEU,LEU,LEU,LEU,LEU,LEU,LEU,LEU,LEU,LEU,LEU
332,SER,SER,SER,SER,SER,SER,SER,SER,SER,SER,SER,SER,SER,SER,SER,SER,SER,SER,SER,SER,SER
333,VAL,VAL,VAL,VAL,VAL,VAL,VAL,VAL,VAL,VAL,VAL,VAL,VAL,VAL,VAL,VAL,VAL,VAL,VAL,VAL,VAL
334,ASN,ASN,ASN,ASN,ASN,ASN,ASN,ASN,ASN,ASN,ASN,ASN,ASN,ASN,ASN,ASN,ASN,ASN,ASN,ASN,ASN
335,ALA,ALA,ALA,ALA,ALA,ALA,ALA,ALA,ALA,ALA,ALA,ALA,ALA,ALA,ALA,ALA,ALA,ALA,ALA,ALA,ALA
336,THR,THR,THR,THR,THR,THR,THR,THR,THR,THR,THR,THR,THR,THR,THR,THR,THR,THR,THR,THR,THR
337,ALA,ALA,ALA,ALA,ALA,ALA,ALA,ALA,ALA,ALA,ALA,ALA,ALA,ALA,ALA,ALA,ALA,ALA,ALA,ALA,ALA
338,LEU,LEU,LEU,LEU,LEU,LEU,LEU,LEU,LEU,LEU,LEU,LEU,LEU,LEU,LEU,LEU,LEU,LEU,LEU,LEU,LEU
339,GLY,GLY,GLY,GLY,GLY,GLY,GLY,GLY,GLY,GLY,GLY,GLY,GLY,GLY,GLY,GLY,GLY,GLY,GLY,GLY,GLY
340,ALA,ALA,ALA,ALA,ALA,ALA,ALA,ALA,ALA,ALA,ALA,ALA,ALA,ALA,ALA,ALA,ALA,ALA,ALA,ALA,ALA
341,ILE,ILE,ILE,ILE,ILE,ILE,ILE,ILE,ILE,ILE,ILE,ILE,ILE,ILE,ILE,ILE,ILE,ILE,ILE,ILE,ILE
342,ALA,ALA,ALA,ALA,ALA,ALA,ALA,ALA,ALA,ALA,ALA,ALA,ALA,ALA,ALA,ALA,ALA,ALA,ALA,ALA,ALA
343,SER,SER,SER,SER,SER,SER,SER,SER,SER,SER,SER,SER,SER,SER,SER,SER,SER,SER,SER,SER,SER
344,GLU,GLU,GLU,GLU,GLU,GLU,GLU,GLU,GLU,GLU,GLU,GLU,GLU,GLU,GLU,GLU,GLU,GLU,GLU,GLU,GLU
345,VAL,VAL,VAL,VAL,VAL,VAL,VAL,VAL,VAL,VAL,VAL,VAL,VAL,VAL,VAL,VAL,VAL,VAL,VAL,VAL,VAL
346,MET,MET,MET,MET,MET,MET,MET,MET,MET,MET,MET,MET,MET,MET,MET,MET,MET,MET,MET,MET,MET
347,TRP,TRP,TRP,TRP,TRP,TRP,TRP,TRP,TRP,TRP,TRP,TRP,TRP,TRP,TRP,TRP,TRP,TRP,TRP,TRP,TRP
348,ASP,ASP,ASP,ASP,ASP,ASP,ASP,ASP,ASP,ASP,ASP,ASP,ASP,ASP,ASP,ASP,ASP,ASP,ASP,ASP,ASP
349,ALA,ALA,ALA,ALA,ALA,ALA,ALA,ALA,ALA,ALA,ALA,ALA,ALA,ALA,ALA,ALA,ALA,ALA,ALA,ALA,ALA
350,VAL,VAL,VAL,VAL,VAL,VAL,VAL,VAL,VAL,VAL,VAL,VAL,VAL,VAL,VAL,VAL,VAL,VAL,VAL,VAL,VAL
351,LEU,LEU,LEU,LEU,LEU,LEU,LEU,LEU,LEU,LEU,LEU,LEU,LEU,LEU,LEU,LEU,LEU,LEU,LEU,LEU,LEU
352,GLU,GLU,GLU,GLU,GLU,GLU,GLU,GLU,GLU,GLU,GLU,GLU,GLU,GLU,GLU,GLU,GLU,GLU,GLU,GLU,GLU
353,ALA,ALA,ALA,ALA,ALA,ALA,ALA,ALA,ALA,ALA,ALA,ALA,ALA,ALA,ALA,ALA,ALA,ALA,ALA,ALA,ALA
354,GLY,GLY,GLY,GLY,GLY,GLY,GLY,GLY,GLY,GLY,GLY,GLY,GLY,GLY,GLY,GLY,GLY,GLY,GLY,GLY,GLY
355,LYS,LYS,LYS,LYS,LYS,LYS,LYS,LYS,LYS,LYS,LYS,LYS,LYS,LYS,LYS,LYS,LYS,LYS,LYS,LYS,LYS
