residue_id,ref_seq,pdb2du2_A,pdb2du2_B,pdb2du2_C,pdb2du2_D,pdb2e77_A,pdb2e77_B,pdb2e77_C,pdb2e77_D,pdb2j6x_A,pdb2j6x_B,pdb2j6x_C,pdb2j6x_D,pdb2j6x_E,pdb2j6x_F,pdb2j6x_G,pdb2j6x_H,pdb2nli_A,pdb2nli_B,pdb2zfa_A,pdb2zfa_B,pdb4rje_A,pdb4rje_B,pdb4rje_C,pdb4rje_D,pdb4yl2_A,pdb4yl2_B,pdb4yl2_C,pdb4yl2_D,pdb5ebu_A,pdb5ebu_B,pdb5ebu_C,pdb5ebu_D,pdb5ebu_E,pdb5ebu_F,pdb5ebu_G,pdb5ebu_H,pdb7f1y_A,pdb7f1y_B,pdb7f20_A,pdb7f20_B,pdb7f21_A,pdb7f21_B,pdb7f22_A,pdb7f22_B
1,MET,MET,MET,MET,MET,-,-,-,-,-,-,-,-,-,-,-,-,-,-,-,-,-,-,-,-,-,-,-,-,-,-,-,-,-,-,-,-,-,-,-,-,-,-,-,-
2,ASN,ASN,ASN,ASN,ASN,-,-,-,-,-,-,-,-,-,-,-,-,-,-,-,-,-,-,-,-,-,-,-,-,-,-,-,-,-,-,-,-,-,-,-,-,-,-,-,-
3,ASN,ASN,ASN,ASN,ASN,-,-,-,-,-,-,-,-,-,-,-,-,-,-,-,-,-,-,-,-,-,-,-,-,-,-,-,-,-,-,-,-,-,-,-,-,-,-,-,-
4,ASN,ASN,ASN,ASN,ASN,-,-,-,-,-,-,-,-,-,-,-,-,-,-,-,-,-,-,-,-,-,-,-,-,-,-,-,-,-,-,-,-,-,-,-,-,-,-,-,-
5,ASP,ASP,ASP,ASP,ASP,-,-,-,-,ASP,-,-,-,-,-,-,-,-,-,-,-,-,-,-,-,-,-,-,-,-,-,-,-,-,-,-,-,-,-,-,-,-,-,-,-
6,ILE,ILE,ILE,ILE,ILE,-,-,-,-,ILE,-,-,-,-,-,-,-,-,-,-,-,ILE,-,-,-,-,-,-,-,-,-,-,ILE,-,-,-,-,-,-,-,-,-,-,-,-
7,GLU,GLU,GLU,GLU,GLU,-,GLU,GLU,GLU,GLU,-,GLU,-,-,-,-,GLU,GLU,GLU,-,GLU,GLU,GLU,-,-,-,-,-,-,-,-,-,GLU,-,-,-,-,GLU,GLU,GLU,GLU,GLU,GLU,GLU,GLU
8,TYR,TYR,TYR,TYR,TYR,TYR,TYR,TYR,TYR,TYR,TYR,TYR,TYR,TYR,TYR,TYR,TYR,TYR,TYR,TYR,TYR,TYR,TYR,TYR,TYR,TYR,TYR,TYR,TYR,TYR,TYR,TYR,TYR,TYR,TYR,TYR,TYR,TYR,TYR,TYR,TYR,TYR,TYR,TYR,TYR
9,ASN,ASN,ASN,ASN,ASN,ASN,ASN,ASN,ASN,ASN,ASN,ASN,ASN,ASN,ASN,ASN,ASN,ASN,ASN,ASN,ASN,ASN,ASN,ASN,ASN,ASN,ASN,ASN,ASN,ASN,ASN,ASN,ASN,ASN,ASN,ASN,ASN,ASN,ASN,ASN,ASN,ASN,ASN,ASN,ASN
10,ALA,ALA,ALA,ALA,ALA,ALA,ALA,ALA,ALA,ALA,ALA,ALA,ALA,ALA,ALA,ALA,ALA,ALA,ALA,ALA,ALA,ALA,ALA,ALA,ALA,ALA,ALA,ALA,ALA,ALA,ALA,ALA,ALA,ALA,ALA,ALA,ALA,ALA,ALA,ALA,ALA,ALA,ALA,ALA,ALA
11,PRO,PRO,PRO,PRO,PRO,PRO,PRO,PRO,PRO,PRO,PRO,PRO,PRO,PRO,PRO,PRO,PRO,PRO,PRO,PRO,PRO,PRO,PRO,PRO,PRO,PRO,PRO,PRO,PRO,PRO,PRO,PRO,PRO,PRO,PRO,PRO,PRO,PRO,PRO,PRO,PRO,PRO,PRO,PRO,PRO
12,SER,SER,SER,SER,SER,SER,SER,SER,SER,SER,SER,SER,SER,SER,SER,SER,SER,SER,SER,SER,SER,SER,SER,SER,SER,SER,SER,SER,SER,SER,SER,SER,SER,SER,SER,SER,SER,SER,SER,SER,SER,SER,SER,SER,SER
13,GLU,GLU,GLU,GLU,GLU,GLU,GLU,GLU,GLU,GLU,GLU,GLU,GLU,GLU,GLU,GLU,GLU,GLU,GLU,GLU,GLU,GLU,GLU,GLU,GLU,GLU,GLU,GLU,GLU,GLU,GLU,GLU,GLU,GLU,GLU,GLU,GLU,GLU,GLU,GLU,GLU,GLU,GLU,GLU,GLU
14,ILE,ILE,ILE,ILE,ILE,ILE,ILE,ILE,ILE,ILE,ILE,ILE,ILE,ILE,ILE,ILE,ILE,ILE,ILE,ILE,ILE,ILE,ILE,ILE,ILE,ILE,ILE,ILE,ILE,ILE,ILE,ILE,ILE,ILE,ILE,ILE,ILE,ILE,ILE,ILE,ILE,ILE,ILE,ILE,ILE
15,LYS,LYS,LYS,LYS,LYS,LYS,LYS,LYS,LYS,LYS,LYS,LYS,LYS,LYS,LYS,LYS,LYS,LYS,LYS,LYS,LYS,LYS,LYS,LYS,LYS,LYS,LYS,LYS,LYS,LYS,LYS,LYS,LYS,LYS,LYS,LYS,LYS,LYS,LYS,LYS,LYS,LYS,LYS,LYS,LYS
16,TYR,TYR,TYR,TYR,TYR,TYR,TYR,TYR,TYR,TYR,TYR,TYR,TYR,TYR,TYR,TYR,TYR,TYR,TYR,TYR,TYR,TYR,TYR,TYR,TYR,TYR,TYR,TYR,TYR,TYR,TYR,TYR,TYR,TYR,TYR,TYR,TYR,TYR,TYR,TYR,TYR,TYR,TYR,TYR,TYR
17,ILE,ILE,ILE,ILE,ILE,ILE,ILE,ILE,ILE,ILE,ILE,ILE,ILE,ILE,ILE,ILE,ILE,ILE,ILE,ILE,ILE,ILE,ILE,ILE,ILE,ILE,ILE,ILE,ILE,ILE,ILE,ILE,ILE,ILE,ILE,ILE,ILE,ILE,ILE,ILE,ILE,ILE,ILE,ILE,ILE
18,ASP,ASP,ASP,ASP,ASP,ASP,ASP,ASP,ASP,ASP,ASP,ASP,ASP,ASP,ASP,ASP,ASP,ASP,ASP,ASP,ASP,ASP,ASP,ASP,ASP,ASP,ASP,ASP,ASP,ASP,ASP,ASP,ASP,ASP,ASP,ASP,ASP,ASP,ASP,ASP,ASP,ASP,ASP,ASP,ASP
19,VAL,VAL,VAL,VAL,VAL,VAL,VAL,VAL,VAL,VAL,VAL,VAL,VAL,VAL,VAL,VAL,VAL,VAL,VAL,VAL,VAL,VAL,VAL,VAL,VAL,VAL,VAL,VAL,VAL,VAL,VAL,VAL,VAL,VAL,VAL,VAL,VAL,VAL,VAL,VAL,VAL,VAL,VAL,VAL,VAL
20,VAL,VAL,VAL,VAL,VAL,VAL,VAL,VAL,VAL,VAL,VAL,VAL,VAL,VAL,VAL,VAL,VAL,VAL,VAL,VAL,VAL,VAL,VAL,VAL,VAL,VAL,VAL,VAL,VAL,VAL,VAL,VAL,VAL,VAL,VAL,VAL,VAL,VAL,VAL,VAL,VAL,VAL,VAL,VAL,VAL
21,ASN,ASN,ASN,ASN,ASN,ASN,ASN,ASN,ASN,ASN,ASN,ASN,ASN,ASN,ASN,ASN,ASN,ASN,ASN,ASN,ASN,ASN,ASN,ASN,ASN,ASN,ASN,ASN,ASN,ASN,ASN,ASN,ASN,ASN,ASN,ASN,ASN,ASN,ASN,ASN,ASN,ASN,ASN,ASN,ASN
22,THR,THR,THR,THR,THR,THR,THR,THR,THR,THR,THR,THR,THR,THR,THR,THR,THR,THR,THR,THR,THR,THR,THR,THR,THR,THR,THR,THR,THR,THR,THR,THR,THR,THR,THR,THR,THR,THR,THR,THR,THR,THR,THR,THR,THR
23,TYR,TYR,TYR,TYR,TYR,TYR,TYR,TYR,TYR,TYR,TYR,TYR,TYR,TYR,TYR,TYR,TYR,TYR,TYR,TYR,TYR,TYR,TYR,TYR,TYR,TYR,TYR,TYR,TYR,TYR,TYR,TYR,TYR,TYR,TYR,TYR,TYR,TYR,TYR,TYR,TYR,TYR,TYR,TYR,TYR
24,ASP,ASP,ASP,ASP,ASP,ASP,ASP,ASP,ASP,ASP,ASP,ASP,ASP,ASP,ASP,ASP,ASP,ASP,ASP,ASP,ASP,ASP,ASP,ASP,ASP,ASP,ASP,ASP,ASP,ASP,ASP,ASP,ASP,ASP,ASP,ASP,ASP,ASP,ASP,ASP,ASP,ASP,ASP,ASP,ASP
25,LEU,LEU,LEU,LEU,LEU,LEU,LEU,LEU,LEU,LEU,LEU,LEU,LEU,LEU,LEU,LEU,LEU,LEU,LEU,LEU,LEU,LEU,LEU,LEU,LEU,LEU,LEU,LEU,LEU,LEU,LEU,LEU,LEU,LEU,LEU,LEU,LEU,LEU,LEU,LEU,LEU,LEU,LEU,LEU,LEU
26,GLU,GLU,GLU,GLU,GLU,GLU,GLU,GLU,GLU,GLU,GLU,GLU,GLU,GLU,GLU,GLU,GLU,GLU,GLU,GLU,GLU,GLU,GLU,GLU,GLU,GLU,GLU,GLU,GLU,GLU,GLU,GLU,GLU,GLU,GLU,GLU,GLU,GLU,GLU,GLU,GLU,GLU,GLU,GLU,GLU
27,GLU,GLU,GLU,GLU,GLU,GLU,GLU,GLU,GLU,GLU,GLU,GLU,GLU,GLU,GLU,GLU,GLU,GLU,GLU,GLU,GLU,GLU,GLU,GLU,GLU,GLU,GLU,GLU,GLU,GLU,GLU,GLU,GLU,GLU,GLU,GLU,GLU,GLU,GLU,GLU,GLU,GLU,GLU,GLU,GLU
28,GLU,GLU,GLU,GLU,GLU,GLU,GLU,GLU,GLU,GLU,GLU,GLU,GLU,GLU,GLU,GLU,GLU,GLU,GLU,GLU,GLU,GLU,GLU,GLU,GLU,GLU,GLU,GLU,GLU,GLU,GLU,GLU,GLU,GLU,GLU,GLU,GLU,GLU,GLU,GLU,GLU,GLU,GLU,GLU,GLU
29,ALA,ALA,ALA,ALA,ALA,ALA,ALA,ALA,ALA,ALA,ALA,ALA,ALA,ALA,ALA,ALA,ALA,ALA,ALA,ALA,ALA,ALA,ALA,ALA,ALA,ALA,ALA,ALA,ALA,ALA,ALA,ALA,ALA,ALA,ALA,ALA,ALA,ALA,ALA,ALA,ALA,ALA,ALA,ALA,ALA
30,SER,SER,SER,SER,SER,SER,SER,SER,SER,SER,SER,SER,SER,SER,SER,SER,SER,SER,SER,SER,SER,SER,SER,SER,SER,SER,SER,SER,SER,SER,SER,SER,SER,SER,SER,SER,SER,SER,SER,SER,SER,SER,SER,SER,SER
31,LYS,LYS,LYS,LYS,LYS,LYS,LYS,LYS,LYS,LYS,LYS,LYS,LYS,LYS,LYS,LYS,LYS,LYS,LYS,LYS,LYS,LYS,LYS,LYS,LYS,LYS,LYS,LYS,LYS,LYS,LYS,LYS,LYS,LYS,LYS,LYS,LYS,LYS,LYS,LYS,LYS,LYS,LYS,LYS,LYS
32,VAL,VAL,VAL,VAL,VAL,VAL,VAL,VAL,VAL,VAL,VAL,VAL,VAL,VAL,VAL,VAL,VAL,VAL,VAL,VAL,VAL,VAL,VAL,VAL,VAL,VAL,VAL,VAL,VAL,VAL,VAL,VAL,VAL,VAL,VAL,VAL,VAL,VAL,VAL,VAL,VAL,VAL,VAL,VAL,VAL
33,VAL,VAL,VAL,VAL,VAL,VAL,VAL,VAL,VAL,VAL,VAL,VAL,VAL,VAL,VAL,VAL,VAL,VAL,VAL,VAL,VAL,VAL,VAL,VAL,VAL,VAL,VAL,VAL,VAL,VAL,VAL,VAL,VAL,VAL,VAL,VAL,VAL,VAL,VAL,VAL,VAL,VAL,VAL,VAL,VAL
34,PRO,PRO,PRO,PRO,PRO,PRO,PRO,PRO,PRO,PRO,PRO,PRO,PRO,PRO,PRO,PRO,PRO,PRO,PRO,PRO,PRO,PRO,PRO,PRO,PRO,PRO,PRO,PRO,PRO,PRO,PRO,PRO,PRO,PRO,PRO,PRO,PRO,PRO,PRO,PRO,PRO,PRO,PRO,PRO,PRO
35,HIS,HIS,HIS,HIS,HIS,HIS,HIS,HIS,HIS,HIS,HIS,HIS,HIS,HIS,HIS,HIS,HIS,HIS,HIS,HIS,HIS,HIS,HIS,HIS,HIS,HIS,HIS,HIS,HIS,HIS,HIS,HIS,HIS,HIS,HIS,HIS,HIS,HIS,HIS,HIS,HIS,HIS,HIS,HIS,HIS
36,GLY,GLY,GLY,GLY,GLY,GLY,GLY,GLY,GLY,GLY,GLY,GLY,GLY,GLY,GLY,GLY,GLY,GLY,GLY,GLY,GLY,GLY,GLY,GLY,GLY,GLY,GLY,GLY,GLY,GLY,GLY,GLY,GLY,GLY,GLY,GLY,GLY,GLY,GLY,GLY,GLY,GLY,GLY,GLY,GLY
37,GLY,GLY,GLY,GLY,GLY,GLY,GLY,GLY,GLY,GLY,GLY,GLY,GLY,GLY,GLY,GLY,GLY,GLY,GLY,GLY,GLY,GLY,GLY,GLY,GLY,GLY,GLY,GLY,GLY,GLY,GLY,GLY,GLY,GLY,GLY,GLY,GLY,GLY,GLY,GLY,GLY,GLY,GLY,GLY,GLY
38,PHE,PHE,PHE,PHE,PHE,PHE,PHE,PHE,PHE,PHE,PHE,PHE,PHE,PHE,PHE,PHE,PHE,PHE,PHE,PHE,PHE,PHE,PHE,PHE,PHE,PHE,PHE,PHE,PHE,PHE,PHE,PHE,PHE,PHE,PHE,PHE,PHE,PHE,PHE,PHE,PHE,PHE,PHE,PHE,PHE
39,ASN,ASN,ASN,ASN,ASN,ASN,ASN,ASN,ASN,ASN,ASN,ASN,ASN,ASN,ASN,ASN,ASN,ASN,ASN,ASN,ASN,ASN,ASN,ASN,ASN,ASN,ASN,ASN,ASN,ASN,ASN,ASN,ASN,ASN,ASN,ASN,ASN,ASN,ASN,ASN,ASN,ASN,ASN,ASN,ASN
40,TYR,TYR,TYR,TYR,TYR,TYR,TYR,TYR,TYR,TYR,TYR,TYR,TYR,TYR,TYR,TYR,TYR,TYR,TYR,TYR,TYR,TYR,TYR,TYR,TYR,TYR,TYR,TYR,TYR,TYR,TYR,TYR,TYR,TYR,TYR,TYR,TYR,TYR,TYR,TYR,TYR,TYR,TYR,TYR,TYR
41,ILE,ILE,ILE,ILE,ILE,ILE,ILE,ILE,ILE,ILE,ILE,ILE,ILE,ILE,ILE,ILE,ILE,ILE,ILE,ILE,ILE,ILE,ILE,ILE,ILE,ILE,ILE,ILE,ILE,ILE,ILE,ILE,ILE,ILE,ILE,ILE,ILE,ILE,ILE,ILE,ILE,ILE,ILE,ILE,ILE
42,ALA,ALA,ALA,ALA,ALA,ALA,ALA,ALA,ALA,ALA,ALA,ALA,ALA,ALA,ALA,ALA,ALA,ALA,ALA,ALA,ALA,ALA,ALA,ALA,ALA,ALA,ALA,ALA,ALA,ALA,ALA,ALA,ALA,ALA,ALA,ALA,ALA,ALA,ALA,ALA,ALA,ALA,ALA,ALA,ALA
43,GLY,GLY,GLY,GLY,GLY,GLY,GLY,GLY,GLY,GLY,GLY,GLY,GLY,GLY,GLY,GLY,GLY,GLY,GLY,GLY,GLY,GLY,GLY,GLY,GLY,GLY,GLY,GLY,GLY,GLY,GLY,GLY,GLY,GLY,GLY,GLY,GLY,GLY,GLY,GLY,GLY,GLY,GLY,GLY,GLY
44,ALA,ALA,ALA,ALA,ALA,ALA,ALA,ALA,ALA,ALA,ALA,ALA,ALA,ALA,ALA,ALA,ALA,ALA,ALA,ALA,ALA,ALA,ALA,ALA,ALA,ALA,ALA,ALA,ALA,ALA,ALA,ALA,ALA,ALA,ALA,ALA,ALA,ALA,ALA,ALA,ALA,ALA,ALA,ALA,ALA
45,SER,SER,SER,SER,SER,SER,SER,SER,SER,SER,SER,SER,SER,SER,SER,SER,SER,SER,SER,SER,SER,SER,SER,SER,SER,SER,SER,SER,SER,SER,SER,SER,SER,SER,SER,SER,SER,SER,SER,SER,SER,SER,SER,SER,SER
46,GLY,GLY,GLY,GLY,GLY,GLY,GLY,GLY,GLY,GLY,GLY,GLY,GLY,GLY,GLY,GLY,GLY,GLY,GLY,GLY,GLY,GLY,GLY,GLY,GLY,GLY,GLY,GLY,GLY,GLY,GLY,GLY,GLY,GLY,GLY,GLY,GLY,GLY,GLY,GLY,GLY,GLY,GLY,GLY,GLY
47,ASP,ASP,ASP,ASP,ASP,ASP,ASP,ASP,ASP,ASP,ASP,ASP,ASP,ASP,ASP,ASP,ASP,ASP,ASP,ASP,ASP,ASP,ASP,ASP,ASP,ASP,ASP,ASP,ASP,ASP,ASP,ASP,ASP,ASP,ASP,ASP,ASP,ASP,ASP,ASP,ASP,ASP,ASP,ASP,ASP
48,GLU,GLU,GLU,GLU,GLU,GLU,GLU,GLU,GLU,GLU,GLU,GLU,GLU,GLU,GLU,GLU,GLU,GLU,GLU,GLU,GLU,GLU,GLU,GLU,GLU,GLU,GLU,GLU,GLU,GLU,GLU,GLU,GLU,GLU,GLU,GLU,GLU,GLU,GLU,GLU,GLU,GLU,GLU,GLU,GLU
49,TRP,TRP,TRP,TRP,TRP,TRP,TRP,TRP,TRP,TRP,TRP,TRP,TRP,TRP,TRP,TRP,TRP,TRP,TRP,TRP,TRP,TRP,TRP,TRP,TRP,TRP,TRP,TRP,TRP,TRP,TRP,TRP,TRP,TRP,TRP,TRP,TRP,TRP,TRP,TRP,TRP,TRP,TRP,TRP,TRP
50,THR,THR,THR,THR,THR,THR,THR,THR,THR,THR,THR,THR,THR,THR,THR,THR,THR,THR,THR,THR,THR,THR,THR,THR,THR,THR,THR,THR,THR,THR,THR,THR,THR,THR,THR,THR,THR,THR,THR,THR,THR,THR,THR,THR,THR
51,LYS,LYS,LYS,LYS,LYS,LYS,LYS,LYS,LYS,LYS,LYS,LYS,LYS,LYS,LYS,LYS,LYS,LYS,LYS,LYS,LYS,LYS,LYS,LYS,LYS,LYS,LYS,LYS,LYS,LYS,LYS,LYS,LYS,LYS,LYS,LYS,LYS,LYS,LYS,LYS,LYS,LYS,LYS,LYS,LYS
52,ARG,ARG,ARG,ARG,ARG,ARG,ARG,ARG,ARG,ARG,ARG,ARG,ARG,ARG,ARG,ARG,ARG,ARG,ARG,ARG,ARG,ARG,ARG,ARG,ARG,ARG,ARG,ARG,ARG,ARG,ARG,ARG,ARG,ARG,ARG,ARG,ARG,ARG,ARG,ARG,ARG,ARG,ARG,ARG,ARG
53,ALA,ALA,ALA,ALA,ALA,ALA,ALA,ALA,ALA,ALA,ALA,ALA,ALA,ALA,ALA,ALA,ALA,ALA,ALA,ALA,ALA,ALA,ALA,ALA,ALA,ALA,ALA,ALA,ALA,ALA,ALA,ALA,ALA,ALA,ALA,ALA,ALA,ALA,ALA,ALA,ALA,ALA,ALA,ALA,ALA
54,ASN,ASN,ASN,ASN,ASN,ASN,ASN,ASN,ASN,ASN,ASN,ASN,ASN,ASN,ASN,ASN,ASN,ASN,ASN,ASN,ASN,ASN,ASN,ASN,ASN,ASN,ASN,ASN,ASN,ASN,ASN,ASN,ASN,ASN,ASN,ASN,ASN,ASN,ASN,ASN,ASN,ASN,ASN,ASN,ASN
55,ASP,ASP,ASP,ASP,ASP,ASP,ASP,ASP,ASP,ASP,ASP,ASP,ASP,ASP,ASP,ASP,ASP,ASP,ASP,ASP,ASP,ASP,ASP,ASP,ASP,ASP,ASP,ASP,ASP,ASP,ASP,ASP,ASP,ASP,ASP,ASP,ASP,ASP,ASP,ASP,ASP,ASP,ASP,ASP,ASP
56,ARG,ARG,ARG,ARG,ARG,ARG,ARG,ARG,ARG,ARG,ARG,ARG,ARG,ARG,ARG,ARG,ARG,ARG,ARG,ARG,ARG,ARG,ARG,ARG,ARG,ARG,ARG,ARG,ARG,ARG,ARG,ARG,ARG,ARG,ARG,ARG,ARG,ARG,ARG,ARG,ARG,ARG,ARG,ARG,ARG
57,ALA,ALA,ALA,ALA,ALA,ALA,ALA,ALA,ALA,ALA,ALA,ALA,ALA,ALA,ALA,ALA,ALA,ALA,ALA,ALA,ALA,ALA,ALA,ALA,ALA,ALA,ALA,ALA,ALA,ALA,ALA,ALA,ALA,ALA,ALA,ALA,ALA,ALA,ALA,ALA,ALA,ALA,ALA,ALA,ALA
58,TRP,TRP,TRP,TRP,TRP,TRP,TRP,TRP,TRP,TRP,TRP,TRP,TRP,TRP,TRP,TRP,TRP,TRP,TRP,TRP,TRP,TRP,TRP,TRP,TRP,TRP,TRP,TRP,TRP,TRP,TRP,TRP,TRP,TRP,TRP,TRP,TRP,TRP,TRP,TRP,TRP,TRP,TRP,TRP,TRP
59,LYS,LYS,LYS,LYS,LYS,LYS,LYS,LYS,LYS,LYS,LYS,LYS,LYS,LYS,LYS,LYS,LYS,LYS,LYS,LYS,LYS,LYS,LYS,LYS,LYS,LYS,LYS,LYS,LYS,LYS,LYS,LYS,LYS,LYS,LYS,LYS,LYS,LYS,LYS,LYS,LYS,LYS,LYS,LYS,LYS
60,HIS,HIS,HIS,HIS,HIS,HIS,HIS,HIS,HIS,HIS,HIS,HIS,HIS,HIS,HIS,HIS,HIS,HIS,HIS,HIS,HIS,HIS,HIS,HIS,HIS,HIS,HIS,HIS,HIS,HIS,HIS,HIS,HIS,HIS,HIS,HIS,HIS,HIS,HIS,HIS,HIS,HIS,HIS,HIS,HIS
61,LYS,LYS,LYS,LYS,LYS,LYS,LYS,LYS,LYS,LYS,LYS,LYS,LYS,LYS,LYS,LYS,LYS,LYS,LYS,LYS,LYS,LYS,LYS,LYS,LYS,LYS,LYS,LYS,LYS,LYS,LYS,LYS,LYS,LYS,LYS,LYS,LYS,LYS,LYS,LYS,LYS,LYS,LYS,LYS,LYS
62,LEU,LEU,LEU,LEU,LEU,LEU,LEU,LEU,LEU,LEU,LEU,LEU,LEU,LEU,LEU,LEU,LEU,LEU,LEU,LEU,LEU,LEU,LEU,LEU,LEU,LEU,LEU,LEU,LEU,LEU,LEU,LEU,LEU,LEU,LEU,LEU,LEU,LEU,LEU,LEU,LEU,LEU,LEU,LEU,LEU
63,LEU,LEU,LEU,LEU,LEU,LEU,LEU,LEU,LEU,LEU,LEU,LEU,LEU,LEU,LEU,LEU,LEU,LEU,LEU,LEU,LEU,LEU,LEU,LEU,LEU,LEU,LEU,LEU,LEU,LEU,LEU,LEU,LEU,LEU,LEU,LEU,LEU,LEU,LEU,LEU,LEU,LEU,LEU,LEU,LEU
64,TYR,TYR,TYR,TYR,TYR,TYR,TYR,TYR,TYR,TYR,TYR,TYR,TYR,TYR,TYR,TYR,TYR,TYR,TYR,TYR,TYR,TYR,TYR,TYR,TYR,TYR,TYR,TYR,TYR,TYR,TYR,TYR,TYR,TYR,TYR,TYR,TYR,TYR,TYR,TYR,TYR,TYR,TYR,TYR,TYR
65,PRO,PRO,PRO,PRO,PRO,PRO,PRO,PRO,PRO,PRO,PRO,PRO,PRO,PRO,PRO,PRO,PRO,PRO,PRO,PRO,PRO,PRO,PRO,PRO,PRO,PRO,PRO,PRO,PRO,PRO,PRO,PRO,PRO,PRO,PRO,PRO,PRO,PRO,PRO,PRO,PRO,PRO,PRO,PRO,PRO
66,ARG,ARG,ARG,ARG,ARG,ARG,ARG,ARG,ARG,ARG,ARG,ARG,ARG,ARG,ARG,ARG,ARG,ARG,ARG,ARG,ARG,ARG,ARG,ARG,ARG,ARG,ARG,ARG,ARG,ARG,ARG,ARG,ARG,ARG,ARG,ARG,ARG,ARG,ARG,ARG,ARG,ARG,ARG,ARG,ARG
67,LEU,LEU,LEU,LEU,LEU,LEU,LEU,LEU,LEU,LEU,LEU,LEU,LEU,LEU,LEU,LEU,LEU,LEU,LEU,LEU,LEU,LEU,LEU,LEU,LEU,LEU,LEU,LEU,LEU,LEU,LEU,LEU,LEU,LEU,LEU,LEU,LEU,LEU,LEU,LEU,LEU,LEU,LEU,LEU,LEU
68,ALA,ALA,ALA,ALA,ALA,ALA,ALA,ALA,ALA,ALA,ALA,ALA,ALA,ALA,ALA,ALA,ALA,ALA,ALA,ALA,ALA,ALA,ALA,ALA,ALA,ALA,ALA,ALA,ALA,ALA,ALA,ALA,ALA,ALA,ALA,ALA,ALA,ALA,ALA,ALA,ALA,ALA,ALA,ALA,ALA
69,GLN,GLN,GLN,GLN,GLN,GLN,GLN,GLN,GLN,GLN,GLN,GLN,GLN,GLN,GLN,GLN,GLN,GLN,GLN,GLN,GLN,GLN,GLN,GLN,GLN,GLN,GLN,GLN,GLN,GLN,GLN,GLN,GLN,GLN,GLN,GLN,GLN,GLN,GLN,GLN,GLN,GLN,GLN,GLN,GLN
70,ASP,ASP,ASP,ASP,ASP,ASP,ASP,ASP,ASP,ASP,ASP,ASP,ASP,ASP,ASP,ASP,ASP,ASP,ASP,ASP,ASP,ASP,ASP,ASP,ASP,ASP,ASP,ASP,ASP,ASP,ASP,ASP,ASP,ASP,ASP,ASP,ASP,ASP,ASP,ASP,ASP,ASP,ASP,ASP,ASP
71,VAL,VAL,VAL,VAL,VAL,VAL,VAL,VAL,VAL,VAL,VAL,VAL,VAL,VAL,VAL,VAL,VAL,VAL,VAL,VAL,VAL,VAL,VAL,VAL,VAL,VAL,VAL,VAL,VAL,VAL,VAL,VAL,VAL,VAL,VAL,VAL,VAL,VAL,VAL,VAL,VAL,VAL,VAL,VAL,VAL
72,GLU,GLU,GLU,GLU,GLU,GLU,GLU,GLU,GLU,GLU,GLU,GLU,GLU,GLU,GLU,GLU,GLU,GLU,GLU,GLU,GLU,GLU,GLU,GLU,GLU,GLU,GLU,GLU,GLU,GLU,GLU,GLU,GLU,GLU,GLU,GLU,GLU,GLU,GLU,GLU,GLU,GLU,GLU,GLU,GLU
73,ALA,ALA,ALA,ALA,ALA,ALA,ALA,ALA,ALA,ALA,ALA,ALA,ALA,ALA,ALA,ALA,ALA,ALA,ALA,ALA,ALA,ALA,ALA,ALA,ALA,ALA,ALA,ALA,ALA,ALA,ALA,ALA,ALA,ALA,ALA,ALA,ALA,ALA,ALA,ALA,ALA,ALA,ALA,ALA,ALA
74,PRO,PRO,PRO,PRO,PRO,PRO,PRO,PRO,PRO,PRO,PRO,PRO,PRO,PRO,PRO,PRO,PRO,PRO,PRO,PRO,PRO,PRO,PRO,PRO,PRO,PRO,PRO,PRO,PRO,PRO,PRO,PRO,PRO,PRO,PRO,PRO,PRO,PRO,PRO,PRO,PRO,PRO,PRO,PRO,PRO
75,ASP,ASP,ASP,ASP,ASP,ASP,ASP,ASP,ASP,ASP,ASP,ASP,ASP,ASP,ASP,ASP,ASP,ASP,ASP,ASP,ASP,ASP,ASP,ASP,ASP,ASP,ASP,ASP,ASP,ASP,ASP,ASP,ASP,ASP,ASP,ASP,ASP,ASP,ASP,ASP,ASP,ASP,ASP,ASP,ASP
76,THR,THR,THR,THR,THR,THR,THR,THR,THR,THR,THR,THR,THR,THR,THR,THR,THR,THR,THR,THR,THR,THR,THR,THR,THR,THR,THR,THR,THR,THR,THR,THR,THR,THR,THR,THR,THR,THR,THR,THR,THR,THR,THR,THR,THR
77,SER,SER,SER,SER,SER,SER,SER,SER,SER,SER,SER,SER,SER,SER,SER,SER,SER,SER,SER,SER,SER,SER,SER,SER,SER,SER,SER,SER,SER,SER,SER,SER,SER,SER,SER,SER,SER,SER,SER,SER,SER,SER,SER,SER,SER
78,THR,THR,THR,THR,THR,THR,THR,THR,THR,THR,THR,THR,THR,THR,THR,THR,THR,THR,THR,THR,THR,THR,THR,THR,THR,THR,THR,THR,THR,THR,THR,THR,THR,THR,THR,THR,THR,THR,THR,THR,THR,THR,THR,THR,THR
79,GLU,GLU,GLU,GLU,GLU,GLU,GLU,GLU,GLU,GLU,GLU,GLU,GLU,GLU,GLU,GLU,GLU,GLU,GLU,GLU,GLU,GLU,GLU,GLU,GLU,GLU,GLU,GLU,GLU,GLU,GLU,GLU,GLU,GLU,GLU,GLU,GLU,GLU,GLU,GLU,GLU,GLU,GLU,GLU,GLU
80,ILE,ILE,ILE,ILE,ILE,ILE,ILE,ILE,ILE,ILE,ILE,ILE,ILE,ILE,ILE,ILE,ILE,ILE,ILE,ILE,ILE,ILE,ILE,ILE,ILE,ILE,ILE,ILE,ILE,ILE,ILE,ILE,ILE,ILE,ILE,ILE,ILE,ILE,ILE,ILE,ILE,ILE,ILE,ILE,ILE
81,LEU,LEU,LEU,LEU,LEU,LEU,LEU,LEU,LEU,LEU,LEU,LEU,LEU,LEU,LEU,LEU,LEU,LEU,LEU,LEU,LEU,LEU,LEU,LEU,LEU,LEU,LEU,LEU,LEU,LEU,LEU,LEU,LEU,LEU,LEU,LEU,LEU,LEU,LEU,LEU,LEU,LEU,LEU,LEU,LEU
82,GLY,GLY,GLY,GLY,GLY,GLY,GLY,GLY,GLY,GLY,GLY,GLY,GLY,GLY,GLY,GLY,GLY,GLY,GLY,GLY,GLY,GLY,GLY,GLY,GLY,GLY,GLY,GLY,GLY,GLY,GLY,GLY,GLY,GLY,GLY,GLY,GLY,GLY,GLY,GLY,GLY,GLY,GLY,GLY,GLY
83,HIS,HIS,HIS,HIS,HIS,HIS,HIS,HIS,HIS,HIS,HIS,HIS,HIS,HIS,HIS,HIS,HIS,HIS,HIS,HIS,HIS,HIS,HIS,HIS,HIS,HIS,HIS,HIS,HIS,HIS,HIS,HIS,HIS,HIS,HIS,HIS,HIS,HIS,HIS,HIS,HIS,HIS,HIS,HIS,HIS
84,LYS,LYS,LYS,LYS,LYS,LYS,LYS,LYS,LYS,LYS,LYS,LYS,LYS,LYS,LYS,LYS,LYS,LYS,LYS,LYS,LYS,LYS,LYS,LYS,LYS,LYS,LYS,LYS,LYS,LYS,LYS,LYS,LYS,LYS,LYS,LYS,LYS,LYS,LYS,LYS,LYS,LYS,LYS,LYS,LYS
85,ILE,ILE,ILE,ILE,ILE,ILE,ILE,ILE,ILE,ILE,ILE,ILE,ILE,ILE,ILE,ILE,ILE,ILE,ILE,ILE,ILE,ILE,ILE,ILE,ILE,ILE,ILE,ILE,ILE,ILE,ILE,ILE,ILE,ILE,ILE,ILE,ILE,ILE,ILE,ILE,ILE,ILE,ILE,ILE,ILE
86,LYS,LYS,LYS,LYS,LYS,LYS,LYS,LYS,LYS,LYS,LYS,LYS,LYS,LYS,LYS,LYS,LYS,LYS,LYS,LYS,LYS,LYS,LYS,LYS,LYS,LYS,LYS,LYS,LYS,LYS,LYS,LYS,LYS,LYS,LYS,LYS,LYS,LYS,LYS,LYS,LYS,LYS,LYS,LYS,LYS
87,ALA,ALA,ALA,ALA,ALA,ALA,ALA,ALA,ALA,ALA,ALA,ALA,ALA,ALA,ALA,ALA,ALA,ALA,ALA,ALA,ALA,ALA,ALA,ALA,ALA,ALA,ALA,ALA,ALA,ALA,ALA,ALA,ALA,ALA,ALA,ALA,ALA,ALA,ALA,ALA,ALA,ALA,ALA,ALA,ALA
88,PRO,PRO,PRO,PRO,PRO,PRO,PRO,PRO,PRO,PRO,PRO,PRO,PRO,PRO,PRO,PRO,PRO,PRO,PRO,PRO,PRO,PRO,PRO,PRO,PRO,PRO,PRO,PRO,PRO,PRO,PRO,PRO,PRO,PRO,PRO,PRO,PRO,PRO,PRO,PRO,PRO,PRO,PRO,PRO,PRO
89,PHE,PHE,PHE,PHE,PHE,PHE,PHE,PHE,PHE,PHE,PHE,PHE,PHE,PHE,PHE,PHE,PHE,PHE,PHE,PHE,PHE,PHE,PHE,PHE,PHE,PHE,PHE,PHE,PHE,PHE,PHE,PHE,PHE,PHE,PHE,PHE,PHE,PHE,PHE,PHE,PHE,PHE,PHE,PHE,PHE
90,ILE,ILE,ILE,ILE,ILE,ILE,ILE,ILE,ILE,ILE,ILE,ILE,ILE,ILE,ILE,ILE,ILE,ILE,ILE,ILE,ILE,ILE,ILE,ILE,ILE,ILE,ILE,ILE,ILE,ILE,ILE,ILE,ILE,ILE,ILE,ILE,ILE,ILE,ILE,ILE,ILE,ILE,ILE,ILE,ILE
91,MET,MET,MET,MET,MET,MET,MET,MET,MET,MET,MET,MET,MET,MET,MET,MET,MET,MET,MET,MET,MET,MET,MET,MET,MET,MET,MET,MET,MET,MET,MET,MET,MET,MET,MET,MET,MET,MET,MET,MET,MET,MET,MET,MET,MET
92,ALA,ALA,ALA,ALA,ALA,ALA,ALA,ALA,ALA,ALA,ALA,ALA,ALA,ALA,ALA,ALA,ALA,ALA,ALA,ALA,ALA,ALA,ALA,ALA,ALA,ALA,ALA,ALA,ALA,ALA,ALA,ALA,ALA,ALA,ALA,ALA,ALA,ALA,ALA,ALA,ALA,ALA,ALA,ALA,ALA
93,PRO,PRO,PRO,PRO,PRO,PRO,PRO,PRO,PRO,PRO,PRO,PRO,PRO,PRO,PRO,PRO,PRO,PRO,PRO,PRO,PRO,PRO,PRO,PRO,PRO,PRO,PRO,PRO,PRO,PRO,PRO,PRO,PRO,PRO,PRO,PRO,PRO,PRO,PRO,PRO,PRO,PRO,PRO,PRO,PRO
94,ILE,ILE,ILE,ILE,ILE,ILE,ILE,ILE,ILE,ILE,ILE,ILE,ILE,ILE,ILE,ILE,ILE,ILE,ILE,ILE,ILE,ILE,ILE,ILE,ILE,ILE,ILE,ILE,ILE,ILE,ILE,ILE,ILE,ILE,ILE,ILE,ILE,ILE,ILE,ILE,ILE,ILE,ILE,ILE,ILE
95,ALA,ALA,ALA,ALA,ALA,ALA,ALA,ALA,ALA,ALA,ALA,ALA,ALA,ALA,ALA,ALA,ALA,ALA,ALA,ALA,ALA,GLY,GLY,GLY,GLY,ALA,ALA,ALA,ALA,ALA,ALA,ALA,ALA,ALA,ALA,ALA,ALA,ALA,ALA,ALA,ALA,ALA,ALA,ALA,ALA
96,ALA,ALA,ALA,ALA,ALA,ALA,ALA,ALA,ALA,ALA,ALA,ALA,ALA,ALA,ALA,ALA,ALA,ALA,ALA,ALA,ALA,ALA,ALA,ALA,ALA,ALA,ALA,ALA,ALA,ALA,ALA,ALA,ALA,ALA,ALA,ALA,ALA,ALA,ALA,ALA,ALA,ALA,ALA,ALA,ALA
97,HIS,HIS,HIS,HIS,HIS,HIS,HIS,HIS,HIS,HIS,HIS,HIS,HIS,HIS,HIS,HIS,HIS,HIS,HIS,HIS,HIS,HIS,HIS,HIS,HIS,HIS,HIS,HIS,HIS,HIS,HIS,HIS,HIS,HIS,HIS,HIS,HIS,HIS,HIS,HIS,HIS,HIS,HIS,HIS,HIS
98,GLY,GLY,GLY,GLY,GLY,GLY,GLY,GLY,GLY,GLY,GLY,GLY,GLY,GLY,GLY,GLY,GLY,GLY,GLY,GLY,GLY,GLY,GLY,GLY,GLY,GLY,GLY,GLY,GLY,GLY,GLY,GLY,GLY,GLY,GLY,GLY,GLY,GLY,GLY,GLY,GLY,GLY,GLY,GLY,GLY
99,LEU,LEU,LEU,LEU,LEU,LEU,LEU,LEU,LEU,LEU,LEU,LEU,LEU,LEU,LEU,LEU,LEU,LEU,LEU,LEU,LEU,LEU,LEU,LEU,LEU,LEU,LEU,LEU,LEU,LEU,LEU,LEU,LEU,LEU,LEU,LEU,LEU,LEU,LEU,LEU,LEU,LEU,LEU,LEU,LEU
100,ALA,ALA,ALA,ALA,ALA,ALA,ALA,ALA,ALA,ALA,ALA,ALA,ALA,ALA,ALA,ALA,ALA,ALA,ALA,ALA,ALA,ALA,ALA,ALA,ALA,ALA,ALA,ALA,ALA,ALA,ALA,ALA,ALA,ALA,ALA,ALA,ALA,ALA,ALA,ALA,ALA,ALA,ALA,ALA,ALA
101,HIS,HIS,HIS,HIS,HIS,HIS,HIS,HIS,HIS,HIS,HIS,HIS,HIS,HIS,HIS,HIS,HIS,HIS,HIS,HIS,HIS,HIS,HIS,HIS,HIS,HIS,HIS,HIS,HIS,HIS,HIS,HIS,HIS,HIS,HIS,HIS,HIS,HIS,HIS,HIS,HIS,HIS,HIS,HIS,HIS
102,THR,THR,THR,THR,THR,THR,THR,THR,THR,THR,THR,THR,THR,THR,THR,THR,THR,THR,THR,THR,THR,ALA,ALA,ALA,ALA,ALA,ALA,ALA,ALA,ALA,ALA,ALA,ALA,ALA,ALA,ALA,ALA,THR,THR,THR,THR,THR,THR,THR,THR
103,THR,THR,THR,THR,THR,THR,THR,THR,THR,THR,THR,THR,THR,THR,THR,THR,THR,THR,THR,THR,THR,THR,THR,THR,THR,THR,THR,THR,THR,THR,THR,THR,THR,THR,THR,THR,THR,THR,THR,THR,THR,THR,THR,THR,THR
104,LYS,LYS,LYS,LYS,LYS,LYS,LYS,LYS,LYS,LYS,LYS,LYS,LYS,LYS,LYS,LYS,LYS,LYS,LYS,LYS,LYS,LYS,LYS,LYS,LYS,LYS,LYS,LYS,LYS,LYS,LYS,LYS,LYS,LYS,LYS,LYS,LYS,LYS,LYS,LYS,LYS,LYS,LYS,LYS,LYS
105,GLU,GLU,GLU,GLU,GLU,GLU,GLU,GLU,GLU,GLU,GLU,GLU,GLU,GLU,GLU,GLU,GLU,GLU,GLU,GLU,GLU,GLU,GLU,GLU,GLU,GLU,GLU,GLU,GLU,GLU,GLU,GLU,GLU,GLU,GLU,GLU,GLU,GLU,GLU,GLU,GLU,GLU,GLU,GLU,GLU
106,ALA,ALA,ALA,ALA,ALA,ALA,ALA,ALA,ALA,ALA,ALA,ALA,ALA,ALA,ALA,ALA,ALA,ALA,ALA,ALA,ALA,ALA,ALA,ALA,ALA,ALA,ALA,ALA,ALA,ALA,ALA,ALA,ALA,ALA,ALA,ALA,ALA,ALA,ALA,ALA,ALA,ALA,ALA,ALA,ALA
107,GLY,GLY,GLY,GLY,GLY,GLY,GLY,GLY,GLY,GLY,GLY,GLY,GLY,GLY,GLY,GLY,GLY,GLY,GLY,GLY,GLY,GLY,GLY,GLY,GLY,GLY,GLY,GLY,GLY,GLY,GLY,GLY,GLY,GLY,GLY,GLY,GLY,GLY,GLY,GLY,GLY,GLY,GLY,GLY,GLY
108,THR,THR,THR,THR,THR,THR,THR,THR,THR,THR,THR,THR,THR,THR,THR,THR,THR,THR,THR,THR,THR,THR,THR,THR,THR,THR,THR,THR,THR,THR,THR,THR,THR,THR,THR,THR,THR,THR,THR,THR,THR,THR,THR,THR,THR
109,ALA,ALA,ALA,ALA,ALA,ALA,ALA,ALA,ALA,ALA,ALA,ALA,ALA,ALA,ALA,ALA,ALA,ALA,ALA,ALA,ALA,ALA,ALA,ALA,ALA,ALA,ALA,ALA,ALA,ALA,ALA,ALA,ALA,ALA,ALA,ALA,ALA,ALA,ALA,ALA,ALA,ALA,ALA,ALA,ALA
110,ARG,ARG,ARG,ARG,ARG,ARG,ARG,ARG,ARG,ARG,ARG,ARG,ARG,ARG,ARG,ARG,ARG,ARG,ARG,ARG,ARG,ARG,ARG,ARG,ARG,ARG,ARG,ARG,ARG,ARG,ARG,ARG,ARG,ARG,ARG,ARG,ARG,ARG,ARG,ARG,ARG,ARG,ARG,ARG,ARG
111,ALA,ALA,ALA,ALA,ALA,ALA,ALA,ALA,ALA,ALA,ALA,ALA,ALA,ALA,ALA,ALA,ALA,ALA,ALA,ALA,ALA,ALA,ALA,ALA,ALA,ALA,ALA,ALA,ALA,ALA,ALA,ALA,ALA,ALA,ALA,ALA,ALA,ALA,ALA,ALA,ALA,ALA,ALA,ALA,ALA
112,VAL,VAL,VAL,VAL,VAL,VAL,VAL,VAL,VAL,VAL,VAL,VAL,VAL,VAL,VAL,VAL,VAL,VAL,VAL,VAL,VAL,VAL,VAL,VAL,VAL,VAL,VAL,VAL,VAL,VAL,VAL,VAL,VAL,VAL,VAL,VAL,VAL,VAL,VAL,VAL,VAL,VAL,VAL,VAL,VAL
113,SER,SER,SER,SER,SER,SER,SER,SER,SER,SER,SER,SER,SER,SER,SER,SER,SER,SER,SER,SER,SER,SER,SER,SER,SER,SER,SER,SER,SER,SER,SER,SER,SER,SER,SER,SER,SER,SER,SER,SER,SER,SER,SER,SER,SER
114,GLU,GLU,GLU,GLU,GLU,GLU,GLU,GLU,GLU,GLU,GLU,GLU,GLU,GLU,GLU,GLU,GLU,GLU,GLU,GLU,GLU,GLU,GLU,GLU,GLU,GLU,GLU,GLU,GLU,GLU,GLU,GLU,GLU,GLU,GLU,GLU,GLU,GLU,GLU,GLU,GLU,GLU,GLU,GLU,GLU
115,PHE,PHE,PHE,PHE,PHE,PHE,PHE,PHE,PHE,PHE,PHE,PHE,PHE,PHE,PHE,PHE,PHE,PHE,PHE,PHE,PHE,PHE,PHE,PHE,PHE,PHE,PHE,PHE,PHE,PHE,PHE,PHE,PHE,PHE,PHE,PHE,PHE,PHE,PHE,PHE,PHE,PHE,PHE,PHE,PHE
116,GLY,GLY,GLY,GLY,GLY,GLY,GLY,GLY,GLY,GLY,GLY,GLY,GLY,GLY,GLY,GLY,GLY,GLY,GLY,GLY,GLY,GLY,GLY,GLY,GLY,GLY,GLY,GLY,GLY,GLY,GLY,GLY,GLY,GLY,GLY,GLY,GLY,GLY,GLY,GLY,GLY,GLY,GLY,GLY,GLY
117,THR,THR,THR,THR,THR,THR,THR,THR,THR,THR,THR,THR,THR,THR,THR,THR,THR,THR,THR,THR,THR,THR,THR,THR,THR,THR,THR,THR,THR,THR,THR,THR,THR,THR,THR,THR,THR,THR,THR,THR,THR,THR,THR,THR,THR
118,ILE,ILE,ILE,ILE,ILE,ILE,ILE,ILE,ILE,ILE,ILE,ILE,ILE,ILE,ILE,ILE,ILE,ILE,ILE,ILE,ILE,ILE,ILE,ILE,ILE,ILE,ILE,ILE,ILE,ILE,ILE,ILE,ILE,ILE,ILE,ILE,ILE,ILE,ILE,ILE,ILE,ILE,ILE,ILE,ILE
119,MET,MET,MET,MET,MET,MET,MET,MET,MET,MET,MET,MET,MET,MET,MET,MET,MET,MET,MET,MET,MET,MET,MET,MET,MET,MET,MET,MET,MET,MET,MET,MET,MET,MET,MET,MET,MET,MET,MET,MET,MET,MET,MET,MET,MET
120,SER,SER,SER,SER,SER,SER,SER,SER,SER,SER,SER,SER,SER,SER,SER,SER,SER,SER,SER,SER,SER,SER,SER,SER,SER,SER,SER,SER,SER,SER,SER,SER,SER,SER,SER,SER,SER,SER,SER,SER,SER,SER,SER,SER,SER
121,ILE,ILE,ILE,ILE,ILE,ILE,ILE,ILE,ILE,ILE,ILE,ILE,ILE,ILE,ILE,ILE,ILE,ILE,ILE,ILE,ILE,ILE,ILE,ILE,ILE,ILE,ILE,ILE,ILE,ILE,ILE,ILE,ILE,ILE,ILE,ILE,ILE,ILE,ILE,ILE,ILE,ILE,ILE,ILE,ILE
122,SER,SER,SER,SER,SER,SER,SER,SER,SER,SER,SER,SER,SER,SER,SER,SER,SER,SER,SER,SER,SER,SER,SER,SER,SER,SER,SER,SER,SER,SER,SER,SER,SER,SER,SER,SER,SER,SER,SER,SER,SER,SER,SER,SER,SER
123,ALA,ALA,ALA,ALA,ALA,ALA,ALA,ALA,ALA,ALA,ALA,ALA,ALA,ALA,ALA,ALA,ALA,ALA,ALA,ALA,ALA,ALA,ALA,ALA,ALA,ALA,ALA,ALA,ALA,ALA,ALA,ALA,ALA,ALA,ALA,ALA,ALA,ALA,ALA,ALA,ALA,ALA,ALA,ALA,ALA
124,TYR,TYR,TYR,TYR,TYR,TYR,TYR,TYR,TYR,TYR,TYR,TYR,TYR,TYR,TYR,TYR,TYR,TYR,TYR,TYR,TYR,TYR,TYR,TYR,TYR,TYR,TYR,TYR,TYR,TYR,TYR,TYR,TYR,TYR,TYR,TYR,TYR,TYR,TYR,TYR,TYR,TYR,TYR,TYR,TYR
125,SER,SER,SER,SER,SER,SER,SER,SER,SER,SER,SER,SER,SER,SER,SER,SER,SER,SER,SER,SER,SER,SER,SER,SER,SER,SER,SER,SER,SER,SER,SER,SER,SER,SER,SER,SER,SER,SER,SER,SER,SER,SER,SER,SER,SER
126,GLY,GLY,GLY,GLY,GLY,GLY,GLY,GLY,GLY,GLY,GLY,GLY,GLY,GLY,GLY,GLY,GLY,GLY,GLY,GLY,GLY,GLY,GLY,GLY,GLY,GLY,GLY,GLY,GLY,GLY,GLY,GLY,GLY,GLY,GLY,GLY,GLY,GLY,GLY,GLY,GLY,GLY,GLY,GLY,GLY
127,ALA,ALA,ALA,ALA,ALA,ALA,ALA,ALA,ALA,ALA,ALA,ALA,ALA,ALA,ALA,ALA,ALA,ALA,ALA,ALA,ALA,ALA,ALA,ALA,ALA,ALA,ALA,ALA,ALA,ALA,ALA,ALA,ALA,ALA,ALA,ALA,ALA,ALA,ALA,ALA,ALA,ALA,ALA,ALA,ALA
128,THR,THR,THR,THR,THR,THR,THR,THR,THR,THR,THR,THR,THR,THR,THR,THR,THR,THR,THR,THR,THR,THR,THR,THR,THR,THR,THR,THR,THR,THR,THR,THR,THR,THR,THR,THR,THR,THR,THR,THR,THR,THR,THR,THR,THR
129,PHE,PHE,PHE,PHE,PHE,PHE,PHE,PHE,PHE,PHE,PHE,PHE,PHE,PHE,PHE,PHE,PHE,PHE,PHE,PHE,PHE,PHE,PHE,PHE,PHE,PHE,PHE,PHE,PHE,PHE,PHE,PHE,PHE,PHE,PHE,PHE,PHE,PHE,PHE,PHE,PHE,PHE,PHE,PHE,PHE
130,GLU,GLU,GLU,GLU,GLU,GLU,GLU,GLU,GLU,GLU,GLU,GLU,GLU,GLU,GLU,GLU,GLU,GLU,GLU,GLU,GLU,GLU,GLU,GLU,GLU,GLU,GLU,GLU,GLU,GLU,GLU,GLU,GLU,GLU,GLU,GLU,GLU,GLU,GLU,GLU,GLU,GLU,GLU,GLU,GLU
131,GLU,GLU,GLU,GLU,GLU,GLU,GLU,GLU,GLU,GLU,GLU,GLU,GLU,GLU,GLU,GLU,GLU,GLU,GLU,GLU,GLU,GLU,GLU,GLU,GLU,GLU,GLU,GLU,GLU,GLU,GLU,GLU,GLU,GLU,GLU,GLU,GLU,GLU,GLU,GLU,GLU,GLU,GLU,GLU,GLU
132,ILE,ILE,ILE,ILE,ILE,ILE,ILE,ILE,ILE,ILE,ILE,ILE,ILE,ILE,ILE,ILE,ILE,ILE,ILE,ILE,ILE,ILE,ILE,ILE,ILE,ILE,ILE,ILE,ILE,ILE,ILE,ILE,ILE,ILE,ILE,ILE,ILE,ILE,ILE,ILE,ILE,ILE,ILE,ILE,ILE
133,SER,SER,SER,SER,SER,SER,SER,SER,SER,SER,SER,SER,SER,SER,SER,SER,SER,SER,SER,SER,SER,SER,SER,SER,SER,SER,SER,SER,SER,SER,SER,SER,SER,SER,SER,SER,SER,SER,SER,SER,SER,SER,SER,SER,SER
134,GLU,GLU,GLU,GLU,GLU,GLU,GLU,GLU,GLU,GLU,GLU,GLU,GLU,GLU,GLU,GLU,GLU,GLU,GLU,GLU,GLU,GLU,GLU,GLU,GLU,GLU,GLU,GLU,GLU,GLU,GLU,GLU,GLU,GLU,GLU,GLU,GLU,GLU,GLU,GLU,GLU,GLU,GLU,GLU,GLU
135,GLY,GLY,GLY,GLY,GLY,GLY,GLY,GLY,GLY,GLY,GLY,GLY,GLY,GLY,GLY,GLY,GLY,GLY,GLY,GLY,GLY,GLY,GLY,GLY,GLY,GLY,GLY,GLY,GLY,GLY,GLY,GLY,GLY,GLY,GLY,GLY,GLY,GLY,GLY,GLY,GLY,GLY,GLY,GLY,GLY
136,LEU,LEU,LEU,LEU,LEU,LEU,LEU,LEU,LEU,LEU,LEU,LEU,LEU,LEU,LEU,LEU,LEU,LEU,LEU,LEU,LEU,LEU,LEU,LEU,LEU,LEU,LEU,LEU,LEU,LEU,LEU,LEU,LEU,LEU,LEU,LEU,LEU,LEU,LEU,LEU,LEU,LEU,LEU,LEU,LEU
137,ASN,ASN,ASN,ASN,ASN,ASN,ASN,ASN,ASN,ASN,ASN,ASN,ASN,ASN,ASN,ASN,ASN,ASN,ASN,ASN,ASN,ASN,ASN,ASN,ASN,ASN,ASN,ASN,ASN,ASN,ASN,ASN,ASN,ASN,ASN,ASN,ASN,ASN,ASN,ASN,ASN,ASN,ASN,ASN,ASN
138,GLY,GLY,GLY,GLY,GLY,GLY,GLY,GLY,GLY,GLY,GLY,GLY,GLY,GLY,GLY,GLY,GLY,GLY,GLY,GLY,GLY,GLY,GLY,GLY,GLY,GLY,GLY,GLY,GLY,GLY,GLY,GLY,GLY,GLY,GLY,GLY,GLY,GLY,GLY,GLY,GLY,GLY,GLY,GLY,GLY
139,GLY,GLY,GLY,GLY,GLY,GLY,GLY,GLY,GLY,GLY,GLY,GLY,GLY,GLY,GLY,GLY,GLY,GLY,GLY,GLY,GLY,GLY,GLY,GLY,GLY,GLY,GLY,GLY,GLY,GLY,GLY,GLY,GLY,GLY,GLY,GLY,GLY,GLY,GLY,GLY,GLY,GLY,GLY,GLY,GLY
140,PRO,PRO,PRO,PRO,PRO,PRO,PRO,PRO,PRO,PRO,PRO,PRO,PRO,PRO,PRO,PRO,PRO,PRO,PRO,PRO,PRO,PRO,PRO,PRO,PRO,PRO,PRO,PRO,PRO,PRO,PRO,PRO,PRO,PRO,PRO,PRO,PRO,PRO,PRO,PRO,PRO,PRO,PRO,PRO,PRO
141,ARG,ARG,ARG,ARG,ARG,ARG,ARG,ARG,ARG,ARG,ARG,ARG,ARG,ARG,ARG,ARG,ARG,ARG,ARG,ARG,ARG,ARG,ARG,ARG,ARG,ARG,ARG,ARG,ARG,ARG,ARG,ARG,ARG,ARG,ARG,ARG,ARG,ARG,ARG,ARG,ARG,ARG,ARG,ARG,ARG
142,TRP,TRP,TRP,TRP,TRP,TRP,TRP,TRP,TRP,TRP,TRP,TRP,TRP,TRP,TRP,TRP,TRP,TRP,TRP,TRP,TRP,TRP,TRP,TRP,TRP,TRP,TRP,TRP,TRP,TRP,TRP,TRP,TRP,TRP,TRP,TRP,TRP,TRP,TRP,TRP,TRP,TRP,TRP,TRP,TRP
143,PHE,PHE,PHE,PHE,PHE,PHE,PHE,PHE,PHE,PHE,PHE,PHE,PHE,PHE,PHE,PHE,PHE,PHE,PHE,PHE,PHE,PHE,PHE,PHE,PHE,PHE,PHE,PHE,PHE,PHE,PHE,PHE,PHE,PHE,PHE,PHE,PHE,PHE,PHE,PHE,PHE,PHE,PHE,PHE,PHE
144,GLN,GLN,GLN,GLN,GLN,GLN,GLN,GLN,GLN,GLN,GLN,GLN,GLN,GLN,GLN,GLN,GLN,GLN,GLN,GLN,GLN,GLN,GLN,GLN,GLN,GLN,GLN,GLN,GLN,GLN,GLN,GLN,GLN,GLN,GLN,GLN,GLN,GLN,GLN,GLN,GLN,GLN,GLN,GLN,GLN
145,ILE,ILE,ILE,ILE,ILE,ILE,ILE,ILE,ILE,ILE,ILE,ILE,ILE,ILE,ILE,ILE,ILE,ILE,ILE,ILE,ILE,ILE,ILE,ILE,ILE,ILE,ILE,ILE,ILE,ILE,ILE,ILE,ILE,ILE,ILE,ILE,ILE,ILE,ILE,ILE,ILE,ILE,ILE,ILE,ILE
146,TYR,TYR,TYR,TYR,TYR,TYR,TYR,TYR,TYR,TYR,TYR,TYR,TYR,TYR,TYR,TYR,TYR,TYR,TYR,TYR,TYR,TYR,TYR,TYR,TYR,TYR,TYR,TYR,TYR,TYR,TYR,TYR,TYR,TYR,TYR,TYR,TYR,TYR,TYR,TYR,TYR,TYR,TYR,TYR,TYR
147,MET,MET,MET,MET,MET,MET,MET,MET,MET,MET,MET,MET,MET,MET,MET,MET,MET,MET,MET,MET,MET,MET,MET,MET,MET,MET,MET,MET,MET,MET,MET,MET,MET,MET,MET,MET,MET,MET,MET,MET,MET,MET,MET,MET,MET
148,ALA,ALA,ALA,ALA,ALA,ALA,ALA,ALA,ALA,ALA,ALA,ALA,ALA,ALA,ALA,ALA,ALA,ALA,ALA,ALA,ALA,ALA,ALA,ALA,ALA,ALA,ALA,ALA,ALA,ALA,ALA,ALA,ALA,ALA,ALA,ALA,ALA,ALA,ALA,ALA,ALA,ALA,ALA,ALA,ALA
149,LYS,LYS,LYS,LYS,LYS,LYS,LYS,LYS,LYS,LYS,LYS,LYS,LYS,LYS,LYS,LYS,LYS,LYS,LYS,LYS,LYS,LYS,LYS,LYS,LYS,LYS,LYS,LYS,LYS,LYS,LYS,LYS,LYS,LYS,LYS,LYS,LYS,LYS,LYS,LYS,LYS,LYS,LYS,LYS,LYS
150,ASP,ASP,ASP,ASP,ASP,ASP,ASP,ASP,ASP,ASP,ASP,ASP,ASP,ASP,ASP,ASP,ASP,ASP,ASP,ASP,ASP,ASP,ASP,ASP,ASP,ASP,ASP,ASP,ASP,ASP,ASP,ASP,ASP,ASP,ASP,ASP,ASP,ASP,ASP,ASP,ASP,ASP,ASP,ASP,ASP
151,ASP,ASP,ASP,ASP,ASP,ASP,ASP,ASP,ASP,ASP,ASP,ASP,ASP,ASP,ASP,ASP,ASP,ASP,ASP,ASP,ASP,ASP,ASP,ASP,ASP,ASP,ASP,ASP,ASP,ASP,ASP,ASP,ASP,ASP,ASP,ASP,ASP,ASP,ASP,ASP,ASP,ASP,ASP,ASP,ASP
152,GLN,GLN,GLN,GLN,GLN,GLN,GLN,GLN,GLN,GLN,GLN,GLN,GLN,GLN,GLN,GLN,GLN,GLN,GLN,GLN,GLN,GLN,GLN,GLN,GLN,GLN,GLN,GLN,GLN,GLN,GLN,GLN,GLN,GLN,GLN,GLN,GLN,GLN,GLN,GLN,GLN,GLN,GLN,GLN,GLN
153,GLN,GLN,GLN,GLN,GLN,GLN,GLN,GLN,GLN,GLN,GLN,GLN,GLN,GLN,GLN,GLN,GLN,GLN,GLN,GLN,GLN,GLN,GLN,GLN,GLN,GLN,GLN,GLN,GLN,GLN,GLN,GLN,GLN,GLN,GLN,GLN,GLN,GLN,GLN,GLN,GLN,GLN,GLN,GLN,GLN
154,ASN,ASN,ASN,ASN,ASN,ASN,ASN,ASN,ASN,ASN,ASN,ASN,ASN,ASN,ASN,ASN,ASN,ASN,ASN,ASN,ASN,ASN,ASN,ASN,ASN,ASN,ASN,ASN,ASN,ASN,ASN,ASN,ASN,ASN,ASN,ASN,ASN,ASN,ASN,ASN,ASN,ASN,ASN,ASN,ASN
155,ARG,ARG,ARG,ARG,ARG,ARG,ARG,ARG,ARG,ARG,ARG,ARG,ARG,ARG,ARG,ARG,ARG,ARG,ARG,ARG,ARG,ARG,ARG,ARG,ARG,ARG,ARG,ARG,ARG,ARG,ARG,ARG,ARG,ARG,ARG,ARG,ARG,ARG,ARG,ARG,ARG,ARG,ARG,ARG,ARG
156,ASP,ASP,ASP,ASP,ASP,ASP,ASP,ASP,ASP,ASP,ASP,ASP,ASP,ASP,ASP,ASP,ASP,ASP,ASP,ASP,ASP,ASP,ASP,ASP,ASP,ASP,ASP,ASP,ASP,ASP,ASP,ASP,ASP,ASP,ASP,ASP,ASP,ASP,ASP,ASP,ASP,ASP,ASP,ASP,ASP
157,ILE,ILE,ILE,ILE,ILE,ILE,ILE,ILE,ILE,ILE,ILE,ILE,ILE,ILE,ILE,ILE,ILE,ILE,ILE,ILE,ILE,ILE,ILE,ILE,ILE,ILE,ILE,ILE,ILE,ILE,ILE,ILE,ILE,ILE,ILE,ILE,ILE,ILE,ILE,ILE,ILE,ILE,ILE,ILE,ILE
158,LEU,LEU,LEU,LEU,LEU,LEU,LEU,LEU,LEU,LEU,LEU,LEU,LEU,LEU,LEU,LEU,LEU,LEU,LEU,LEU,LEU,LEU,LEU,LEU,LEU,LEU,LEU,LEU,LEU,LEU,LEU,LEU,LEU,LEU,LEU,LEU,LEU,LEU,LEU,LEU,LEU,LEU,LEU,LEU,LEU
159,ASP,ASP,ASP,ASP,ASP,ASP,ASP,ASP,ASP,ASP,ASP,ASP,ASP,ASP,ASP,ASP,ASP,ASP,ASP,ASP,ASP,ASP,ASP,ASP,ASP,ASP,ASP,ASP,ASP,ASP,ASP,ASP,ASP,ASP,ASP,ASP,ASP,ASP,ASP,ASP,ASP,ASP,ASP,ASP,ASP
160,GLU,GLU,GLU,GLU,GLU,GLU,GLU,GLU,GLU,GLU,GLU,GLU,GLU,GLU,GLU,GLU,GLU,GLU,GLU,GLU,GLU,GLU,GLU,GLU,GLU,GLU,GLU,GLU,GLU,GLU,GLU,GLU,GLU,GLU,GLU,GLU,GLU,GLU,GLU,GLU,GLU,GLU,GLU,GLU,GLU
161,ALA,ALA,ALA,ALA,ALA,ALA,ALA,ALA,ALA,ALA,ALA,ALA,ALA,ALA,ALA,ALA,ALA,ALA,ALA,ALA,ALA,ALA,ALA,ALA,ALA,ALA,ALA,ALA,ALA,ALA,ALA,ALA,ALA,ALA,ALA,ALA,ALA,ALA,ALA,ALA,ALA,ALA,ALA,ALA,ALA
162,LYS,LYS,LYS,LYS,LYS,LYS,LYS,LYS,LYS,LYS,LYS,LYS,LYS,LYS,LYS,LYS,LYS,LYS,LYS,LYS,LYS,LYS,LYS,LYS,LYS,LYS,LYS,LYS,LYS,LYS,LYS,LYS,LYS,LYS,LYS,LYS,LYS,LYS,LYS,LYS,LYS,LYS,LYS,LYS,LYS
163,SER,SER,SER,SER,SER,SER,SER,SER,SER,SER,SER,SER,SER,SER,SER,SER,SER,SER,SER,SER,SER,GLY,GLY,GLY,GLY,GLY,GLY,GLY,GLY,GLY,GLY,GLY,GLY,GLY,GLY,GLY,GLY,SER,SER,SER,SER,SER,SER,SER,SER
164,ASP,ASP,ASP,ASP,ASP,ASP,ASP,ASP,ASP,ASP,ASP,ASP,ASP,ASP,ASP,ASP,ASP,ASP,ASP,ASP,ASP,ASP,ASP,ASP,ASP,ASP,ASP,ASP,ASP,ASP,ASP,ASP,ASP,ASP,ASP,ASP,ASP,ASP,ASP,ASP,ASP,ASP,ASP,ASP,ASP
165,GLY,GLY,GLY,GLY,GLY,GLY,GLY,GLY,GLY,GLY,GLY,GLY,GLY,GLY,GLY,GLY,GLY,GLY,GLY,GLY,GLY,GLY,GLY,GLY,GLY,GLY,GLY,GLY,GLY,GLY,GLY,GLY,GLY,GLY,GLY,GLY,GLY,GLY,GLY,GLY,GLY,GLY,GLY,GLY,GLY
166,ALA,ALA,ALA,ALA,ALA,ALA,ALA,ALA,ALA,ALA,ALA,ALA,ALA,ALA,ALA,ALA,ALA,ALA,ALA,ALA,ALA,ALA,ALA,ALA,ALA,ALA,ALA,ALA,ALA,ALA,ALA,ALA,ALA,ALA,ALA,ALA,ALA,ALA,ALA,ALA,ALA,ALA,ALA,ALA,ALA
167,THR,THR,THR,THR,THR,THR,THR,THR,THR,THR,THR,THR,THR,THR,THR,THR,THR,THR,THR,THR,THR,THR,THR,THR,THR,THR,THR,THR,THR,THR,THR,THR,THR,THR,THR,THR,THR,THR,THR,THR,THR,THR,THR,THR,THR
168,ALA,ALA,ALA,ALA,ALA,ALA,ALA,ALA,ALA,ALA,ALA,ALA,ALA,ALA,ALA,ALA,ALA,ALA,ALA,ALA,ALA,ALA,ALA,ALA,ALA,ALA,ALA,ALA,ALA,ALA,ALA,ALA,ALA,ALA,ALA,ALA,ALA,ALA,ALA,ALA,ALA,ALA,ALA,ALA,ALA
169,ILE,ILE,ILE,ILE,ILE,ILE,ILE,ILE,ILE,ILE,ILE,ILE,ILE,ILE,ILE,ILE,ILE,ILE,ILE,ILE,ILE,ILE,ILE,ILE,ILE,ILE,ILE,ILE,ILE,ILE,ILE,ILE,ILE,ILE,ILE,ILE,ILE,ILE,ILE,ILE,ILE,ILE,ILE,ILE,ILE
170,ILE,ILE,ILE,ILE,ILE,ILE,ILE,ILE,ILE,ILE,ILE,ILE,ILE,ILE,ILE,ILE,ILE,ILE,ILE,ILE,ILE,ILE,ILE,ILE,ILE,ILE,ILE,ILE,ILE,ILE,ILE,ILE,ILE,ILE,ILE,ILE,ILE,ILE,ILE,ILE,ILE,ILE,ILE,ILE,ILE
171,LEU,LEU,LEU,LEU,LEU,LEU,LEU,LEU,LEU,LEU,LEU,LEU,LEU,LEU,LEU,LEU,LEU,LEU,LEU,LEU,LEU,LEU,LEU,LEU,LEU,LEU,LEU,LEU,LEU,LEU,LEU,LEU,LEU,LEU,LEU,LEU,LEU,LEU,LEU,LEU,LEU,LEU,LEU,LEU,LEU
172,THR,THR,THR,THR,THR,THR,THR,THR,THR,THR,THR,THR,THR,THR,THR,THR,THR,THR,THR,THR,THR,THR,THR,THR,THR,THR,THR,THR,THR,THR,THR,THR,THR,THR,THR,THR,THR,THR,THR,THR,THR,THR,THR,THR,THR
173,ALA,ALA,ALA,ALA,ALA,ALA,ALA,ALA,ALA,ALA,ALA,ALA,ALA,ALA,ALA,ALA,ALA,ALA,ALA,ALA,ALA,ALA,ALA,ALA,ALA,ALA,ALA,ALA,ALA,ALA,ALA,ALA,ALA,ALA,ALA,ALA,ALA,ALA,ALA,ALA,ALA,ALA,ALA,ALA,ALA
174,ASP,ASP,ASP,ASP,ASP,ASP,ASP,ASP,ASP,ASP,ASP,ASP,ASP,ASP,ASP,ASP,ASP,ASP,ASP,ASP,ASP,ASP,ASP,ASP,ASP,ASP,ASP,ASP,ASP,ASP,ASP,ASP,ASP,ASP,ASP,ASP,ASP,ASP,ASP,ASP,ASP,ASP,ASP,ASP,ASP
175,SER,SER,SER,SER,SER,SER,SER,SER,SER,SER,SER,SER,SER,SER,SER,SER,SER,SER,SER,SER,SER,SER,SER,SER,SER,SER,SER,SER,SER,SER,SER,SER,SER,SER,SER,SER,SER,SER,SER,SER,SER,SER,SER,SER,SER
176,THR,THR,THR,THR,THR,THR,THR,THR,THR,THR,THR,THR,THR,THR,THR,THR,THR,THR,-,THR,THR,THR,THR,THR,THR,THR,THR,THR,THR,THR,THR,THR,THR,THR,THR,THR,THR,THR,THR,THR,THR,THR,THR,THR,THR
177,VAL,VAL,VAL,VAL,VAL,VAL,VAL,VAL,VAL,VAL,VAL,VAL,VAL,VAL,VAL,VAL,VAL,-,-,VAL,VAL,VAL,VAL,VAL,VAL,VAL,VAL,VAL,VAL,VAL,VAL,VAL,VAL,VAL,VAL,VAL,VAL,-,VAL,VAL,VAL,VAL,VAL,VAL,VAL
178,SER,SER,SER,SER,SER,SER,SER,SER,SER,SER,SER,SER,SER,SER,SER,SER,SER,-,-,SER,-,SER,SER,SER,SER,SER,SER,SER,SER,SER,SER,SER,SER,SER,SER,SER,SER,-,SER,SER,SER,SER,SER,SER,SER
179,GLY,GLY,GLY,GLY,GLY,GLY,GLY,GLY,GLY,GLY,GLY,GLY,GLY,GLY,GLY,GLY,GLY,-,-,GLY,-,GLY,GLY,GLY,GLY,GLY,GLY,GLY,GLY,GLY,GLY,GLY,GLY,GLY,GLY,GLY,GLY,-,GLY,GLY,GLY,GLY,GLY,GLY,GLY
180,ASN,ASN,ASN,ASN,ASN,ASN,ASN,ASN,ASN,ASN,ASN,ASN,ASN,ASN,ASN,ASN,ASN,ASN,-,ASN,-,ASN,ASN,ASN,ASN,ASN,ASN,ASN,ASN,ASN,ASN,ASN,ASN,ASN,ASN,ASN,ASN,ASN,ASN,ASN,ASN,ASN,ASN,ASN,ASN
181,ARG,ARG,ARG,ARG,ARG,ARG,ARG,ARG,ARG,ARG,ARG,ARG,ARG,ARG,ARG,ARG,ARG,ARG,-,ARG,-,ARG,ARG,ARG,ARG,ARG,ARG,ARG,ARG,ARG,ARG,ARG,ARG,ARG,ARG,ARG,ARG,ARG,ARG,ARG,ARG,ARG,ARG,ARG,ARG
182,ASP,ASP,ASP,ASP,ASP,ASP,ASP,ASP,ASP,ASP,ASP,ASP,ASP,ASP,ASP,ASP,ASP,ASP,-,ASP,-,ASP,ASP,ASP,ASP,ASP,ASP,ASP,ASP,ASP,ASP,ASP,ASP,ASP,ASP,ASP,ASP,ASP,ASP,ASP,ASP,ASP,ASP,ASP,ASP
183,ARG,ARG,ARG,ARG,ARG,ARG,ARG,ARG,ARG,ARG,ARG,ARG,ARG,ARG,ARG,ARG,ARG,-,-,ARG,-,ARG,ARG,ARG,ARG,ARG,ARG,ARG,ARG,ARG,ARG,ARG,ARG,ARG,ARG,ARG,ARG,-,ARG,ARG,ARG,ARG,ARG,ARG,ARG
184,ASP,ASP,ASP,ASP,ASP,ASP,ASP,ASP,ASP,ASP,ASP,ASP,ASP,ASP,ASP,ASP,ASP,-,-,ASP,-,ASP,ASP,ASP,ASP,ASP,ASP,ASP,ASP,ASP,ASP,ASP,ASP,ASP,ASP,ASP,ASP,-,ASP,ASP,ASP,ASP,ASP,ASP,ASP
185,VAL,VAL,VAL,VAL,VAL,VAL,VAL,VAL,VAL,VAL,VAL,VAL,VAL,VAL,VAL,VAL,VAL,-,-,-,-,VAL,VAL,VAL,VAL,VAL,VAL,VAL,VAL,VAL,VAL,VAL,VAL,VAL,VAL,VAL,VAL,-,VAL,VAL,VAL,VAL,VAL,VAL,VAL
186,LYS,LYS,LYS,LYS,LYS,LYS,LYS,LYS,LYS,LYS,LYS,LYS,LYS,LYS,LYS,LYS,LYS,-,-,-,-,LYS,LYS,LYS,LYS,LYS,LYS,LYS,LYS,LYS,LYS,LYS,LYS,LYS,LYS,LYS,LYS,-,LYS,LYS,LYS,LYS,LYS,LYS,LYS
187,ASN,ASN,ASN,ASN,ASN,ASN,ASN,ASN,ASN,ASN,ASN,ASN,ASN,ASN,ASN,ASN,ASN,-,-,-,-,ASN,ASN,ASN,ASN,ASN,ASN,ASN,ASN,ASN,ASN,ASN,ASN,ASN,ASN,ASN,ASN,-,ASN,ASN,ASN,ASN,ASN,ASN,ASN
188,LYS,LYS,LYS,LYS,LYS,LYS,LYS,LYS,LYS,LYS,LYS,LYS,LYS,LYS,LYS,LYS,LYS,-,-,-,-,LYS,LYS,LYS,LYS,LYS,LYS,LYS,LYS,LYS,LYS,LYS,LYS,LYS,LYS,LYS,LYS,-,LYS,LYS,LYS,LYS,LYS,LYS,LYS
189,PHE,PHE,PHE,PHE,PHE,PHE,PHE,PHE,PHE,PHE,PHE,PHE,PHE,PHE,PHE,PHE,PHE,-,-,-,-,PHE,PHE,PHE,PHE,PHE,PHE,PHE,PHE,PHE,PHE,PHE,PHE,PHE,PHE,PHE,PHE,-,PHE,PHE,PHE,PHE,PHE,PHE,PHE
190,VAL,VAL,VAL,VAL,VAL,VAL,VAL,VAL,VAL,VAL,VAL,VAL,VAL,VAL,VAL,VAL,VAL,-,-,-,-,VAL,VAL,VAL,VAL,VAL,VAL,VAL,VAL,VAL,VAL,VAL,VAL,VAL,VAL,VAL,VAL,-,VAL,VAL,VAL,VAL,VAL,VAL,VAL
191,TYR,TYR,TYR,TYR,TYR,TYR,TYR,TYR,TYR,TYR,TYR,TYR,TYR,TYR,TYR,TYR,TYR,TYR,-,-,-,TYR,TYR,TYR,TYR,PHE,PHE,PHE,PHE,TYR,TYR,TYR,TYR,TYR,TYR,TYR,TYR,TYR,TYR,TYR,TYR,TYR,TYR,TYR,TYR
192,PRO,PRO,PRO,PRO,PRO,PRO,PRO,PRO,PRO,PRO,PRO,PRO,PRO,PRO,PRO,PRO,PRO,PRO,-,-,-,PRO,PRO,PRO,PRO,PRO,PRO,PRO,PRO,PRO,PRO,PRO,PRO,PRO,PRO,PRO,PRO,PRO,PRO,PRO,PRO,PRO,PRO,PRO,PRO
193,PHE,PHE,PHE,PHE,PHE,PHE,PHE,PHE,PHE,PHE,PHE,PHE,PHE,PHE,PHE,PHE,PHE,PHE,-,PHE,-,PHE,PHE,PHE,PHE,PHE,PHE,PHE,PHE,PHE,PHE,PHE,PHE,PHE,PHE,PHE,PHE,PHE,PHE,PHE,PHE,PHE,PHE,PHE,PHE
194,GLY,GLY,GLY,GLY,GLY,GLY,GLY,GLY,GLY,GLY,GLY,GLY,GLY,GLY,GLY,GLY,GLY,GLY,-,GLY,-,GLY,GLY,GLY,GLY,GLY,GLY,GLY,GLY,GLY,GLY,GLY,GLY,GLY,GLY,GLY,GLY,GLY,GLY,GLY,GLY,GLY,GLY,GLY,GLY
195,MET,MET,MET,MET,MET,MET,MET,MET,MET,MET,MET,MET,MET,MET,MET,MET,MET,MET,-,MET,-,MET,MET,MET,MET,MET,MET,MET,MET,MET,MET,MET,MET,MET,MET,MET,MET,MET,MET,MET,MET,MET,MET,MET,MET
196,PRO,PRO,PRO,PRO,PRO,PRO,PRO,-,PRO,PRO,PRO,PRO,PRO,PRO,PRO,PRO,PRO,PRO,-,PRO,-,PRO,PRO,PRO,PRO,PRO,PRO,PRO,PRO,PRO,PRO,PRO,PRO,PRO,PRO,PRO,PRO,PRO,PRO,PRO,PRO,PRO,PRO,PRO,PRO
197,ILE,ILE,ILE,ILE,ILE,ILE,ILE,-,ILE,ILE,ILE,ILE,ILE,ILE,ILE,ILE,ILE,ILE,-,ILE,-,ILE,ILE,ILE,ILE,ILE,ILE,ILE,ILE,ILE,ILE,ILE,ILE,ILE,ILE,ILE,ILE,ILE,ILE,ILE,ILE,ILE,ILE,ILE,ILE
198,VAL,VAL,VAL,VAL,VAL,VAL,VAL,-,VAL,VAL,VAL,VAL,VAL,VAL,VAL,VAL,-,VAL,-,VAL,-,VAL,VAL,VAL,VAL,VAL,VAL,VAL,VAL,VAL,VAL,VAL,VAL,VAL,VAL,VAL,VAL,VAL,VAL,VAL,VAL,VAL,VAL,VAL,VAL
199,GLN,GLN,GLN,GLN,GLN,GLN,GLN,-,GLN,GLN,GLN,GLN,-,GLN,GLN,GLN,-,GLN,-,GLN,-,GLN,-,GLN,GLN,GLN,GLN,GLN,GLN,GLN,GLN,GLN,GLN,GLN,GLN,GLN,GLN,GLN,GLN,GLN,GLN,GLN,GLN,GLN,GLN
200,ARG,ARG,ARG,ARG,ARG,-,ARG,-,ARG,ARG,ARG,ARG,-,ARG,-,ARG,-,ARG,-,ARG,-,ARG,-,ARG,ARG,ARG,ARG,ARG,ARG,ARG,ARG,ARG,-,ARG,ARG,ARG,-,ARG,ARG,ARG,ARG,ARG,ARG,ARG,ARG
201,TYR,TYR,TYR,TYR,TYR,-,TYR,-,TYR,TYR,TYR,TYR,-,TYR,-,TYR,-,TYR,-,TYR,-,TYR,-,TYR,TYR,TYR,TYR,TYR,TYR,TYR,TYR,TYR,-,TYR,TYR,TYR,-,TYR,TYR,TYR,TYR,TYR,TYR,TYR,TYR
202,LEU,LEU,LEU,LEU,LEU,-,LEU,-,LEU,LEU,LEU,LEU,-,LEU,-,LEU,-,LEU,-,LEU,-,LEU,-,LEU,LEU,LEU,LEU,LEU,LEU,LEU,LEU,LEU,-,LEU,LEU,LEU,-,LEU,LEU,LEU,LEU,LEU,LEU,LEU,LEU
203,ARG,ARG,ARG,ARG,ARG,-,ARG,-,ARG,ARG,ARG,ARG,-,ARG,-,ARG,-,ARG,-,ARG,-,-,-,-,-,ARG,ARG,ARG,-,ARG,ARG,ARG,-,ARG,ARG,ARG,-,ARG,ARG,ARG,ARG,ARG,ARG,ARG,ARG
204,GLY,GLY,GLY,GLY,GLY,-,GLY,-,GLY,GLY,GLY,GLY,-,GLY,-,GLY,-,GLY,-,GLY,-,-,-,-,-,GLY,GLY,GLY,-,GLY,GLY,GLY,-,GLY,GLY,GLY,-,GLY,GLY,GLY,GLY,GLY,GLY,GLY,GLY
205,THR,THR,THR,THR,THR,-,THR,-,THR,THR,THR,THR,-,THR,-,THR,-,THR,-,THR,-,THR,THR,THR,THR,THR,THR,THR,THR,THR,THR,THR,-,THR,THR,THR,-,THR,THR,THR,THR,THR,THR,THR,THR
206,ALA,ALA,ALA,ALA,ALA,-,ALA,-,ALA,ALA,ALA,ALA,-,ALA,-,ALA,-,ALA,-,ALA,-,ALA,ALA,ALA,ALA,ALA,ALA,ALA,ALA,ALA,ALA,ALA,-,ALA,ALA,ALA,-,ALA,ALA,ALA,ALA,ALA,ALA,ALA,ALA
207,GLU,GLU,GLU,GLU,GLU,-,GLU,-,GLU,GLU,GLU,GLU,-,GLU,-,GLU,-,GLU,-,GLU,-,GLU,GLU,GLU,GLU,GLU,GLU,GLU,GLU,GLU,GLU,GLU,-,GLU,GLU,GLU,-,GLU,GLU,GLU,GLU,GLU,GLU,GLU,GLU
208,GLY,GLY,GLY,GLY,GLY,-,GLY,-,GLY,GLY,GLY,GLY,-,GLY,-,GLY,-,GLY,-,-,-,GLY,GLY,GLY,GLY,GLY,GLY,GLY,GLY,GLY,GLY,GLY,-,GLY,GLY,GLY,-,GLY,GLY,GLY,GLY,GLY,GLY,GLY,GLY
209,MET,MET,MET,MET,MET,-,MET,-,MET,MET,MET,MET,-,MET,-,MET,-,MET,-,-,-,MET,MET,MET,MET,MET,MET,MET,MET,MET,MET,MET,-,MET,MET,MET,-,MET,MET,MET,MET,MET,MET,MET,MET
210,SER,SER,SER,SER,SER,-,SER,-,SER,SER,SER,SER,-,SER,SER,SER,-,-,-,-,-,SER,SER,SER,SER,SER,SER,SER,SER,SER,SER,SER,-,SER,SER,SER,-,-,SER,SER,SER,SER,SER,SER,SER
211,LEU,LEU,LEU,LEU,LEU,-,LEU,-,LEU,LEU,LEU,LEU,-,LEU,LEU,LEU,-,-,-,-,-,LEU,LEU,LEU,LEU,LEU,LEU,LEU,LEU,LEU,LEU,LEU,-,LEU,LEU,LEU,-,-,LEU,LEU,LEU,LEU,LEU,LEU,LEU
212,ASN,ASN,ASN,ASN,ASN,ASN,ASN,-,ASN,ASN,ASN,ASN,-,ASN,ASN,ASN,-,-,-,-,-,ASN,ASN,ASN,ASN,ASN,ASN,ASN,ASN,ASN,ASN,ASN,-,ASN,ASN,ASN,-,-,ASN,ASN,ASN,ASN,ASN,ASN,ASN
213,ASN,ASN,ASN,ASN,ASN,ASN,ASN,-,ASN,ASN,ASN,ASN,ASN,ASN,ASN,ASN,-,-,-,-,-,ASN,ASN,ASN,ASN,ASN,ASN,ASN,ASN,ASN,ASN,ASN,-,ASN,ASN,ASN,-,-,ASN,ASN,ASN,ASN,ASN,ASN,ASN
214,ILE,ILE,ILE,ILE,ILE,ILE,ILE,ILE,ILE,ILE,ILE,ILE,ILE,ILE,ILE,ILE,-,-,-,-,-,ILE,ILE,-,ILE,ILE,ILE,ILE,ILE,ILE,ILE,ILE,-,ILE,ILE,ILE,-,-,ILE,ILE,ILE,ILE,ILE,ILE,ILE
215,TYR,TYR,TYR,TYR,TYR,TYR,TYR,TYR,TYR,TYR,TYR,TYR,TYR,TYR,TYR,TYR,-,TYR,-,TYR,-,TYR,TYR,-,TYR,TYR,TYR,TYR,TYR,PHE,PHE,PHE,-,PHE,PHE,PHE,-,TYR,TYR,TYR,TYR,TYR,TYR,TYR,TYR
216,GLY,GLY,GLY,GLY,GLY,GLY,GLY,GLY,GLY,GLY,GLY,GLY,GLY,GLY,GLY,GLY,-,GLY,-,GLY,-,GLY,GLY,-,GLY,GLY,GLY,GLY,GLY,GLY,GLY,GLY,GLY,GLY,GLY,GLY,-,GLY,GLY,GLY,GLY,GLY,GLY,GLY,GLY
217,ALA,ALA,ALA,ALA,ALA,ALA,ALA,ALA,ALA,ALA,ALA,ALA,ALA,ALA,ALA,ALA,-,ALA,-,ALA,ALA,ALA,ALA,-,ALA,ALA,ALA,ALA,ALA,ALA,ALA,ALA,ALA,ALA,ALA,ALA,ALA,ALA,ALA,ALA,ALA,ALA,ALA,ALA,ALA
218,SER,SER,SER,SER,SER,SER,SER,SER,SER,SER,SER,SER,SER,SER,SER,SER,SER,SER,SER,SER,SER,SER,SER,SER,SER,SER,SER,SER,SER,SER,SER,SER,SER,SER,SER,SER,SER,SER,SER,SER,SER,SER,SER,SER,SER
219,LYS,LYS,LYS,LYS,LYS,LYS,LYS,LYS,LYS,LYS,LYS,LYS,LYS,LYS,LYS,LYS,LYS,LYS,LYS,LYS,LYS,LYS,LYS,LYS,LYS,LYS,LYS,LYS,LYS,LYS,LYS,LYS,LYS,LYS,LYS,LYS,LYS,LYS,LYS,LYS,LYS,LYS,LYS,LYS,LYS
220,GLN,GLN,GLN,GLN,GLN,GLN,GLN,GLN,GLN,GLN,GLN,GLN,GLN,GLN,GLN,GLN,GLN,GLN,GLN,GLN,GLN,GLN,GLN,GLN,GLN,GLN,GLN,GLN,GLN,GLN,GLN,GLN,GLN,GLN,GLN,GLN,GLN,GLN,GLN,GLN,GLN,GLN,GLN,GLN,GLN
221,LYS,LYS,LYS,LYS,LYS,LYS,LYS,LYS,LYS,LYS,LYS,LYS,LYS,LYS,LYS,LYS,LYS,LYS,LYS,LYS,LYS,LYS,LYS,LYS,LYS,LYS,LYS,LYS,LYS,LYS,LYS,LYS,LYS,LYS,LYS,LYS,LYS,LYS,LYS,LYS,LYS,LYS,LYS,LYS,LYS
222,ILE,ILE,ILE,ILE,ILE,ILE,ILE,ILE,ILE,ILE,ILE,ILE,ILE,ILE,ILE,ILE,ILE,ILE,ILE,ILE,ILE,ILE,ILE,ILE,ILE,ILE,ILE,ILE,ILE,ILE,ILE,ILE,ILE,ILE,ILE,ILE,ILE,ILE,ILE,ILE,ILE,ILE,ILE,ILE,ILE
223,SER,SER,SER,SER,SER,SER,SER,SER,SER,SER,SER,SER,SER,SER,SER,SER,SER,SER,SER,SER,SER,SER,SER,SER,SER,SER,SER,SER,SER,SER,SER,SER,SER,SER,SER,SER,SER,SER,SER,SER,SER,SER,SER,SER,SER
224,PRO,PRO,PRO,PRO,PRO,PRO,PRO,PRO,PRO,PRO,PRO,PRO,PRO,PRO,PRO,PRO,PRO,PRO,PRO,PRO,PRO,PRO,PRO,PRO,PRO,PRO,PRO,PRO,PRO,PRO,PRO,PRO,PRO,PRO,PRO,PRO,PRO,PRO,PRO,PRO,PRO,PRO,PRO,PRO,PRO
225,ARG,ARG,ARG,ARG,ARG,ARG,ARG,ARG,ARG,ARG,ARG,ARG,ARG,ARG,ARG,ARG,ARG,ARG,ARG,ARG,ARG,ARG,ARG,ARG,ARG,ARG,ARG,ARG,ARG,ARG,ARG,ARG,ARG,ARG,ARG,ARG,ARG,ARG,ARG,ARG,ARG,ARG,ARG,ARG,ARG
226,ASP,ASP,ASP,ASP,ASP,ASP,ASP,ASP,ASP,ASP,ASP,ASP,ASP,ASP,ASP,ASP,ASP,ASP,ASP,ASP,ASP,ASP,ASP,ASP,ASP,ASP,ASP,ASP,ASP,ASP,ASP,ASP,ASP,ASP,ASP,ASP,ASP,ASP,ASP,ASP,ASP,ASP,ASP,ASP,ASP
227,ILE,ILE,ILE,ILE,ILE,ILE,ILE,ILE,ILE,ILE,ILE,ILE,ILE,ILE,ILE,ILE,ILE,ILE,ILE,ILE,ILE,ILE,ILE,ILE,ILE,ILE,ILE,ILE,ILE,ILE,ILE,ILE,ILE,ILE,ILE,ILE,ILE,ILE,ILE,ILE,ILE,ILE,ILE,ILE,ILE
228,GLU,GLU,GLU,GLU,GLU,GLU,GLU,GLU,GLU,GLU,GLU,GLU,GLU,GLU,GLU,GLU,GLU,GLU,GLU,GLU,GLU,GLU,GLU,GLU,GLU,GLU,GLU,GLU,GLU,GLU,GLU,GLU,GLU,GLU,GLU,GLU,GLU,GLU,GLU,GLU,GLU,GLU,GLU,GLU,GLU
229,GLU,GLU,GLU,GLU,GLU,GLU,GLU,GLU,GLU,GLU,GLU,GLU,GLU,GLU,GLU,GLU,GLU,GLU,GLU,GLU,GLU,GLU,GLU,GLU,GLU,GLU,GLU,GLU,GLU,GLU,GLU,GLU,GLU,GLU,GLU,GLU,GLU,GLU,GLU,GLU,GLU,GLU,GLU,GLU,GLU
230,ILE,ILE,ILE,ILE,ILE,ILE,ILE,ILE,ILE,ILE,ILE,ILE,ILE,ILE,ILE,ILE,ILE,ILE,ILE,ILE,ILE,ILE,ILE,ILE,ILE,ILE,ILE,ILE,ILE,ILE,ILE,ILE,ILE,ILE,ILE,ILE,ILE,ILE,ILE,ILE,ILE,ILE,ILE,ILE,ILE
231,ALA,ALA,ALA,ALA,ALA,ALA,ALA,ALA,ALA,ALA,ALA,ALA,ALA,ALA,ALA,ALA,ALA,ALA,ALA,ALA,ALA,ALA,ALA,ALA,ALA,ALA,ALA,ALA,ALA,ALA,ALA,ALA,ALA,ALA,ALA,ALA,ALA,ALA,ALA,ALA,ALA,ALA,ALA,ALA,ALA
232,GLY,GLY,GLY,GLY,GLY,GLY,GLY,GLY,GLY,ALA,ALA,ALA,ALA,ALA,ALA,ALA,ALA,GLY,GLY,GLY,GLY,ALA,ALA,ALA,ALA,ALA,ALA,ALA,ALA,ALA,ALA,ALA,ALA,ALA,ALA,ALA,ALA,ALA,ALA,ALA,ALA,ALA,ALA,ALA,ALA
233,HIS,HIS,HIS,HIS,HIS,HIS,HIS,HIS,HIS,HIS,HIS,HIS,HIS,HIS,HIS,HIS,HIS,HIS,HIS,HIS,HIS,HIS,HIS,HIS,HIS,HIS,HIS,HIS,HIS,HIS,HIS,HIS,HIS,HIS,HIS,HIS,HIS,HIS,HIS,HIS,HIS,HIS,HIS,HIS,HIS
234,SER,SER,SER,SER,SER,SER,SER,SER,SER,SER,SER,SER,SER,SER,SER,SER,SER,SER,SER,SER,SER,SER,SER,SER,SER,SER,SER,SER,SER,SER,SER,SER,SER,SER,SER,SER,SER,SER,SER,SER,SER,SER,SER,SER,SER
235,GLY,GLY,GLY,GLY,GLY,GLY,GLY,GLY,GLY,GLY,GLY,GLY,GLY,GLY,GLY,GLY,GLY,GLY,GLY,GLY,GLY,GLY,GLY,GLY,GLY,GLY,GLY,GLY,GLY,GLY,GLY,GLY,GLY,GLY,GLY,GLY,GLY,GLY,GLY,GLY,GLY,GLY,GLY,GLY,GLY
236,LEU,LEU,LEU,LEU,LEU,LEU,LEU,LEU,LEU,LEU,LEU,LEU,LEU,LEU,LEU,LEU,LEU,LEU,LEU,LEU,LEU,LEU,LEU,LEU,LEU,LEU,LEU,LEU,LEU,LEU,LEU,LEU,LEU,LEU,LEU,LEU,LEU,LEU,LEU,LEU,LEU,LEU,LEU,LEU,LEU
237,PRO,PRO,PRO,PRO,PRO,PRO,PRO,PRO,PRO,PRO,PRO,PRO,PRO,PRO,PRO,PRO,PRO,PRO,PRO,PRO,PRO,PRO,PRO,PRO,PRO,PRO,PRO,PRO,PRO,PRO,PRO,PRO,PRO,PRO,PRO,PRO,PRO,PRO,PRO,PRO,PRO,PRO,PRO,PRO,PRO
238,VAL,VAL,VAL,VAL,VAL,VAL,VAL,VAL,VAL,VAL,VAL,VAL,VAL,VAL,VAL,VAL,VAL,VAL,VAL,VAL,VAL,VAL,VAL,VAL,VAL,VAL,VAL,VAL,VAL,VAL,VAL,VAL,VAL,VAL,VAL,VAL,VAL,VAL,VAL,VAL,VAL,VAL,VAL,VAL,VAL
239,PHE,PHE,PHE,PHE,PHE,PHE,PHE,PHE,PHE,PHE,PHE,PHE,PHE,PHE,PHE,PHE,PHE,PHE,PHE,PHE,PHE,PHE,PHE,PHE,PHE,PHE,PHE,PHE,PHE,PHE,PHE,PHE,PHE,PHE,PHE,PHE,PHE,PHE,PHE,PHE,PHE,PHE,PHE,PHE,PHE
240,VAL,VAL,VAL,VAL,VAL,VAL,VAL,VAL,VAL,VAL,VAL,VAL,VAL,VAL,VAL,VAL,VAL,VAL,VAL,VAL,VAL,VAL,VAL,VAL,VAL,VAL,VAL,VAL,VAL,VAL,VAL,VAL,VAL,VAL,VAL,VAL,VAL,VAL,VAL,VAL,VAL,VAL,VAL,VAL,VAL
241,LYS,LYS,LYS,LYS,LYS,LYS,LYS,LYS,LYS,LYS,LYS,LYS,LYS,LYS,LYS,LYS,LYS,LYS,LYS,LYS,LYS,LYS,LYS,LYS,LYS,LYS,LYS,LYS,LYS,LYS,LYS,LYS,LYS,LYS,LYS,LYS,LYS,LYS,LYS,LYS,LYS,LYS,LYS,LYS,LYS
242,GLY,GLY,GLY,GLY,GLY,GLY,GLY,GLY,GLY,GLY,GLY,GLY,GLY,GLY,GLY,GLY,GLY,GLY,GLY,GLY,GLY,GLY,GLY,GLY,GLY,GLY,GLY,GLY,GLY,GLY,GLY,GLY,GLY,GLY,GLY,GLY,GLY,GLY,GLY,GLY,GLY,GLY,GLY,GLY,GLY
243,ILE,ILE,ILE,ILE,ILE,ILE,ILE,ILE,ILE,ILE,ILE,ILE,ILE,ILE,ILE,ILE,ILE,ILE,ILE,ILE,ILE,ILE,ILE,ILE,ILE,ILE,ILE,ILE,ILE,ILE,ILE,ILE,ILE,ILE,ILE,ILE,ILE,ILE,ILE,ILE,ILE,ILE,ILE,ILE,ILE
244,GLN,GLN,GLN,GLN,GLN,GLN,GLN,GLN,GLN,GLN,GLN,GLN,GLN,GLN,GLN,GLN,GLN,GLN,GLN,GLN,GLN,GLN,GLN,GLN,GLN,GLN,GLN,GLN,GLN,GLN,GLN,GLN,GLN,GLN,GLN,GLN,GLN,GLN,GLN,GLN,GLN,GLN,GLN,GLN,GLN
245,HIS,HIS,HIS,HIS,HIS,HIS,HIS,HIS,HIS,HIS,HIS,HIS,HIS,HIS,HIS,HIS,HIS,HIS,HIS,HIS,HIS,HIS,HIS,HIS,HIS,HIS,HIS,HIS,HIS,HIS,HIS,HIS,HIS,HIS,HIS,HIS,HIS,HIS,HIS,HIS,HIS,HIS,HIS,HIS,HIS
246,PRO,PRO,PRO,PRO,PRO,PRO,PRO,PRO,PRO,PRO,PRO,PRO,PRO,PRO,PRO,PRO,PRO,PRO,PRO,PRO,PRO,PRO,PRO,PRO,PRO,PRO,PRO,PRO,PRO,PRO,PRO,PRO,PRO,PRO,PRO,PRO,PRO,PRO,PRO,PRO,PRO,PRO,PRO,PRO,PRO
247,GLU,GLU,GLU,GLU,GLU,GLU,GLU,GLU,GLU,GLU,GLU,GLU,GLU,GLU,GLU,GLU,GLU,GLU,GLU,GLU,GLU,GLU,GLU,GLU,GLU,GLU,GLU,GLU,GLU,GLU,GLU,GLU,GLU,GLU,GLU,GLU,GLU,GLU,GLU,GLU,GLU,GLU,GLU,GLU,GLU
248,ASP,ASP,ASP,ASP,ASP,ASP,ASP,ASP,ASP,ASP,ASP,ASP,ASP,ASP,ASP,ASP,ASP,ASP,ASP,ASP,ASP,ASP,ASP,ASP,ASP,ASP,ASP,ASP,ASP,ASP,ASP,ASP,ASP,ASP,ASP,ASP,ASP,ASP,ASP,ASP,ASP,ASP,ASP,ASP,ASP
249,ALA,ALA,ALA,ALA,ALA,ALA,ALA,ALA,ALA,ALA,ALA,ALA,ALA,ALA,ALA,ALA,ALA,ALA,ALA,ALA,ALA,ALA,ALA,ALA,ALA,ALA,ALA,ALA,ALA,ALA,ALA,ALA,ALA,ALA,ALA,ALA,ALA,ALA,ALA,ALA,ALA,ALA,ALA,ALA,ALA
250,ASP,ASP,ASP,ASP,ASP,ASP,ASP,ASP,ASP,ASP,ASP,ASP,ASP,ASP,ASP,ASP,ASP,ASP,ASP,ASP,ASP,ASP,ASP,ASP,ASP,ASP,ASP,ASP,ASP,ASP,ASP,ASP,ASP,ASP,ASP,ASP,ASP,ASP,ASP,ASP,ASP,ASP,ASP,ASP,ASP
251,MET,MET,MET,MET,MET,MET,MET,MET,MET,MET,MET,MET,MET,MET,MET,MET,MET,MET,MET,MET,MET,MET,MET,MET,MET,MET,MET,MET,MET,MET,MET,MET,MET,MET,MET,MET,MET,MET,MET,MET,MET,MET,MET,MET,MET
252,ALA,ALA,ALA,ALA,ALA,ALA,ALA,ALA,ALA,ALA,ALA,ALA,ALA,ALA,ALA,ALA,ALA,ALA,ALA,ALA,ALA,ALA,ALA,ALA,ALA,ALA,ALA,ALA,ALA,ALA,ALA,ALA,ALA,ALA,ALA,ALA,ALA,ALA,ALA,ALA,ALA,ALA,ALA,ALA,ALA
253,ILE,ILE,ILE,ILE,ILE,ILE,ILE,ILE,ILE,ILE,ILE,ILE,ILE,ILE,ILE,ILE,ILE,ILE,ILE,ILE,ILE,ILE,ILE,ILE,ILE,ILE,ILE,ILE,ILE,ILE,ILE,ILE,ILE,ILE,ILE,ILE,ILE,ILE,ILE,ILE,ILE,ILE,ILE,ILE,ILE
254,LYS,LYS,LYS,LYS,LYS,LYS,LYS,LYS,LYS,LYS,LYS,LYS,LYS,LYS,LYS,LYS,LYS,LYS,LYS,LYS,LYS,LYS,LYS,LYS,LYS,LYS,LYS,LYS,LYS,LYS,LYS,LYS,LYS,LYS,LYS,LYS,LYS,LYS,LYS,LYS,LYS,LYS,LYS,LYS,LYS
255,ARG,ARG,ARG,ARG,ARG,ARG,ARG,ARG,ARG,ALA,ALA,ALA,ALA,ALA,ALA,ALA,ALA,ARG,ARG,ARG,ARG,ALA,ALA,ALA,ALA,ALA,ALA,ALA,ALA,ALA,ALA,ALA,ALA,ALA,ALA,ALA,ALA,ARG,ARG,ARG,ARG,ARG,ARG,ARG,ARG
256,GLY,GLY,GLY,GLY,GLY,GLY,GLY,GLY,GLY,GLY,GLY,GLY,GLY,GLY,GLY,GLY,GLY,GLY,GLY,GLY,GLY,GLY,GLY,GLY,GLY,GLY,GLY,GLY,GLY,GLY,GLY,GLY,GLY,GLY,GLY,GLY,GLY,GLY,GLY,GLY,GLY,GLY,GLY,GLY,GLY
257,ALA,ALA,ALA,ALA,ALA,ALA,ALA,ALA,ALA,ALA,ALA,ALA,ALA,ALA,ALA,ALA,ALA,ALA,ALA,ALA,ALA,ALA,ALA,ALA,ALA,ALA,ALA,ALA,ALA,ALA,ALA,ALA,ALA,ALA,ALA,ALA,ALA,ALA,ALA,ALA,ALA,ALA,ALA,ALA,ALA
258,SER,SER,SER,SER,SER,SER,SER,SER,SER,SER,SER,SER,SER,SER,SER,SER,SER,SER,SER,SER,SER,SER,SER,SER,SER,SER,SER,SER,SER,SER,SER,SER,SER,SER,SER,SER,SER,SER,SER,SER,SER,SER,SER,SER,SER
259,GLY,GLY,GLY,GLY,GLY,GLY,GLY,GLY,GLY,GLY,GLY,GLY,GLY,GLY,GLY,GLY,GLY,GLY,GLY,GLY,GLY,GLY,GLY,GLY,GLY,GLY,GLY,GLY,GLY,GLY,GLY,GLY,GLY,GLY,GLY,GLY,GLY,GLY,GLY,GLY,GLY,GLY,GLY,GLY,GLY
260,ILE,ILE,ILE,ILE,ILE,ILE,ILE,ILE,ILE,ILE,ILE,ILE,ILE,ILE,ILE,ILE,ILE,ILE,ILE,ILE,ILE,ILE,ILE,ILE,ILE,ILE,ILE,ILE,ILE,ILE,ILE,ILE,ILE,ILE,ILE,ILE,ILE,ILE,ILE,ILE,ILE,ILE,ILE,ILE,ILE
261,TRP,TRP,TRP,TRP,TRP,TRP,TRP,TRP,TRP,TRP,TRP,TRP,TRP,TRP,TRP,TRP,TRP,TRP,TRP,TRP,TRP,TRP,TRP,TRP,TRP,TRP,TRP,TRP,TRP,TRP,TRP,TRP,TRP,TRP,TRP,TRP,TRP,TRP,TRP,TRP,TRP,TRP,TRP,TRP,TRP
262,VAL,VAL,VAL,VAL,VAL,VAL,VAL,VAL,VAL,VAL,VAL,VAL,VAL,VAL,VAL,VAL,VAL,VAL,VAL,VAL,VAL,VAL,VAL,VAL,VAL,VAL,VAL,VAL,VAL,VAL,VAL,VAL,VAL,VAL,VAL,VAL,VAL,VAL,VAL,VAL,VAL,VAL,VAL,VAL,VAL
263,SER,SER,SER,SER,SER,SER,SER,SER,SER,SER,SER,SER,SER,SER,SER,SER,SER,SER,SER,SER,SER,SER,SER,SER,SER,SER,SER,SER,SER,SER,SER,SER,SER,SER,SER,SER,SER,SER,SER,SER,SER,SER,SER,SER,SER
264,ASN,ASN,ASN,ASN,ASN,ASN,ASN,ASN,ASN,ASN,ASN,ASN,ASN,ASN,ASN,ASN,ASN,ASN,ASN,ASN,ASN,ASN,ASN,ASN,ASN,ASN,ASN,ASN,ASN,ASN,ASN,ASN,ASN,ASN,ASN,ASN,ASN,ASN,ASN,ASN,ASN,ASN,ASN,ASN,ASN
265,HIS,HIS,HIS,HIS,HIS,HIS,HIS,HIS,HIS,HIS,HIS,HIS,HIS,HIS,HIS,HIS,HIS,HIS,HIS,HIS,HIS,HIS,HIS,HIS,HIS,HIS,HIS,HIS,HIS,HIS,HIS,HIS,HIS,HIS,HIS,HIS,HIS,HIS,HIS,HIS,HIS,HIS,HIS,HIS,HIS
266,GLY,GLY,GLY,GLY,GLY,GLY,GLY,GLY,GLY,GLY,GLY,GLY,GLY,GLY,GLY,GLY,GLY,GLY,GLY,GLY,GLY,GLY,GLY,GLY,GLY,GLY,GLY,GLY,GLY,GLY,GLY,GLY,GLY,GLY,GLY,GLY,GLY,GLY,GLY,GLY,GLY,GLY,GLY,GLY,GLY
267,ALA,ALA,ALA,ALA,ALA,ALA,ALA,ALA,ALA,ALA,ALA,ALA,ALA,ALA,ALA,ALA,ALA,ALA,ALA,ALA,ALA,ALA,ALA,ALA,ALA,ALA,ALA,ALA,ALA,ALA,ALA,ALA,ALA,ALA,ALA,ALA,ALA,ALA,ALA,ALA,ALA,ALA,ALA,ALA,ALA
268,ARG,ARG,ARG,ARG,ARG,ARG,ARG,ARG,ARG,ARG,ARG,ARG,ARG,ARG,ARG,ARG,ARG,ARG,ARG,ARG,ARG,ARG,ARG,ARG,ARG,ARG,ARG,ARG,ARG,ARG,ARG,ARG,ARG,ARG,ARG,ARG,ARG,ARG,ARG,ARG,ARG,ARG,ARG,ARG,ARG
269,GLN,GLN,GLN,GLN,GLN,GLN,GLN,GLN,GLN,GLN,GLN,GLN,GLN,GLN,GLN,GLN,GLN,GLN,GLN,GLN,GLN,GLN,GLN,GLN,GLN,GLN,GLN,GLN,GLN,GLN,GLN,GLN,GLN,GLN,GLN,GLN,GLN,GLN,GLN,GLN,GLN,GLN,GLN,GLN,GLN
270,LEU,LEU,LEU,LEU,LEU,LEU,LEU,LEU,LEU,LEU,LEU,LEU,LEU,LEU,LEU,LEU,LEU,LEU,LEU,LEU,LEU,LEU,LEU,LEU,LEU,LEU,LEU,LEU,LEU,LEU,LEU,LEU,LEU,LEU,LEU,LEU,LEU,LEU,LEU,LEU,LEU,LEU,LEU,LEU,LEU
271,TYR,TYR,TYR,TYR,TYR,TYR,TYR,TYR,TYR,TYR,TYR,TYR,TYR,TYR,TYR,TYR,TYR,TYR,TYR,TYR,TYR,TYR,TYR,TYR,TYR,TYR,TYR,TYR,TYR,TYR,TYR,TYR,TYR,TYR,TYR,TYR,TYR,TYR,TYR,TYR,TYR,TYR,TYR,TYR,TYR
272,GLU,GLU,GLU,GLU,GLU,GLU,GLU,GLU,GLU,GLU,GLU,GLU,GLU,GLU,GLU,GLU,GLU,GLU,GLU,GLU,GLU,GLU,GLU,GLU,GLU,GLU,GLU,GLU,GLU,GLU,GLU,GLU,GLU,GLU,GLU,GLU,GLU,GLU,GLU,GLU,GLU,GLU,GLU,GLU,GLU
273,ALA,ALA,ALA,ALA,ALA,ALA,ALA,ALA,ALA,ALA,ALA,ALA,ALA,ALA,ALA,ALA,ALA,ALA,ALA,ALA,ALA,ALA,ALA,ALA,ALA,ALA,ALA,ALA,ALA,ALA,ALA,ALA,ALA,ALA,ALA,ALA,ALA,ALA,ALA,ALA,ALA,ALA,ALA,ALA,ALA
274,PRO,PRO,PRO,PRO,PRO,PRO,PRO,PRO,PRO,PRO,PRO,PRO,PRO,PRO,PRO,PRO,PRO,PRO,PRO,PRO,PRO,PRO,PRO,PRO,PRO,PRO,PRO,PRO,PRO,PRO,PRO,PRO,PRO,PRO,PRO,PRO,PRO,PRO,PRO,PRO,PRO,PRO,PRO,PRO,PRO
275,GLY,GLY,GLY,GLY,GLY,GLY,GLY,GLY,GLY,GLY,GLY,GLY,GLY,GLY,GLY,GLY,GLY,GLY,GLY,GLY,GLY,GLY,GLY,GLY,GLY,GLY,GLY,GLY,GLY,GLY,GLY,GLY,GLY,GLY,GLY,GLY,GLY,GLY,GLY,GLY,GLY,GLY,GLY,GLY,GLY
276,SER,SER,SER,SER,SER,SER,SER,SER,SER,SER,SER,SER,SER,SER,SER,SER,SER,SER,SER,SER,SER,SER,SER,SER,SER,SER,SER,SER,SER,SER,SER,SER,SER,SER,SER,SER,SER,SER,SER,SER,SER,SER,SER,SER,SER
277,PHE,PHE,PHE,PHE,PHE,PHE,PHE,PHE,PHE,PHE,PHE,PHE,PHE,PHE,PHE,PHE,PHE,PHE,PHE,PHE,PHE,PHE,PHE,PHE,PHE,PHE,PHE,PHE,PHE,PHE,PHE,PHE,PHE,PHE,PHE,PHE,PHE,PHE,PHE,PHE,PHE,PHE,PHE,PHE,PHE
278,ASP,ASP,ASP,ASP,ASP,ASP,ASP,ASP,ASP,ASP,ASP,ASP,ASP,ASP,ASP,ASP,ASP,ASP,ASP,ASP,ASP,ASP,ASP,ASP,ASP,ASP,ASP,ASP,ASP,ASP,ASP,ASP,ASP,ASP,ASP,ASP,ASP,ASP,ASP,ASP,ASP,ASP,ASP,ASP,ASP
279,THR,THR,THR,THR,THR,THR,THR,THR,THR,THR,THR,THR,THR,THR,THR,THR,THR,THR,THR,THR,THR,THR,THR,THR,THR,THR,THR,THR,THR,THR,THR,THR,THR,THR,THR,THR,THR,THR,THR,THR,THR,THR,THR,THR,THR
280,LEU,LEU,LEU,LEU,LEU,LEU,LEU,LEU,LEU,LEU,LEU,LEU,LEU,LEU,LEU,LEU,LEU,LEU,LEU,LEU,LEU,LEU,LEU,LEU,LEU,LEU,LEU,LEU,LEU,LEU,LEU,LEU,LEU,LEU,LEU,LEU,LEU,LEU,LEU,LEU,LEU,LEU,LEU,LEU,LEU
281,PRO,PRO,PRO,PRO,PRO,PRO,PRO,PRO,PRO,PRO,PRO,PRO,PRO,PRO,PRO,PRO,PRO,PRO,PRO,PRO,PRO,PRO,PRO,PRO,PRO,PRO,PRO,PRO,PRO,PRO,PRO,PRO,PRO,PRO,PRO,PRO,PRO,PRO,PRO,PRO,PRO,PRO,PRO,PRO,PRO
282,ALA,ALA,ALA,ALA,ALA,ALA,ALA,ALA,ALA,ALA,ALA,ALA,ALA,ALA,ALA,ALA,ALA,ALA,ALA,ALA,ALA,ALA,ALA,ALA,ALA,ALA,ALA,ALA,ALA,ALA,ALA,ALA,ALA,ALA,ALA,ALA,ALA,ALA,ALA,ALA,ALA,ALA,ALA,ALA,ALA
283,ILE,ILE,ILE,ILE,ILE,ILE,ILE,ILE,ILE,ILE,ILE,ILE,ILE,ILE,ILE,ILE,ILE,ILE,ILE,ILE,ILE,ILE,ILE,ILE,ILE,ILE,ILE,ILE,ILE,ILE,ILE,ILE,ILE,ILE,ILE,ILE,ILE,ILE,ILE,ILE,ILE,ILE,ILE,ILE,ILE
284,ALA,ALA,ALA,ALA,ALA,ALA,ALA,ALA,ALA,ALA,ALA,ALA,ALA,ALA,ALA,ALA,ALA,ALA,ALA,ALA,ALA,ALA,ALA,ALA,ALA,ALA,ALA,ALA,ALA,ALA,ALA,ALA,ALA,ALA,ALA,ALA,ALA,ALA,ALA,ALA,ALA,ALA,ALA,ALA,ALA
285,GLU,GLU,GLU,GLU,GLU,GLU,GLU,GLU,GLU,GLU,GLU,GLU,GLU,GLU,GLU,GLU,GLU,GLU,GLU,GLU,GLU,GLU,GLU,GLU,GLU,GLU,GLU,GLU,GLU,GLU,GLU,GLU,GLU,GLU,GLU,GLU,GLU,GLU,GLU,GLU,GLU,GLU,GLU,GLU,GLU
286,ARG,ARG,ARG,ARG,ARG,ARG,ARG,ARG,ARG,ARG,ARG,ARG,ARG,ARG,ARG,ARG,ARG,ARG,ARG,ARG,ARG,ARG,ARG,ARG,ARG,ARG,ARG,ARG,ARG,ARG,ARG,ARG,ARG,ARG,ARG,ARG,ARG,ARG,ARG,ARG,ARG,ARG,ARG,ARG,ARG
287,VAL,VAL,VAL,VAL,VAL,VAL,VAL,VAL,VAL,VAL,VAL,VAL,VAL,VAL,VAL,VAL,VAL,VAL,VAL,VAL,VAL,VAL,VAL,VAL,VAL,VAL,VAL,VAL,VAL,VAL,VAL,VAL,VAL,VAL,VAL,VAL,VAL,VAL,VAL,VAL,VAL,VAL,VAL,VAL,VAL
288,ASN,ASN,ASN,ASN,ASN,ASN,ASN,ASN,ASN,ASN,ASN,ASN,ASN,ASN,ASN,ASN,ASN,ASN,ASN,ASN,ASN,ASN,ASN,ASN,ASN,ASN,ASN,ASN,ASN,ASN,ASN,ASN,ASN,ASN,ASN,ASN,ASN,ASN,ASN,ASN,ASN,ASN,ASN,ASN,ASN
289,LYS,LYS,LYS,LYS,LYS,LYS,LYS,LYS,LYS,LYS,LYS,LYS,LYS,LYS,LYS,LYS,LYS,LYS,LYS,LYS,LYS,LYS,LYS,LYS,LYS,LYS,LYS,LYS,LYS,LYS,LYS,LYS,LYS,LYS,LYS,LYS,LYS,LYS,LYS,LYS,LYS,LYS,LYS,LYS,LYS
290,ARG,ARG,ARG,ARG,ARG,ARG,ARG,ARG,ARG,ARG,ARG,ARG,ARG,ARG,ARG,ARG,ARG,ARG,ARG,ARG,ARG,ARG,ARG,ARG,ARG,ARG,ARG,ARG,ARG,ARG,ARG,ARG,ARG,ARG,ARG,ARG,ARG,ARG,ARG,ARG,ARG,ARG,ARG,ARG,ARG
291,VAL,VAL,VAL,VAL,VAL,VAL,VAL,VAL,VAL,VAL,VAL,VAL,VAL,VAL,VAL,VAL,VAL,VAL,VAL,VAL,VAL,VAL,VAL,VAL,VAL,VAL,VAL,VAL,VAL,VAL,VAL,VAL,VAL,VAL,VAL,VAL,VAL,VAL,VAL,VAL,VAL,VAL,VAL,VAL,VAL
292,PRO,PRO,PRO,PRO,PRO,PRO,PRO,PRO,PRO,PRO,PRO,PRO,PRO,PRO,PRO,PRO,PRO,PRO,PRO,PRO,PRO,PRO,PRO,PRO,PRO,PRO,PRO,PRO,PRO,PRO,PRO,PRO,PRO,PRO,PRO,PRO,PRO,PRO,PRO,PRO,PRO,PRO,PRO,PRO,PRO
293,ILE,ILE,ILE,ILE,ILE,ILE,ILE,ILE,ILE,ILE,ILE,ILE,ILE,ILE,ILE,ILE,ILE,ILE,ILE,ILE,ILE,ILE,ILE,ILE,ILE,ILE,ILE,ILE,ILE,ILE,ILE,ILE,ILE,ILE,ILE,ILE,ILE,ILE,ILE,ILE,ILE,ILE,ILE,ILE,ILE
294,VAL,VAL,VAL,VAL,VAL,VAL,VAL,VAL,VAL,VAL,VAL,VAL,VAL,VAL,VAL,VAL,VAL,VAL,VAL,VAL,VAL,VAL,VAL,VAL,VAL,VAL,VAL,VAL,VAL,VAL,VAL,VAL,VAL,VAL,VAL,VAL,VAL,VAL,VAL,VAL,VAL,VAL,VAL,VAL,VAL
295,PHE,PHE,PHE,PHE,PHE,PHE,PHE,PHE,PHE,PHE,PHE,PHE,PHE,PHE,PHE,PHE,PHE,PHE,PHE,PHE,PHE,PHE,PHE,PHE,PHE,PHE,PHE,PHE,PHE,PHE,PHE,PHE,PHE,PHE,PHE,PHE,PHE,PHE,PHE,PHE,PHE,PHE,PHE,PHE,PHE
296,ASP,ASP,ASP,ASP,ASP,ASP,ASP,ASP,ASP,ASP,ASP,ASP,ASP,ASP,ASP,ASP,ASP,ASP,ASP,ASP,ASP,ASP,ASP,ASP,ASP,ASP,ASP,ASP,ASP,ASP,ASP,ASP,ASP,ASP,ASP,ASP,ASP,ASP,ASP,ASP,ASP,ASP,ASP,ASP,ASP
297,SER,SER,SER,SER,SER,SER,SER,SER,SER,SER,SER,SER,SER,SER,SER,SER,SER,SER,SER,SER,SER,SER,SER,SER,SER,SER,SER,SER,SER,SER,SER,SER,SER,SER,SER,SER,SER,SER,SER,SER,SER,SER,SER,SER,SER
298,GLY,GLY,GLY,GLY,GLY,GLY,GLY,GLY,GLY,GLY,GLY,GLY,GLY,GLY,GLY,GLY,GLY,GLY,GLY,GLY,GLY,GLY,GLY,GLY,GLY,GLY,GLY,GLY,GLY,GLY,GLY,GLY,GLY,GLY,GLY,GLY,GLY,GLY,GLY,GLY,GLY,GLY,GLY,GLY,GLY
299,VAL,VAL,VAL,VAL,VAL,VAL,VAL,VAL,VAL,VAL,VAL,VAL,VAL,VAL,VAL,VAL,VAL,VAL,VAL,VAL,VAL,VAL,VAL,VAL,VAL,VAL,VAL,VAL,VAL,VAL,VAL,VAL,VAL,VAL,VAL,VAL,VAL,VAL,VAL,VAL,VAL,VAL,VAL,VAL,VAL
300,ARG,ARG,ARG,ARG,ARG,ARG,ARG,ARG,ARG,ARG,ARG,ARG,ARG,ARG,ARG,ARG,ARG,ARG,ARG,ARG,ARG,ARG,ARG,ARG,ARG,ARG,ARG,ARG,ARG,ARG,ARG,ARG,ARG,ARG,ARG,ARG,ARG,ARG,ARG,ARG,ARG,ARG,ARG,ARG,ARG
301,ARG,ARG,ARG,ARG,ARG,ARG,ARG,ARG,ARG,ARG,ARG,ARG,ARG,ARG,ARG,ARG,ARG,ARG,ARG,ARG,ARG,ARG,ARG,ARG,ARG,ARG,ARG,ARG,ARG,ARG,ARG,ARG,ARG,ARG,ARG,ARG,ARG,ARG,ARG,ARG,ARG,ARG,ARG,ARG,ARG
302,GLY,GLY,GLY,GLY,GLY,GLY,GLY,GLY,GLY,GLY,GLY,GLY,GLY,GLY,GLY,GLY,GLY,GLY,GLY,GLY,GLY,GLY,GLY,GLY,GLY,GLY,GLY,GLY,GLY,GLY,GLY,GLY,GLY,GLY,GLY,GLY,GLY,GLY,GLY,GLY,GLY,GLY,GLY,GLY,GLY
303,GLU,GLU,GLU,GLU,GLU,GLU,GLU,GLU,GLU,GLU,GLU,GLU,GLU,GLU,GLU,GLU,GLU,GLU,GLU,GLU,GLU,GLU,GLU,GLU,GLU,GLU,GLU,GLU,GLU,GLU,GLU,GLU,GLU,GLU,GLU,GLU,GLU,GLU,GLU,GLU,GLU,GLU,GLU,GLU,GLU
304,HIS,HIS,HIS,HIS,HIS,HIS,HIS,HIS,HIS,HIS,HIS,HIS,HIS,HIS,HIS,HIS,HIS,HIS,HIS,HIS,HIS,HIS,HIS,HIS,HIS,HIS,HIS,HIS,HIS,HIS,HIS,HIS,HIS,HIS,HIS,HIS,HIS,HIS,HIS,HIS,HIS,HIS,HIS,HIS,HIS
305,VAL,VAL,VAL,VAL,VAL,VAL,VAL,VAL,VAL,VAL,VAL,VAL,VAL,VAL,VAL,VAL,VAL,VAL,VAL,VAL,VAL,VAL,VAL,VAL,VAL,VAL,VAL,VAL,VAL,VAL,VAL,VAL,VAL,VAL,VAL,VAL,VAL,VAL,VAL,VAL,VAL,VAL,VAL,VAL,VAL
306,ALA,ALA,ALA,ALA,ALA,ALA,ALA,ALA,ALA,ALA,ALA,ALA,ALA,ALA,ALA,ALA,ALA,ALA,ALA,ALA,ALA,ALA,ALA,ALA,ALA,ALA,ALA,ALA,ALA,ALA,ALA,ALA,ALA,ALA,ALA,ALA,ALA,ALA,ALA,ALA,ALA,ALA,ALA,ALA,ALA
307,LYS,LYS,LYS,LYS,LYS,LYS,LYS,LYS,LYS,LYS,LYS,LYS,LYS,LYS,LYS,LYS,LYS,LYS,LYS,LYS,LYS,LYS,LYS,LYS,LYS,LYS,LYS,LYS,LYS,LYS,LYS,LYS,LYS,LYS,LYS,LYS,LYS,LYS,LYS,LYS,LYS,LYS,LYS,LYS,LYS
308,ALA,ALA,ALA,ALA,ALA,ALA,ALA,ALA,ALA,ALA,ALA,ALA,ALA,ALA,ALA,ALA,ALA,ALA,ALA,ALA,ALA,ALA,ALA,ALA,ALA,ALA,ALA,ALA,ALA,ALA,ALA,ALA,ALA,ALA,ALA,ALA,ALA,ALA,ALA,ALA,ALA,ALA,ALA,ALA,ALA
309,LEU,LEU,LEU,LEU,LEU,LEU,LEU,LEU,LEU,LEU,LEU,LEU,LEU,LEU,LEU,LEU,LEU,LEU,LEU,LEU,LEU,LEU,LEU,LEU,LEU,LEU,LEU,LEU,LEU,LEU,LEU,LEU,LEU,LEU,LEU,LEU,LEU,LEU,LEU,LEU,LEU,LEU,LEU,LEU,LEU
310,ALA,ALA,ALA,ALA,ALA,ALA,ALA,ALA,ALA,ALA,ALA,ALA,ALA,ALA,ALA,ALA,ALA,ALA,ALA,ALA,ALA,ALA,ALA,ALA,ALA,ALA,ALA,ALA,ALA,ALA,ALA,ALA,ALA,ALA,ALA,ALA,ALA,ALA,ALA,ALA,ALA,ALA,ALA,ALA,ALA
311,SER,SER,SER,SER,SER,SER,SER,SER,SER,SER,SER,SER,SER,SER,SER,SER,SER,SER,SER,SER,SER,SER,SER,SER,SER,SER,SER,SER,SER,SER,SER,SER,SER,SER,SER,SER,SER,SER,SER,SER,SER,SER,SER,SER,SER
312,GLY,GLY,GLY,GLY,GLY,GLY,GLY,GLY,GLY,GLY,GLY,GLY,GLY,GLY,GLY,GLY,GLY,GLY,GLY,GLY,GLY,GLY,GLY,GLY,GLY,GLY,GLY,GLY,GLY,GLY,GLY,GLY,GLY,GLY,GLY,GLY,GLY,GLY,GLY,GLY,GLY,GLY,GLY,GLY,GLY
313,ALA,ALA,ALA,ALA,ALA,ALA,ALA,ALA,ALA,ALA,ALA,ALA,ALA,ALA,ALA,ALA,ALA,ALA,ALA,ALA,ALA,ALA,ALA,ALA,ALA,ALA,ALA,ALA,ALA,ALA,ALA,ALA,ALA,ALA,ALA,ALA,ALA,ALA,ALA,ALA,ALA,ALA,ALA,ALA,ALA
314,ASP,ASP,ASP,ASP,ASP,ASP,ASP,ASP,ASP,ASP,ASP,ASP,ASP,ASP,ASP,ASP,ASP,ASP,ASP,ASP,ASP,ASP,ASP,ASP,ASP,ASP,ASP,ASP,ASP,ASP,ASP,ASP,ASP,ASP,ASP,ASP,ASP,ASP,ASP,ASP,ASP,ASP,ASP,ASP,ASP
315,VAL,VAL,VAL,VAL,VAL,VAL,VAL,VAL,VAL,VAL,VAL,VAL,VAL,VAL,VAL,VAL,VAL,VAL,VAL,VAL,VAL,VAL,VAL,VAL,VAL,VAL,VAL,VAL,VAL,VAL,VAL,VAL,VAL,VAL,VAL,VAL,VAL,VAL,VAL,VAL,VAL,VAL,VAL,VAL,VAL
316,VAL,VAL,VAL,VAL,VAL,VAL,VAL,VAL,VAL,VAL,VAL,VAL,VAL,VAL,VAL,VAL,VAL,VAL,VAL,VAL,VAL,VAL,VAL,VAL,VAL,VAL,VAL,VAL,VAL,VAL,VAL,VAL,VAL,VAL,VAL,VAL,VAL,VAL,VAL,VAL,VAL,VAL,VAL,VAL,VAL
317,ALA,ALA,ALA,ALA,ALA,ALA,ALA,ALA,ALA,ALA,ALA,ALA,ALA,ALA,ALA,ALA,ALA,ALA,ALA,ALA,ALA,ALA,ALA,ALA,ALA,ALA,ALA,ALA,ALA,ALA,ALA,ALA,ALA,ALA,ALA,ALA,ALA,ALA,ALA,ALA,ALA,ALA,ALA,ALA,ALA
318,LEU,LEU,LEU,LEU,LEU,LEU,LEU,LEU,LEU,LEU,LEU,LEU,LEU,LEU,LEU,LEU,LEU,LEU,LEU,LEU,LEU,LEU,LEU,LEU,LEU,LEU,LEU,LEU,LEU,LEU,LEU,LEU,LEU,LEU,LEU,LEU,LEU,LEU,LEU,LEU,LEU,LEU,LEU,LEU,LEU
319,GLY,GLY,GLY,GLY,GLY,GLY,GLY,GLY,GLY,GLY,GLY,GLY,GLY,GLY,GLY,GLY,GLY,GLY,GLY,GLY,GLY,GLY,GLY,GLY,GLY,GLY,GLY,GLY,GLY,GLY,GLY,GLY,GLY,GLY,GLY,GLY,GLY,GLY,GLY,GLY,GLY,GLY,GLY,GLY,GLY
320,ARG,ARG,ARG,ARG,ARG,ARG,ARG,ARG,ARG,ARG,ARG,ARG,ARG,ARG,ARG,ARG,ARG,ARG,ARG,ARG,ARG,ARG,ARG,ARG,ARG,ARG,ARG,ARG,ARG,ARG,ARG,ARG,ARG,ARG,ARG,ARG,ARG,ARG,ARG,ARG,ARG,ARG,ARG,ARG,ARG
321,PRO,PRO,PRO,PRO,PRO,PRO,PRO,PRO,PRO,PRO,PRO,PRO,PRO,PRO,PRO,PRO,PRO,PRO,PRO,PRO,PRO,PRO,PRO,PRO,PRO,PRO,PRO,PRO,PRO,PRO,PRO,PRO,PRO,PRO,PRO,PRO,PRO,PRO,PRO,PRO,PRO,PRO,PRO,PRO,PRO
322,VAL,VAL,VAL,VAL,VAL,VAL,VAL,VAL,VAL,VAL,VAL,VAL,VAL,VAL,VAL,VAL,VAL,VAL,VAL,VAL,VAL,VAL,VAL,VAL,VAL,VAL,VAL,VAL,VAL,VAL,VAL,VAL,VAL,VAL,VAL,VAL,VAL,VAL,VAL,VAL,VAL,VAL,VAL,VAL,VAL
323,LEU,LEU,LEU,LEU,LEU,LEU,LEU,LEU,LEU,LEU,LEU,LEU,LEU,LEU,LEU,LEU,LEU,LEU,LEU,LEU,LEU,LEU,LEU,LEU,LEU,LEU,LEU,LEU,LEU,LEU,LEU,LEU,LEU,LEU,LEU,LEU,LEU,LEU,LEU,LEU,LEU,LEU,LEU,LEU,LEU
324,PHE,PHE,PHE,PHE,PHE,PHE,PHE,PHE,PHE,PHE,PHE,PHE,PHE,PHE,PHE,PHE,PHE,PHE,PHE,PHE,PHE,PHE,PHE,PHE,PHE,PHE,PHE,PHE,PHE,PHE,PHE,PHE,PHE,PHE,PHE,PHE,PHE,PHE,PHE,PHE,PHE,PHE,PHE,PHE,PHE
325,GLY,GLY,GLY,GLY,GLY,GLY,GLY,GLY,GLY,GLY,GLY,GLY,GLY,GLY,GLY,GLY,GLY,GLY,GLY,GLY,GLY,GLY,GLY,GLY,GLY,GLY,GLY,GLY,GLY,GLY,GLY,GLY,GLY,GLY,GLY,GLY,GLY,GLY,GLY,GLY,GLY,GLY,GLY,GLY,GLY
326,LEU,LEU,LEU,LEU,LEU,LEU,LEU,LEU,LEU,LEU,LEU,LEU,LEU,LEU,LEU,LEU,LEU,LEU,LEU,LEU,LEU,LEU,LEU,LEU,LEU,LEU,LEU,LEU,LEU,LEU,LEU,LEU,LEU,LEU,LEU,LEU,LEU,LEU,LEU,LEU,LEU,LEU,LEU,LEU,LEU
327,ALA,ALA,ALA,ALA,ALA,ALA,ALA,ALA,ALA,ALA,ALA,ALA,ALA,ALA,ALA,ALA,ALA,ALA,ALA,ALA,ALA,ALA,ALA,ALA,ALA,ALA,ALA,ALA,ALA,ALA,ALA,ALA,ALA,ALA,ALA,ALA,ALA,ALA,ALA,ALA,ALA,ALA,ALA,ALA,ALA
328,LEU,LEU,LEU,LEU,LEU,LEU,LEU,LEU,LEU,LEU,LEU,LEU,LEU,LEU,LEU,LEU,LEU,LEU,LEU,LEU,LEU,LEU,LEU,LEU,LEU,LEU,LEU,LEU,LEU,LEU,LEU,LEU,LEU,LEU,LEU,LEU,LEU,LEU,LEU,LEU,LEU,LEU,LEU,LEU,LEU
329,GLY,GLY,GLY,GLY,GLY,GLY,GLY,GLY,GLY,GLY,GLY,GLY,GLY,GLY,GLY,GLY,GLY,GLY,GLY,GLY,GLY,GLY,GLY,GLY,GLY,GLY,GLY,GLY,GLY,GLY,GLY,GLY,GLY,GLY,GLY,GLY,GLY,GLY,GLY,GLY,GLY,GLY,GLY,GLY,GLY
330,GLY,GLY,GLY,GLY,GLY,GLY,GLY,GLY,GLY,GLY,GLY,GLY,GLY,GLY,GLY,GLY,GLY,GLY,GLY,GLY,GLY,GLY,GLY,GLY,GLY,GLY,GLY,GLY,GLY,GLY,GLY,GLY,GLY,GLY,GLY,GLY,GLY,GLY,GLY,GLY,GLY,GLY,GLY,GLY,GLY
331,TRP,TRP,TRP,TRP,TRP,TRP,TRP,TRP,TRP,TRP,TRP,TRP,TRP,TRP,TRP,TRP,TRP,TRP,TRP,TRP,TRP,TRP,TRP,TRP,TRP,TRP,TRP,TRP,TRP,TRP,TRP,TRP,TRP,TRP,TRP,TRP,TRP,TRP,TRP,TRP,TRP,TRP,TRP,TRP,TRP
332,GLN,GLN,GLN,GLN,GLN,GLN,GLN,GLN,GLN,GLN,GLN,GLN,GLN,GLN,GLN,GLN,GLN,GLN,GLN,GLN,GLN,GLN,GLN,GLN,GLN,GLN,GLN,GLN,GLN,GLN,GLN,GLN,GLN,GLN,GLN,GLN,GLN,GLN,GLN,GLN,GLN,GLN,GLN,GLN,GLN
333,GLY,GLY,GLY,GLY,GLY,GLY,GLY,GLY,GLY,GLY,GLY,GLY,GLY,GLY,GLY,GLY,GLY,GLY,GLY,GLY,GLY,GLY,GLY,GLY,GLY,GLY,GLY,GLY,GLY,GLY,GLY,GLY,GLY,GLY,GLY,GLY,GLY,GLY,GLY,GLY,GLY,GLY,GLY,GLY,GLY
334,ALA,ALA,ALA,ALA,ALA,ALA,ALA,ALA,ALA,ALA,ALA,ALA,ALA,ALA,ALA,ALA,ALA,ALA,ALA,ALA,ALA,ALA,ALA,ALA,ALA,ALA,ALA,ALA,ALA,ALA,ALA,ALA,ALA,ALA,ALA,ALA,ALA,ALA,ALA,ALA,ALA,ALA,ALA,ALA,ALA
335,TYR,TYR,TYR,TYR,TYR,TYR,TYR,TYR,TYR,TYR,TYR,TYR,TYR,TYR,TYR,TYR,TYR,TYR,TYR,TYR,TYR,TYR,TYR,TYR,TYR,TYR,TYR,TYR,TYR,TYR,TYR,TYR,TYR,TYR,TYR,TYR,TYR,TYR,TYR,TYR,TYR,TYR,TYR,TYR,TYR
336,SER,SER,SER,SER,SER,SER,SER,SER,SER,SER,SER,SER,SER,SER,SER,SER,SER,SER,SER,SER,SER,SER,SER,SER,SER,SER,SER,SER,SER,SER,SER,SER,SER,SER,SER,SER,SER,SER,SER,SER,SER,SER,SER,SER,SER
337,VAL,VAL,VAL,VAL,VAL,VAL,VAL,VAL,VAL,VAL,VAL,VAL,VAL,VAL,VAL,VAL,VAL,VAL,VAL,VAL,VAL,VAL,VAL,VAL,VAL,VAL,VAL,VAL,VAL,VAL,VAL,VAL,VAL,VAL,VAL,VAL,VAL,VAL,VAL,VAL,VAL,VAL,VAL,VAL,VAL
338,LEU,LEU,LEU,LEU,LEU,LEU,LEU,LEU,LEU,LEU,LEU,LEU,LEU,LEU,LEU,LEU,LEU,LEU,LEU,LEU,LEU,LEU,LEU,LEU,LEU,LEU,LEU,LEU,LEU,LEU,LEU,LEU,LEU,LEU,LEU,LEU,LEU,LEU,LEU,LEU,LEU,LEU,LEU,LEU,LEU
339,ASP,ASP,ASP,ASP,ASP,ASP,ASP,ASP,ASP,ASP,ASP,ASP,ASP,ASP,ASP,ASP,ASP,ASP,ASP,ASP,ASP,ASP,ASP,ASP,ASP,ASP,ASP,ASP,ASP,ASP,ASP,ASP,ASP,ASP,ASP,ASP,ASP,ASP,ASP,ASP,ASP,ASP,ASP,ASP,ASP
340,TYR,TYR,TYR,TYR,TYR,TYR,TYR,TYR,TYR,TYR,TYR,TYR,TYR,TYR,TYR,TYR,TYR,TYR,TYR,TYR,TYR,TYR,TYR,TYR,TYR,TYR,TYR,TYR,TYR,TYR,TYR,TYR,TYR,TYR,TYR,TYR,TYR,TYR,TYR,TYR,TYR,TYR,TYR,TYR,TYR
341,PHE,PHE,PHE,PHE,PHE,PHE,PHE,PHE,PHE,PHE,PHE,PHE,PHE,PHE,PHE,PHE,PHE,PHE,PHE,PHE,PHE,PHE,PHE,PHE,PHE,PHE,PHE,PHE,PHE,PHE,PHE,PHE,PHE,PHE,PHE,PHE,PHE,PHE,PHE,PHE,PHE,PHE,PHE,PHE,PHE
342,GLN,GLN,GLN,GLN,GLN,GLN,GLN,GLN,GLN,GLN,GLN,GLN,GLN,GLN,GLN,GLN,GLN,GLN,GLN,GLN,GLN,GLN,GLN,GLN,GLN,GLN,GLN,GLN,GLN,GLN,GLN,GLN,GLN,GLN,GLN,GLN,GLN,GLN,GLN,GLN,GLN,GLN,GLN,GLN,GLN
343,LYS,LYS,LYS,LYS,LYS,LYS,LYS,LYS,LYS,LYS,LYS,LYS,LYS,LYS,LYS,LYS,LYS,LYS,LYS,LYS,LYS,LYS,LYS,LYS,LYS,LYS,LYS,LYS,LYS,LYS,LYS,LYS,LYS,LYS,LYS,LYS,LYS,LYS,LYS,LYS,LYS,LYS,LYS,LYS,LYS
344,ASP,ASP,ASP,ASP,ASP,ASP,ASP,ASP,ASP,ASP,ASP,ASP,ASP,ASP,ASP,ASP,ASP,ASP,ASP,ASP,ASP,ASP,ASP,ASP,ASP,ASP,ASP,ASP,ASP,ASP,ASP,ASP,ASP,ASP,ASP,ASP,ASP,ASP,ASP,ASP,ASP,ASP,ASP,ASP,ASP
345,LEU,LEU,LEU,LEU,LEU,LEU,LEU,LEU,LEU,LEU,LEU,LEU,LEU,LEU,LEU,LEU,LEU,LEU,LEU,LEU,LEU,LEU,LEU,LEU,LEU,LEU,LEU,LEU,LEU,LEU,LEU,LEU,LEU,LEU,LEU,LEU,LEU,LEU,LEU,LEU,LEU,LEU,LEU,LEU,LEU
346,THR,THR,THR,THR,THR,THR,THR,THR,THR,THR,THR,THR,THR,THR,THR,THR,THR,THR,THR,THR,THR,THR,THR,THR,THR,THR,THR,THR,THR,THR,THR,THR,THR,THR,THR,THR,THR,THR,THR,THR,THR,THR,THR,THR,THR
347,ARG,ARG,ARG,ARG,ARG,ARG,ARG,ARG,ARG,ARG,ARG,ARG,ARG,ARG,ARG,ARG,ARG,ARG,ARG,ARG,ARG,ARG,ARG,ARG,ARG,ARG,ARG,ARG,ARG,ARG,ARG,ARG,ARG,ARG,ARG,ARG,ARG,ARG,ARG,ARG,ARG,ARG,ARG,ARG,ARG
348,VAL,VAL,VAL,VAL,VAL,VAL,VAL,VAL,VAL,VAL,VAL,VAL,VAL,VAL,VAL,VAL,VAL,VAL,VAL,VAL,VAL,VAL,VAL,VAL,VAL,VAL,VAL,VAL,VAL,VAL,VAL,VAL,VAL,VAL,VAL,VAL,VAL,VAL,VAL,VAL,VAL,VAL,VAL,VAL,VAL
349,MET,MET,MET,MET,MET,MET,MET,MET,MET,MET,MET,MET,MET,MET,MET,MET,MET,MET,MET,MET,MET,MET,MET,MET,MET,MET,MET,MET,MET,MET,MET,MET,MET,MET,MET,MET,MET,MET,MET,MET,MET,MET,MET,MET,MET
350,GLN,GLN,GLN,GLN,GLN,GLN,GLN,GLN,GLN,GLN,GLN,GLN,GLN,GLN,GLN,GLN,GLN,GLN,GLN,GLN,GLN,GLN,GLN,GLN,GLN,GLN,GLN,GLN,GLN,GLN,GLN,GLN,GLN,GLN,GLN,GLN,GLN,GLN,GLN,GLN,GLN,GLN,GLN,GLN,GLN
351,LEU,LEU,LEU,LEU,LEU,LEU,LEU,LEU,LEU,LEU,LEU,LEU,LEU,LEU,LEU,LEU,LEU,LEU,LEU,LEU,LEU,LEU,LEU,LEU,LEU,LEU,LEU,LEU,LEU,LEU,LEU,LEU,LEU,LEU,LEU,LEU,LEU,LEU,LEU,LEU,LEU,LEU,LEU,LEU,LEU
352,THR,THR,THR,THR,THR,THR,THR,THR,THR,THR,THR,THR,THR,THR,THR,THR,THR,THR,THR,THR,THR,THR,THR,THR,THR,THR,THR,THR,THR,THR,THR,THR,THR,THR,THR,THR,THR,THR,THR,THR,THR,THR,THR,THR,THR
353,GLY,GLY,GLY,GLY,GLY,GLY,GLY,GLY,GLY,GLY,GLY,GLY,GLY,GLY,GLY,GLY,GLY,GLY,GLY,GLY,GLY,GLY,GLY,GLY,GLY,GLY,GLY,GLY,GLY,GLY,GLY,GLY,GLY,GLY,GLY,GLY,GLY,GLY,GLY,GLY,GLY,GLY,GLY,GLY,GLY
354,SER,SER,SER,SER,SER,SER,SER,SER,SER,SER,SER,SER,SER,SER,SER,SER,SER,SER,SER,SER,SER,SER,SER,SER,SER,SER,SER,SER,SER,SER,SER,SER,SER,SER,SER,SER,SER,SER,SER,SER,SER,SER,SER,SER,SER
355,GLN,GLN,GLN,GLN,GLN,GLN,GLN,GLN,GLN,GLN,GLN,GLN,GLN,GLN,GLN,GLN,GLN,GLN,GLN,GLN,GLN,GLN,GLN,GLN,GLN,GLN,GLN,GLN,GLN,GLN,GLN,GLN,GLN,GLN,GLN,GLN,GLN,GLN,GLN,GLN,GLN,GLN,GLN,GLN,GLN
356,ASN,ASN,ASN,ASN,ASN,ASN,ASN,ASN,ASN,ASN,ASN,ASN,ASN,ASN,ASN,ASN,ASN,ASN,ASN,ASN,ASN,ASN,ASN,ASN,ASN,ASN,ASN,ASN,ASN,ASN,ASN,ASN,ASN,ASN,ASN,ASN,ASN,ASN,ASN,ASN,ASN,ASN,ASN,ASN,ASN
357,VAL,VAL,VAL,VAL,VAL,VAL,VAL,VAL,VAL,VAL,VAL,VAL,VAL,VAL,VAL,VAL,VAL,VAL,VAL,VAL,VAL,VAL,VAL,VAL,VAL,VAL,VAL,VAL,VAL,VAL,VAL,VAL,VAL,VAL,VAL,VAL,VAL,VAL,VAL,VAL,VAL,VAL,VAL,VAL,VAL
358,GLU,GLU,GLU,GLU,GLU,GLU,GLU,GLU,GLU,GLU,GLU,GLU,GLU,GLU,GLU,GLU,GLU,GLU,GLU,GLU,GLU,GLU,GLU,GLU,GLU,GLU,GLU,GLU,GLU,GLU,GLU,GLU,GLU,GLU,GLU,GLU,GLU,GLU,GLU,GLU,GLU,GLU,GLU,GLU,GLU
359,ASP,ASP,ASP,ASP,ASP,ASP,ASP,ASP,ASP,ASP,ASP,ASP,ASP,ASP,ASP,ASP,ASP,ASP,ASP,ASP,ASP,ASP,ASP,ASP,ASP,ASP,ASP,ASP,ASP,ASP,ASP,ASP,ASP,ASP,ASP,ASP,ASP,ASP,ASP,ASP,ASP,ASP,ASP,ASP,ASP
360,LEU,LEU,LEU,LEU,LEU,LEU,LEU,LEU,LEU,LEU,LEU,LEU,LEU,LEU,LEU,LEU,LEU,LEU,LEU,LEU,LEU,LEU,LEU,LEU,LEU,LEU,LEU,LEU,LEU,LEU,LEU,LEU,LEU,LEU,LEU,LEU,LEU,LEU,LEU,LEU,LEU,LEU,LEU,LEU,LEU
361,LYS,LYS,LYS,LYS,LYS,LYS,LYS,LYS,LYS,LYS,LYS,LYS,LYS,LYS,LYS,LYS,LYS,LYS,LYS,LYS,LYS,LYS,LYS,LYS,LYS,LYS,LYS,LYS,LYS,LYS,LYS,LYS,LYS,LYS,LYS,LYS,LYS,LYS,LYS,LYS,LYS,LYS,LYS,LYS,LYS
362,GLY,GLY,GLY,GLY,GLY,GLY,GLY,GLY,GLY,GLY,GLY,GLY,GLY,GLY,GLY,GLY,GLY,GLY,GLY,GLY,GLY,GLY,GLY,GLY,GLY,GLY,GLY,GLY,GLY,GLY,GLY,GLY,GLY,GLY,GLY,GLY,GLY,GLY,GLY,GLY,GLY,GLY,GLY,GLY,GLY
363,LEU,LEU,LEU,LEU,LEU,LEU,LEU,LEU,LEU,LEU,LEU,LEU,LEU,LEU,LEU,LEU,LEU,LEU,LEU,LEU,LEU,LEU,LEU,LEU,LEU,LEU,LEU,LEU,LEU,LEU,LEU,LEU,LEU,LEU,LEU,LEU,LEU,LEU,LEU,LEU,LEU,LEU,LEU,LEU,LEU
364,ASP,ASP,ASP,ASP,ASP,ASP,ASP,ASP,ASP,ASP,ASP,ASP,ASP,ASP,ASP,ASP,ASP,ASP,ASP,ASP,ASP,ASP,ASP,ASP,ASP,ASP,ASP,ASP,ASP,ASP,ASP,ASP,ASP,ASP,ASP,ASP,ASP,ASP,ASP,ASP,ASP,ASP,ASP,ASP,ASP
365,LEU,LEU,LEU,LEU,LEU,LEU,LEU,LEU,LEU,LEU,LEU,LEU,LEU,LEU,LEU,LEU,LEU,LEU,LEU,LEU,LEU,LEU,LEU,LEU,LEU,LEU,LEU,LEU,LEU,LEU,LEU,LEU,LEU,LEU,LEU,LEU,LEU,LEU,LEU,LEU,LEU,LEU,LEU,LEU,LEU
366,PHE,PHE,PHE,PHE,PHE,PHE,PHE,PHE,PHE,PHE,PHE,PHE,PHE,PHE,PHE,PHE,PHE,PHE,PHE,PHE,PHE,PHE,PHE,PHE,PHE,PHE,PHE,PHE,PHE,PHE,PHE,PHE,PHE,PHE,PHE,PHE,PHE,PHE,PHE,PHE,PHE,PHE,PHE,PHE,PHE
367,ASP,ASP,ASP,ASP,ASP,ASP,ASP,ASP,ASP,ASP,ASP,ASP,ASP,ASP,ASP,ASP,ASP,ASP,ASP,ASP,ASP,ASP,ASP,ASP,ASP,ASP,ASP,ASP,ASP,ASP,ASP,ASP,ASP,ASP,ASP,ASP,ASP,ASP,ASP,ASP,ASP,ASP,ASP,ASP,ASP
368,ASN,ASN,ASN,ASN,ASN,ASN,ASN,ASN,ASN,ASN,ASN,ASN,ASN,ASN,ASN,ASN,ASN,ASN,ASN,ASN,ASN,ASN,ASN,ASN,ASN,ASN,ASN,ASN,ASN,ASN,ASN,ASN,ASN,ASN,ASN,ASN,ASN,ASN,ASN,ASN,ASN,ASN,ASN,ASN,ASN
369,PRO,PRO,PRO,PRO,PRO,PRO,PRO,PRO,PRO,PRO,PRO,PRO,PRO,PRO,PRO,PRO,PRO,PRO,PRO,PRO,PRO,PRO,PRO,PRO,PRO,PRO,PRO,PRO,PRO,PRO,PRO,PRO,PRO,PRO,PRO,PRO,PRO,PRO,PRO,PRO,PRO,PRO,PRO,PRO,PRO
370,TYR,TYR,TYR,TYR,TYR,TYR,TYR,TYR,TYR,TYR,TYR,TYR,TYR,TYR,TYR,TYR,TYR,TYR,TYR,TYR,TYR,TYR,TYR,TYR,TYR,TYR,TYR,TYR,TYR,TYR,TYR,TYR,TYR,TYR,TYR,TYR,TYR,TYR,TYR,TYR,TYR,TYR,TYR,TYR,TYR
371,GLY,GLY,GLY,GLY,GLY,GLY,GLY,GLY,GLY,GLY,GLY,GLY,GLY,GLY,GLY,GLY,GLY,GLY,GLY,GLY,GLY,GLY,GLY,GLY,GLY,GLY,GLY,GLY,GLY,GLY,GLY,GLY,GLY,GLY,GLY,GLY,GLY,GLY,GLY,GLY,GLY,GLY,GLY,GLY,GLY
372,TYR,TYR,TYR,TYR,TYR,TYR,TYR,TYR,TYR,TYR,TYR,TYR,TYR,TYR,TYR,TYR,TYR,TYR,TYR,TYR,TYR,TYR,TYR,TYR,TYR,TYR,TYR,TYR,TYR,TYR,TYR,TYR,TYR,TYR,TYR,TYR,TYR,TYR,TYR,TYR,TYR,TYR,TYR,TYR,TYR
373,GLU,GLU,GLU,GLU,GLU,GLU,GLU,GLU,GLU,GLU,GLU,GLU,GLU,GLU,GLU,GLU,GLU,GLU,GLU,GLU,GLU,GLU,GLU,GLU,GLU,GLU,GLU,GLU,GLU,GLU,GLU,GLU,GLU,GLU,GLU,GLU,GLU,GLU,GLU,GLU,GLU,GLU,GLU,GLU,GLU
374,TYR,TYR,TYR,TYR,TYR,TYR,TYR,TYR,TYR,TYR,TYR,TYR,TYR,TYR,TYR,TYR,TYR,TYR,TYR,TYR,TYR,TYR,TYR,TYR,TYR,TYR,TYR,TYR,TYR,TYR,TYR,TYR,TYR,TYR,TYR,TYR,TYR,TYR,TYR,TYR,TYR,TYR,TYR,TYR,TYR
