residue_id,residue_name,conservation_score,neighbour_count,neighbours,hydrophobicity,volume,proton_donor,binding,REL ASA
1,MET,,2,"[2, 5]",1.9,162.9,0.0,N,1.0
2,ASN,,2,"[1, 3]",-3.5,114.1,2.5,N,0.96
3,ASN,,2,"[2, 4]",-3.5,114.1,2.5,N,0.9
4,ASN,,3,"[3, 5, 193]",-3.5,114.1,2.5,N,0.84
5,ASP,,1,[6],-3.5,111.1,1.0,N,0.84
6,ILE,,1,[7],4.5,166.7,0.0,N,0.93
7,GLU,,1,[8],-3.5,138.4,1.0,N,0.92
8,TYR,,2,"[7, 9]",-1.3,193.6,2.5,N,0.23
9,ASN,,2,"[8, 10]",-3.5,114.1,2.5,N,0.84
10,ALA,,2,"[9, 11]",1.8,88.6,0.0,N,0.07
11,PRO,,3,"[10, 12, 101]",-1.6,112.7,0.0,N,0.1
12,SER,,2,"[11, 13]",-0.8,89.0,2.5,N,0.62
13,GLU,,2,"[12, 14]",-3.5,138.4,1.0,N,0.57
14,ILE,,2,"[13, 15]",4.5,166.7,0.0,N,0.5
15,LYS,,2,"[14, 16]",-3.9,168.6,1.0,N,0.46
16,TYR,,2,"[15, 17]",-1.3,193.6,2.5,N,0.57
17,ILE,,2,"[16, 18]",4.5,166.7,0.0,N,0.15
18,ASP,,2,"[17, 19]",-3.5,111.1,1.0,N,1.0
19,VAL,,2,"[18, 20]",4.2,140.0,0.0,N,0.17
20,VAL,,2,"[19, 21]",4.2,140.0,0.0,N,0.83
21,ASN,,2,"[20, 22]",-3.5,114.1,2.5,N,0.14
22,THR,,2,"[21, 23]",-0.7,116.1,2.5,N,0.0
23,TYR,,2,"[22, 24]",-1.3,193.6,2.5,N,0.29
24,ASP,,2,"[23, 25]",-3.5,111.1,1.0,N,0.45
25,LEU,,3,"[24, 26, 28]",3.8,166.7,0.0,N,0.02
26,GLU,,2,"[25, 27]",-3.5,138.4,1.0,"Y (pdb4rje_A, pdb4rje_B, pdb4rje_C)",0.24
27,GLU,,3,"[26, 28, 328]",-3.5,138.4,1.0,N,0.6
28,GLU,,6,"[25, 27, 29, 329, 330, 331]",-3.5,138.4,1.0,N,0.42
29,ALA,,7,"[28, 30, 326, 327, 329, 330, 331]",1.8,88.6,0.0,N,0.0
30,SER,,6,"[29, 31, 33, 327, 328, 329]",-0.8,89.0,2.5,N,0.38
31,LYS,,2,"[30, 32]",-3.9,168.6,1.0,N,0.69
32,VAL,,2,"[31, 33]",4.2,140.0,0.0,N,0.46
33,VAL,,3,"[30, 32, 34]",4.2,140.0,0.0,N,0.06
34,PRO,,2,"[33, 35]",-1.6,112.7,0.0,N,0.26
35,HIS,,2,"[34, 36]",-3.2,153.2,2.5,N,0.69
36,GLY,,2,"[35, 37]",-0.4,60.4,0.0,N,0.26
37,GLY,,3,"[36, 38, 40]",-0.4,60.4,0.0,N,0.0
38,PHE,,3,"[37, 39, 327]",2.8,189.9,0.0,N,0.11
39,ASN,,2,"[38, 40]",-3.5,114.1,2.5,N,0.11
40,TYR,,3,"[37, 39, 41]",-1.3,193.6,2.5,"Y (pdb2nli_A, pdb2nli_B, pdb4rje_A, pdb4rje_B, pdb4rje_C, pdb4rje_D, pdb4yl2_A, pdb4yl2_B, pdb4yl2_C, pdb4yl2_C, pdb4yl2_D, pdb4yl2_D, pdb5ebu_A, pdb5ebu_B, pdb5ebu_C, pdb5ebu_D, pdb5ebu_D, pdb5ebu_E, pdb5ebu_F, pdb5ebu_G, pdb5ebu_H), Q44467",0.06
41,ILE,,2,"[40, 42]",4.5,166.7,0.0,"Y (pdb2j6x_A, pdb2j6x_F, pdb2j6x_H, pdb2nli_B, pdb2zfa_A, pdb2zfa_B, pdb4yl2_A, pdb4yl2_B, pdb4yl2_C, pdb4yl2_D, pdb5ebu_C, pdb5ebu_D, pdb5ebu_E, pdb5ebu_F, pdb5ebu_G, pdb5ebu_H)",0.06
42,ALA,,2,"[41, 43]",1.8,88.6,0.0,N,0.0
43,GLY,,2,"[42, 44]",-0.4,60.4,0.0,N,0.02
44,ALA,,3,"[43, 45, 268]",1.8,88.6,0.0,N,0.01
45,SER,,4,"[44, 46, 180, 181]",-0.8,89.0,2.5,N,0.01
46,GLY,,2,"[45, 47]",-0.4,60.4,0.0,N,0.11
47,ASP,,2,"[46, 48]",-3.5,111.1,1.0,N,0.62
48,GLU,,2,"[47, 49]",-3.5,138.4,1.0,N,0.13
49,TRP,,2,"[48, 50]",-0.9,227.8,1.0,N,0.49
50,THR,,3,"[49, 51, 53]",-0.7,116.1,2.5,N,0.01
51,LYS,,3,"[50, 52, 267]",-3.9,168.6,1.0,"Y (pdb4rje_A, pdb4rje_B, pdb4rje_C)",0.21
52,ARG,,2,"[51, 53]",-4.5,173.4,1.0,N,0.44
53,ALA,,4,"[50, 52, 54, 275]",1.8,88.6,0.0,N,0.13
54,ASN,,3,"[53, 55, 275]",-3.5,114.1,2.5,N,0.02
55,ASP,,2,"[54, 56]",-3.5,111.1,1.0,N,0.25
56,ARG,,2,"[55, 57]",-4.5,173.4,1.0,N,0.3
57,ALA,,2,"[56, 58]",1.8,88.6,0.0,N,0.0
58,TRP,,2,"[57, 59]",-0.9,227.8,1.0,N,0.0
59,LYS,,2,"[58, 60]",-3.9,168.6,1.0,N,0.37
60,HIS,,3,"[59, 61, 368]",-3.2,153.2,2.5,N,0.34
61,LYS,,3,"[60, 62, 367]",-3.9,168.6,1.0,N,0.3
62,LEU,,3,"[61, 63, 366]",3.8,166.7,0.0,N,0.37
63,LEU,,2,"[62, 64]",3.8,166.7,0.0,N,0.22
64,TYR,,2,"[63, 65]",-1.3,193.6,2.5,N,0.47
65,PRO,,3,"[64, 66, 352]",-1.6,112.7,0.0,N,0.73
66,ARG,,3,"[65, 67, 352]",-4.5,173.4,1.0,N,0.42
67,LEU,,2,"[66, 68]",3.8,166.7,0.0,N,0.85
68,ALA,,2,"[67, 69]",1.8,88.6,0.0,N,1.0
69,GLN,,3,"[68, 70, 353]",-3.5,143.8,2.5,N,0.39
70,ASP,,2,"[69, 71]",-3.5,111.1,1.0,N,1.0
71,VAL,,2,"[70, 72]",4.2,140.0,0.0,N,0.18
72,GLU,,2,"[71, 73]",-3.5,138.4,1.0,N,0.82
73,ALA,,2,"[72, 74]",1.8,88.6,0.0,N,0.76
74,PRO,,3,"[73, 75, 355]",-1.6,112.7,0.0,N,0.1
75,ASP,,3,"[74, 76, 356]",-3.5,111.1,1.0,N,0.5
76,THR,,3,"[75, 77, 87]",-0.7,116.1,2.5,N,0.04
77,SER,,4,"[76, 78, 86, 87]",-0.8,89.0,2.5,N,0.42
78,THR,,2,"[77, 79]",-0.7,116.1,2.5,N,0.15
79,GLU,,3,"[78, 80, 84]",-3.5,138.4,1.0,N,0.58
80,ILE,,2,"[79, 81]",4.5,166.7,0.0,N,0.04
81,LEU,,2,"[80, 82]",3.8,166.7,0.0,N,0.39
82,GLY,,2,"[81, 83]",-0.4,60.4,0.0,N,0.65
83,HIS,,2,"[82, 84]",-3.2,153.2,2.5,N,0.21
84,LYS,,3,"[79, 83, 85]",-3.9,168.6,1.0,N,0.86
85,ILE,,3,"[84, 86, 117]",4.5,166.7,0.0,N,0.03
86,LYS,,3,"[77, 85, 87]",-3.9,168.6,1.0,N,0.37
87,ALA,,4,"[76, 77, 86, 88]",1.8,88.6,0.0,N,0.0
88,PRO,,3,"[87, 89, 315]",-1.6,112.7,0.0,N,0.0
89,PHE,,3,"[88, 90, 316]",2.8,189.9,0.0,N,0.0
90,ILE,,3,"[89, 91, 317]",4.5,166.7,0.0,N,0.0
91,MET,,2,"[90, 92]",1.9,162.9,0.0,N,0.0
92,ALA,,3,"[91, 93, 317]",1.8,88.6,0.0,"Y (pdb2j6x_A, pdb2j6x_B, pdb2j6x_C, pdb2j6x_D, pdb2j6x_E, pdb2j6x_F, pdb2j6x_G, pdb2j6x_H, pdb2nli_A, pdb2nli_B, pdb2zfa_A, pdb2zfa_B, pdb4rje_A, pdb4rje_B, pdb4rje_C, pdb4rje_D, pdb4yl2_A, pdb4yl2_C, pdb4yl2_D, pdb5ebu_A, pdb5ebu_C, pdb5ebu_D, pdb5ebu_E, pdb5ebu_H)",0.07
93,PRO,,4,"[92, 94, 120, 122]",-1.6,112.7,0.0,"Y (pdb2j6x_A, pdb2j6x_B, pdb2j6x_C, pdb2j6x_D, pdb2j6x_E, pdb2j6x_F, pdb2j6x_G, pdb2j6x_H, pdb2nli_A, pdb2nli_B, pdb2zfa_A, pdb2zfa_B, pdb4rje_A, pdb4rje_B, pdb4rje_C, pdb4rje_D, pdb4yl2_A, pdb4yl2_B, pdb4yl2_C, pdb4yl2_D, pdb5ebu_A, pdb5ebu_B, pdb5ebu_C, pdb5ebu_D, pdb5ebu_E, pdb5ebu_F, pdb5ebu_G, pdb5ebu_H), Q44467",0.07
94,ILE,,2,"[93, 95]",4.5,166.7,0.0,"Y (pdb2j6x_A, pdb2j6x_B, pdb2j6x_C, pdb2j6x_D, pdb2j6x_E, pdb2j6x_F, pdb2j6x_G, pdb2j6x_H, pdb2nli_A, pdb2nli_B, pdb2zfa_A, pdb2zfa_B, pdb4rje_A, pdb4rje_B, pdb4rje_C, pdb4rje_D, pdb4yl2_A, pdb4yl2_B, pdb4yl2_C, pdb4yl2_D, pdb5ebu_A, pdb5ebu_B, pdb5ebu_C, pdb5ebu_D, pdb5ebu_E, pdb5ebu_F, pdb5ebu_G, pdb5ebu_H), Q44467",0.21
95,ALA,,4,"[94, 96, 124, 125]",1.8,88.6,0.0,"Y (pdb2j6x_A, pdb2j6x_B, pdb2j6x_C, pdb2j6x_D, pdb2j6x_E, pdb2j6x_F, pdb2j6x_G, pdb2j6x_H, pdb2nli_A, pdb2nli_A, pdb2nli_B, pdb2nli_B, pdb2zfa_A, pdb2zfa_B, pdb4yl2_A, pdb4yl2_A, pdb4yl2_B, pdb4yl2_B, pdb4yl2_C, pdb4yl2_C, pdb4yl2_D, pdb5ebu_A, pdb5ebu_B, pdb5ebu_C, pdb5ebu_D, pdb5ebu_E, pdb5ebu_F, pdb5ebu_G, pdb5ebu_G, pdb5ebu_H), Q44467",0.12
96,ALA,,3,"[95, 97, 126]",1.8,88.6,0.0,N,0.01
97,HIS,,3,"[96, 98, 104]",-3.2,153.2,2.5,N,0.0
98,GLY,,4,"[97, 99, 101, 104]",-0.4,60.4,0.0,N,0.12
99,LEU,,2,"[98, 100]",3.8,166.7,0.0,N,0.01
100,ALA,,4,"[99, 101, 325, 326]",1.8,88.6,0.0,N,0.0
101,HIS,,4,"[11, 98, 100, 102]",-3.2,153.2,2.5,N,0.0
102,THR,,2,"[101, 103]",-0.7,116.1,2.5,N,0.49
103,THR,,3,"[102, 104, 107]",-0.7,116.1,2.5,N,0.28
104,LYS,,4,"[97, 98, 103, 105]",-3.9,168.6,1.0,N,0.35
105,GLU,,2,"[104, 106]",-3.5,138.4,1.0,N,0.0
106,ALA,,4,"[105, 107, 132, 135]",1.8,88.6,0.0,N,0.25
107,GLY,,3,"[103, 106, 108]",-0.4,60.4,0.0,N,0.05
108,THR,,2,"[107, 109]",-0.7,116.1,2.5,N,0.0
109,ALA,,3,"[108, 110, 136]",1.8,88.6,0.0,N,0.0
110,ARG,,3,"[109, 111, 135]",-4.5,173.4,1.0,N,0.43
111,ALA,,3,"[110, 112, 335]",1.8,88.6,0.0,N,0.0
112,VAL,,2,"[111, 113]",4.2,140.0,0.0,N,0.0
113,SER,,2,"[112, 114]",-0.8,89.0,2.5,N,0.21
114,GLU,,2,"[113, 115]",-3.5,138.4,1.0,N,0.45
115,PHE,,2,"[114, 116]",2.8,189.9,0.0,N,0.02
116,GLY,,2,"[115, 117]",-0.4,60.4,0.0,N,0.37
117,THR,,3,"[85, 116, 118]",-0.7,116.1,2.5,N,0.01
118,ILE,,2,"[117, 119]",4.5,166.7,0.0,N,0.0
119,MET,,3,"[118, 120, 141]",1.9,162.9,0.0,N,0.01
120,SER,,4,"[93, 119, 121, 142]",-0.8,89.0,2.5,N,0.0
121,ILE,,3,"[120, 122, 143]",4.5,166.7,0.0,N,0.01
122,SER,,3,"[93, 121, 123]",-0.8,89.0,2.5,"Y (pdb2j6x_B, pdb2j6x_C, pdb2j6x_D, pdb2j6x_F, pdb2j6x_G, pdb2j6x_H, pdb2nli_A, pdb2nli_B, pdb2zfa_A, pdb2zfa_B, pdb4rje_A, pdb4rje_B, pdb4rje_C, pdb4rje_D, pdb4yl2_A, pdb4yl2_B, pdb4yl2_C, pdb4yl2_D, pdb5ebu_A, pdb5ebu_B, pdb5ebu_C, pdb5ebu_D, pdb5ebu_E, pdb5ebu_F, pdb5ebu_G, pdb5ebu_H), Q44467",0.02
123,ALA,,2,"[122, 124]",1.8,88.6,0.0,N,0.0
124,TYR,,3,"[95, 123, 125]",-1.3,193.6,2.5,"Y (pdb2nli_A, pdb4rje_A, pdb4rje_D, pdb4yl2_A, pdb4yl2_B, pdb4yl2_C, pdb4yl2_D, pdb5ebu_A, pdb5ebu_B, pdb5ebu_C, pdb5ebu_F, pdb5ebu_G)",0.0
125,SER,,3,"[95, 124, 126]",-0.8,89.0,2.5,N,0.0
126,GLY,,4,"[96, 125, 127, 195]",-0.4,60.4,0.0,N,0.19
127,ALA,,2,"[126, 128]",1.8,88.6,0.0,N,0.0
128,THR,,2,"[127, 129]",-0.7,116.1,2.5,N,0.29
129,PHE,,2,"[128, 130]",2.8,189.9,0.0,N,0.07
130,GLU,,3,"[129, 131, 133]",-3.5,138.4,1.0,N,0.7
131,GLU,,2,"[130, 132]",-3.5,138.4,1.0,N,0.39
132,ILE,,3,"[106, 131, 133]",4.5,166.7,0.0,N,0.0
133,SER,,4,"[130, 132, 134, 136]",-0.8,89.0,2.5,N,0.28
134,GLU,,2,"[133, 135]",-3.5,138.4,1.0,N,0.84
135,GLY,,4,"[106, 110, 134, 136]",-0.4,60.4,0.0,N,0.14
136,LEU,,5,"[109, 133, 135, 137, 139]",3.8,166.7,0.0,N,0.01
137,ASN,,2,"[136, 138]",-3.5,114.1,2.5,N,0.94
138,GLY,,2,"[137, 139]",-0.4,60.4,0.0,N,0.86
139,GLY,,3,"[136, 138, 140]",-0.4,60.4,0.0,N,0.14
140,PRO,,2,"[139, 141]",-1.6,112.7,0.0,N,0.3
141,ARG,,3,"[119, 140, 142]",-4.5,173.4,1.0,N,0.04
142,TRP,,5,"[120, 141, 143, 166, 168]",-0.9,227.8,1.0,N,0.0
143,PHE,,4,"[121, 142, 144, 169]",2.8,189.9,0.0,N,0.0
144,GLN,,3,"[143, 145, 170]",-3.5,143.8,2.5,"Y (pdb2j6x_A, pdb2j6x_B, pdb2j6x_C, pdb2j6x_D, pdb2j6x_E, pdb2j6x_F, pdb2j6x_G, pdb2j6x_H, pdb2nli_A, pdb2nli_B, pdb2zfa_A, pdb2zfa_B, pdb4rje_A, pdb4rje_B, pdb4rje_C, pdb4rje_D, pdb4yl2_A, pdb4yl2_B, pdb4yl2_C, pdb4yl2_D, pdb5ebu_A, pdb5ebu_B, pdb5ebu_C, pdb5ebu_D, pdb5ebu_E, pdb5ebu_F, pdb5ebu_G, pdb5ebu_H), Q44467",0.02
145,ILE,,2,"[144, 146]",4.5,166.7,0.0,N,0.0
146,TYR,,2,"[145, 147]",-1.3,193.6,2.5,"Y (pdb2j6x_A, pdb2j6x_B, pdb2j6x_C, pdb2j6x_D, pdb2j6x_E, pdb2j6x_F, pdb2j6x_G, pdb2j6x_H, pdb2nli_A, pdb2nli_A, pdb2nli_B, pdb2nli_B, pdb2zfa_A, pdb2zfa_A, pdb2zfa_B, pdb2zfa_B, pdb4rje_A, pdb4rje_A, pdb4rje_B, pdb4rje_B, pdb4rje_C, pdb4rje_C, pdb4rje_D, pdb4rje_D, pdb4yl2_A, pdb4yl2_A, pdb4yl2_B, pdb4yl2_B, pdb4yl2_C, pdb4yl2_C, pdb4yl2_D, pdb4yl2_D, pdb5ebu_A, pdb5ebu_A, pdb5ebu_B, pdb5ebu_B, pdb5ebu_C, pdb5ebu_C, pdb5ebu_D, pdb5ebu_D, pdb5ebu_E, pdb5ebu_E, pdb5ebu_F, pdb5ebu_F, pdb5ebu_G, pdb5ebu_G, pdb5ebu_H, pdb5ebu_H), Q44467",0.05
147,MET,,2,"[146, 148]",1.9,162.9,0.0,N,0.03
148,ALA,,4,"[147, 149, 218, 219]",1.8,88.6,0.0,N,0.0
149,LYS,,3,"[148, 150, 219]",-3.9,168.6,1.0,N,0.54
150,ASP,,2,"[149, 151]",-3.5,111.1,1.0,N,0.47
151,ASP,,3,"[150, 152, 154]",-3.5,111.1,1.0,N,0.42
152,GLN,,2,"[151, 153]",-3.5,143.8,2.5,N,0.44
153,GLN,,3,"[152, 154, 156]",-3.5,143.8,2.5,N,0.23
154,ASN,,3,"[151, 153, 155]",-3.5,114.1,2.5,N,0.04
155,ARG,,2,"[154, 156]",-4.5,173.4,1.0,N,0.36
156,ASP,,3,"[153, 155, 157]",-3.5,111.1,1.0,N,0.34
157,ILE,,3,"[156, 158, 160]",4.5,166.7,0.0,N,0.0
158,LEU,,2,"[157, 159]",3.8,166.7,0.0,N,0.02
159,ASP,,2,"[158, 160]",-3.5,111.1,1.0,N,0.48
160,GLU,,3,"[157, 159, 161]",-3.5,138.4,1.0,N,0.36
161,ALA,,2,"[160, 162]",1.8,88.6,0.0,N,0.0
162,LYS,,2,"[161, 163]",-3.9,168.6,1.0,N,0.49
163,SER,,2,"[162, 164]",-0.8,89.0,2.5,N,0.85
164,ASP,,2,"[163, 165]",-3.5,111.1,1.0,N,0.17
165,GLY,,2,"[164, 166]",-0.4,60.4,0.0,N,0.46
166,ALA,,3,"[142, 165, 167]",1.8,88.6,0.0,N,0.06
167,THR,,2,"[166, 168]",-0.7,116.1,2.5,N,0.34
168,ALA,,4,"[142, 167, 169, 237]",1.8,88.6,0.0,N,0.0
169,ILE,,4,"[143, 168, 170, 238]",4.5,166.7,0.0,N,0.0
170,ILE,,4,"[144, 169, 171, 239]",4.5,166.7,0.0,N,0.0
171,LEU,,3,"[170, 172, 240]",3.8,166.7,0.0,N,0.01
172,THR,,3,"[171, 173, 241]",-0.7,116.1,2.5,"Y (pdb2j6x_A, pdb2j6x_B, pdb2j6x_C, pdb2j6x_D, pdb2j6x_E, pdb2j6x_F, pdb2j6x_G, pdb2j6x_H, pdb2nli_A, pdb2nli_B, pdb2zfa_A, pdb2zfa_B, pdb2zfa_B, pdb4rje_A, pdb4rje_B, pdb4rje_C, pdb4rje_D, pdb4yl2_A, pdb4yl2_B, pdb4yl2_C, pdb4yl2_D, pdb5ebu_A, pdb5ebu_B, pdb5ebu_C, pdb5ebu_D, pdb5ebu_E, pdb5ebu_F, pdb5ebu_G, pdb5ebu_H), Q44467",0.01
173,ALA,,2,"[172, 174]",1.8,88.6,0.0,N,0.32
174,ASP,,3,"[173, 175, 242]",-3.5,111.1,1.0,"Y (pdb2zfa_A, pdb2zfa_B)",0.2
175,SER,,2,"[174, 176]",-0.8,89.0,2.5,N,0.04
176,THR,,3,"[175, 177, 220]",-0.7,116.1,2.5,"Y (pdb2nli_A, pdb2zfa_A, pdb2zfa_B)",0.32
177,VAL,,2,"[176, 178]",4.2,140.0,0.0,N,0.65
178,SER,,2,"[177, 179]",-0.8,89.0,2.5,N,0.28
179,GLY,,3,"[178, 180, 269]",-0.4,60.4,0.0,N,0.13
180,ASN,,3,"[45, 179, 181]",-3.5,114.1,2.5,N,0.51
181,ARG,,3,"[45, 180, 182]",-4.5,173.4,1.0,"Y (pdb4rje_A, pdb4rje_B, pdb4rje_C, pdb4rje_D, pdb4yl2_A, pdb4yl2_B, pdb4yl2_C, pdb4yl2_D, pdb5ebu_A, pdb5ebu_B, pdb5ebu_C, pdb5ebu_D, pdb5ebu_E, pdb5ebu_F, pdb5ebu_G, pdb5ebu_H), Q44467",0.03
182,ASP,,2,"[181, 183]",-3.5,111.1,1.0,N,0.4
183,ARG,,2,"[182, 184]",-4.5,173.4,1.0,N,0.27
184,ASP,,3,"[183, 185, 189]",-3.5,111.1,1.0,N,0.12
185,VAL,,2,"[184, 186]",4.2,140.0,0.0,N,0.77
186,LYS,,2,"[185, 187]",-3.9,168.6,1.0,N,0.76
187,ASN,,2,"[186, 188]",-3.5,114.1,2.5,N,0.34
188,LYS,,2,"[187, 189]",-3.9,168.6,1.0,N,0.87
189,PHE,,3,"[184, 188, 190]",2.8,189.9,0.0,N,0.09
190,VAL,,3,"[189, 191, 210]",4.2,140.0,0.0,N,0.46
191,TYR,,2,"[190, 192]",-1.3,193.6,2.5,N,0.0
192,PRO,,2,"[191, 193]",-1.6,112.7,0.0,N,0.28
193,PHE,,2,"[192, 194]",2.8,189.9,0.0,N,0.23
194,GLY,,2,"[193, 195]",-0.4,60.4,0.0,N,0.24
195,MET,,3,"[126, 194, 196]",1.9,162.9,0.0,N,0.0
196,PRO,,2,"[195, 197]",-1.6,112.7,0.0,N,0.32
197,ILE,,2,"[196, 198]",4.5,166.7,0.0,N,0.03
198,VAL,,2,"[197, 199]",4.2,140.0,0.0,N,0.0
199,GLN,,2,"[198, 200]",-3.5,143.8,2.5,N,0.45
200,ARG,,2,"[199, 201]",-4.5,173.4,1.0,N,0.32
201,TYR,,2,"[200, 202]",-1.3,193.6,2.5,N,0.11
202,LEU,,2,"[201, 203]",3.8,166.7,0.0,N,0.1
203,ARG,,2,"[202, 204]",-4.5,173.4,1.0,N,1.0
204,GLY,,2,"[203, 205]",-0.4,60.4,0.0,N,0.54
205,THR,,2,"[204, 206]",-0.7,116.1,2.5,N,0.32
206,ALA,,2,"[205, 207]",1.8,88.6,0.0,N,0.0
207,GLU,,2,"[206, 208]",-3.5,138.4,1.0,N,0.61
208,GLY,,2,"[207, 209]",-0.4,60.4,0.0,N,0.58
209,MET,,2,"[208, 210]",1.9,162.9,0.0,N,0.17
210,SER,,3,"[190, 209, 211]",-0.8,89.0,2.5,N,0.22
211,LEU,,2,"[210, 212]",3.8,166.7,0.0,"Y (pdb4rje_A, pdb4rje_B, pdb4rje_C, pdb4rje_D, pdb4yl2_B, pdb4yl2_C, pdb4yl2_D, pdb5ebu_A, pdb5ebu_B, pdb5ebu_E, pdb5ebu_F)",0.04
212,ASN,,2,"[211, 213]",-3.5,114.1,2.5,N,0.57
213,ASN,,3,"[212, 214, 216]",-3.5,114.1,2.5,N,0.61
214,ILE,,2,"[213, 215]",4.5,166.7,0.0,N,0.0
215,TYR,,2,"[214, 216]",-1.3,193.6,2.5,"Y (pdb4rje_A, pdb4rje_B, pdb4rje_D, pdb4yl2_A, pdb4yl2_B, pdb4yl2_C, pdb4yl2_D), Q44467",0.02
216,GLY,,3,"[213, 215, 217]",-0.4,60.4,0.0,N,0.44
217,ALA,,2,"[216, 218]",1.8,88.6,0.0,N,0.25
218,SER,,3,"[148, 217, 219]",-0.8,89.0,2.5,N,0.03
219,LYS,,4,"[148, 149, 218, 220]",-3.9,168.6,1.0,N,0.17
220,GLN,,3,"[176, 219, 221]",-3.5,143.8,2.5,N,0.35
221,LYS,,2,"[220, 222]",-3.9,168.6,1.0,N,0.9
222,ILE,,2,"[221, 223]",4.5,166.7,0.0,N,0.27
223,SER,,2,"[222, 224]",-0.8,89.0,2.5,N,0.25
224,PRO,,3,"[223, 225, 227]",-1.6,112.7,0.0,N,0.36
225,ARG,,3,"[224, 226, 228]",-4.5,173.4,1.0,N,0.66
226,ASP,,3,"[225, 227, 229]",-3.5,111.1,1.0,N,0.02
227,ILE,,3,"[224, 226, 228]",4.5,166.7,0.0,N,0.03
228,GLU,,4,"[225, 227, 229, 231]",-3.5,138.4,1.0,N,0.41
229,GLU,,4,"[226, 228, 230, 232]",-3.5,138.4,1.0,"Y (pdb2j6x_D, pdb2j6x_E)",0.47
230,ILE,,2,"[229, 231]",4.5,166.7,0.0,N,0.02
231,ALA,,3,"[228, 230, 232]",1.8,88.6,0.0,N,0.23
232,GLY,,3,"[229, 231, 233]",-0.4,60.4,0.0,N,0.8
233,HIS,,2,"[232, 234]",-3.2,153.2,2.5,"Y (pdb2j6x_D, pdb2j6x_E)",0.39
234,SER,,3,"[233, 235, 236]",-0.8,89.0,2.5,N,0.02
235,GLY,,2,"[234, 236]",-0.4,60.4,0.0,N,0.74
236,LEU,,3,"[234, 235, 237]",3.8,166.7,0.0,N,0.19
237,PRO,,3,"[168, 236, 238]",-1.6,112.7,0.0,N,0.28
238,VAL,,3,"[169, 237, 239]",4.2,140.0,0.0,N,0.0
239,PHE,,4,"[170, 238, 240, 259]",2.8,189.9,0.0,N,0.0
240,VAL,,3,"[171, 239, 241]",4.2,140.0,0.0,N,0.06
241,LYS,,4,"[172, 240, 242, 261]",-3.9,168.6,1.0,"Y (pdb2j6x_A, pdb2j6x_B, pdb2j6x_C, pdb2j6x_D, pdb2j6x_E, pdb2j6x_F, pdb2j6x_G, pdb2j6x_H, pdb2nli_A, pdb2nli_B, pdb2zfa_A, pdb2zfa_B, pdb4rje_A, pdb4rje_B, pdb4rje_C, pdb4rje_D, pdb4yl2_A, pdb4yl2_B, pdb4yl2_C, pdb4yl2_D, pdb5ebu_A, pdb5ebu_B, pdb5ebu_C, pdb5ebu_D, pdb5ebu_E, pdb5ebu_F, pdb5ebu_G, pdb5ebu_H), Q44467",0.02
242,GLY,,4,"[174, 241, 243, 263]",-0.4,60.4,0.0,N,0.24
243,ILE,,3,"[242, 244, 262]",4.5,166.7,0.0,N,0.04
244,GLN,,2,"[243, 245]",-3.5,143.8,2.5,N,0.21
245,HIS,,2,"[244, 246]",-3.2,153.2,2.5,N,0.48
246,PRO,,3,"[245, 247, 283]",-1.6,112.7,0.0,N,0.17
247,GLU,,2,"[246, 248]",-3.5,138.4,1.0,N,0.61
248,ASP,,3,"[247, 249, 251]",-3.5,111.1,1.0,N,0.45
249,ALA,,2,"[248, 250]",1.8,88.6,0.0,N,0.0
250,ASP,,2,"[249, 251]",-3.5,111.1,1.0,N,0.29
251,MET,,3,"[248, 250, 252]",1.9,162.9,0.0,N,0.34
252,ALA,,2,"[251, 253]",1.8,88.6,0.0,N,0.0
253,ILE,,3,"[252, 254, 257]",4.5,166.7,0.0,N,0.18
254,LYS,,2,"[253, 255]",-3.9,168.6,1.0,N,0.82
255,ARG,,2,"[254, 256]",-4.5,173.4,1.0,N,0.35
256,GLY,,2,"[255, 257]",-0.4,60.4,0.0,N,0.46
257,ALA,,3,"[253, 256, 258]",1.8,88.6,0.0,N,0.05
258,SER,,2,"[257, 259]",-0.8,89.0,2.5,N,0.33
259,GLY,,5,"[239, 258, 260, 291, 292]",-0.4,60.4,0.0,N,0.0
260,ILE,,3,"[259, 261, 293]",4.5,166.7,0.0,N,0.0
261,TRP,,4,"[241, 260, 262, 294]",-0.9,227.8,1.0,N,0.0
262,VAL,,4,"[243, 261, 263, 295]",4.2,140.0,0.0,N,0.0
263,SER,,3,"[242, 262, 264]",-0.8,89.0,2.5,"Y (pdb2j6x_A, pdb2j6x_B, pdb2j6x_C, pdb2j6x_D, pdb2j6x_E, pdb2j6x_F, pdb2j6x_G, pdb2j6x_H, pdb2nli_A, pdb2nli_B, pdb2zfa_A, pdb2zfa_B, pdb4rje_A, pdb4rje_B, pdb4rje_C, pdb4rje_D, pdb4yl2_A, pdb4yl2_B, pdb4yl2_C, pdb4yl2_D, pdb5ebu_A, pdb5ebu_B, pdb5ebu_C, pdb5ebu_D, pdb5ebu_E, pdb5ebu_F, pdb5ebu_G, pdb5ebu_H), Q44467",0.0
264,ASN,,2,"[263, 265]",-3.5,114.1,2.5,N,0.1
265,HIS,,2,"[264, 266]",-3.2,153.2,2.5,"Y (pdb2j6x_A, pdb2j6x_B, pdb2j6x_C, pdb2j6x_D, pdb2j6x_E, pdb2j6x_F, pdb2j6x_G, pdb2j6x_H, pdb2nli_A, pdb2nli_A, pdb2nli_B, pdb2nli_B, pdb2zfa_A, pdb2zfa_A, pdb2zfa_B, pdb2zfa_B, pdb4rje_A, pdb4rje_A, pdb4rje_B, pdb4rje_B, pdb4rje_C, pdb4rje_C, pdb4rje_D, pdb4rje_D, pdb4yl2_A, pdb4yl2_A, pdb4yl2_B, pdb4yl2_B, pdb4yl2_C, pdb4yl2_C, pdb4yl2_D, pdb4yl2_D, pdb5ebu_A, pdb5ebu_A, pdb5ebu_B, pdb5ebu_B, pdb5ebu_C, pdb5ebu_C, pdb5ebu_D, pdb5ebu_D, pdb5ebu_E, pdb5ebu_E, pdb5ebu_F, pdb5ebu_F, pdb5ebu_G, pdb5ebu_G, pdb5ebu_H, pdb5ebu_H), Q44467",0.16
266,GLY,,3,"[265, 267, 297]",-0.4,60.4,0.0,"Y (pdb2j6x_A, pdb2j6x_B, pdb2j6x_C, pdb2j6x_D, pdb2j6x_E, pdb2j6x_F, pdb2j6x_G, pdb2j6x_H, pdb2nli_A, pdb2nli_B, pdb2zfa_A, pdb2zfa_B, pdb4rje_A, pdb4rje_B, pdb4rje_C, pdb4rje_D, pdb4yl2_A, pdb4yl2_B, pdb4yl2_C, pdb4yl2_D, pdb5ebu_A, pdb5ebu_B, pdb5ebu_C, pdb5ebu_D, pdb5ebu_E, pdb5ebu_F, pdb5ebu_G, pdb5ebu_H)",0.11
267,ALA,,3,"[51, 266, 268]",1.8,88.6,0.0,N,0.02
268,ARG,,3,"[44, 267, 269]",-4.5,173.4,1.0,"Y (pdb2j6x_A, pdb2j6x_B, pdb2j6x_C, pdb2j6x_D, pdb2j6x_E, pdb2j6x_F, pdb2j6x_G, pdb2j6x_H, pdb2nli_A, pdb2nli_A, pdb2nli_B, pdb2nli_B, pdb2zfa_A, pdb2zfa_B, pdb4rje_A, pdb4rje_A, pdb4rje_B, pdb4rje_B, pdb4rje_C, pdb4rje_C, pdb4rje_D, pdb4rje_D, pdb4yl2_A, pdb4yl2_A, pdb4yl2_B, pdb4yl2_B, pdb4yl2_C, pdb4yl2_C, pdb4yl2_D, pdb4yl2_D, pdb5ebu_A, pdb5ebu_A, pdb5ebu_B, pdb5ebu_B, pdb5ebu_C, pdb5ebu_C, pdb5ebu_D, pdb5ebu_D, pdb5ebu_E, pdb5ebu_E, pdb5ebu_F, pdb5ebu_F, pdb5ebu_G, pdb5ebu_G, pdb5ebu_H, pdb5ebu_H), Q44467",0.09
269,GLN,,3,"[179, 268, 270]",-3.5,143.8,2.5,"Y (pdb2zfa_A, pdb2zfa_B)",0.07
270,LEU,,2,"[269, 271]",3.8,166.7,0.0,N,0.83
271,TYR,,2,"[270, 272]",-1.3,193.6,2.5,N,0.24
272,GLU,,2,"[271, 273]",-3.5,138.4,1.0,N,0.76
273,ALA,,2,"[272, 274]",1.8,88.6,0.0,N,0.12
274,PRO,,2,"[273, 275]",-1.6,112.7,0.0,N,0.47
275,GLY,,4,"[53, 54, 274, 276]",-0.4,60.4,0.0,N,0.01
276,SER,,2,"[275, 277]",-0.8,89.0,2.5,N,0.0
277,PHE,,2,"[276, 278]",2.8,189.9,0.0,N,0.01
278,ASP,,2,"[277, 279]",-3.5,111.1,1.0,N,0.41
279,THR,,2,"[278, 280]",-0.7,116.1,2.5,N,0.11
280,LEU,,2,"[279, 281]",3.8,166.7,0.0,N,0.0
281,PRO,,2,"[280, 282]",-1.6,112.7,0.0,N,0.38
282,ALA,,2,"[281, 283]",1.8,88.6,0.0,N,0.43
283,ILE,,3,"[246, 282, 284]",4.5,166.7,0.0,N,0.0
284,ALA,,2,"[283, 285]",1.8,88.6,0.0,N,0.16
285,GLU,,2,"[284, 286]",-3.5,138.4,1.0,N,0.82
286,ARG,,2,"[285, 287]",-4.5,173.4,1.0,N,0.37
287,VAL,,2,"[286, 288]",4.2,140.0,0.0,N,0.0
288,ASN,,2,"[287, 289]",-3.5,114.1,2.5,N,0.78
289,LYS,,2,"[288, 290]",-3.9,168.6,1.0,N,0.88
290,ARG,,2,"[289, 291]",-4.5,173.4,1.0,N,0.5
291,VAL,,3,"[259, 290, 292]",4.2,140.0,0.0,N,0.14
292,PRO,,3,"[259, 291, 293]",-1.6,112.7,0.0,N,0.24
293,ILE,,4,"[260, 292, 294, 313]",4.5,166.7,0.0,N,0.03
294,VAL,,3,"[261, 293, 295]",4.2,140.0,0.0,N,0.0
295,PHE,,4,"[262, 294, 296, 316]",2.8,189.9,0.0,N,0.0
296,ASP,,2,"[295, 297]",-3.5,111.1,1.0,"Y (pdb2j6x_A, pdb2j6x_B, pdb2j6x_C, pdb2j6x_D, pdb2j6x_E, pdb2j6x_F, pdb2j6x_G, pdb2j6x_H, pdb2nli_A, pdb2nli_B, pdb2zfa_A, pdb2zfa_B, pdb4rje_A, pdb4rje_B, pdb4rje_C, pdb4rje_D, pdb4yl2_A, pdb4yl2_B, pdb4yl2_C, pdb4yl2_D, pdb5ebu_A, pdb5ebu_B, pdb5ebu_C, pdb5ebu_D, pdb5ebu_E, pdb5ebu_F, pdb5ebu_G, pdb5ebu_H), Q44467",0.06
297,SER,,3,"[266, 296, 298]",-0.8,89.0,2.5,"Y (pdb2j6x_A, pdb2j6x_B, pdb2j6x_C, pdb2j6x_D, pdb2j6x_E, pdb2j6x_F, pdb2j6x_G, pdb2j6x_H, pdb2nli_A, pdb2nli_B, pdb2zfa_A, pdb2zfa_B, pdb4rje_A, pdb4rje_B, pdb4rje_C, pdb4rje_D, pdb4yl2_A, pdb4yl2_B, pdb4yl2_C, pdb4yl2_D, pdb5ebu_A, pdb5ebu_B, pdb5ebu_C, pdb5ebu_D, pdb5ebu_E, pdb5ebu_F, pdb5ebu_G, pdb5ebu_H), Q44467",0.07
298,GLY,,2,"[297, 299]",-0.4,60.4,0.0,"Y (pdb2j6x_A, pdb2j6x_B, pdb2j6x_C, pdb2j6x_D, pdb2j6x_E, pdb2j6x_F, pdb2j6x_G, pdb2j6x_H, pdb2nli_A, pdb2nli_B, pdb2zfa_A, pdb2zfa_B, pdb4rje_A, pdb4rje_B, pdb4rje_C, pdb4rje_D, pdb4yl2_A, pdb4yl2_B, pdb4yl2_C, pdb4yl2_D, pdb5ebu_A, pdb5ebu_B, pdb5ebu_C, pdb5ebu_D, pdb5ebu_E, pdb5ebu_F, pdb5ebu_G, pdb5ebu_H), Q44467",0.12
299,VAL,,2,"[298, 300]",4.2,140.0,0.0,"Y (pdb2nli_A, pdb2nli_B, pdb4rje_A, pdb4rje_C, pdb4rje_D, pdb4yl2_A, pdb4yl2_B, pdb5ebu_A, pdb5ebu_D, pdb5ebu_E, pdb5ebu_H), Q44467",0.02
300,ARG,,2,"[299, 301]",-4.5,173.4,1.0,"Y (pdb2j6x_A, pdb2j6x_B, pdb2j6x_C, pdb2j6x_D, pdb2j6x_E, pdb2j6x_F, pdb2j6x_G, pdb2j6x_H, pdb2nli_A, pdb2nli_B, pdb2zfa_A, pdb2zfa_B, pdb4rje_A, pdb4rje_B, pdb4rje_C, pdb4rje_D, pdb4yl2_A, pdb4yl2_B, pdb4yl2_C, pdb4yl2_D, pdb5ebu_A, pdb5ebu_B, pdb5ebu_C, pdb5ebu_D, pdb5ebu_E, pdb5ebu_F, pdb5ebu_G, pdb5ebu_H), Q44467",0.1
301,ARG,,2,"[300, 302]",-4.5,173.4,1.0,N,0.3
302,GLY,,4,"[301, 303, 344, 345]",-0.4,60.4,0.0,N,0.0
303,GLU,,2,"[302, 304]",-3.5,138.4,1.0,N,0.25
304,HIS,,2,"[303, 305]",-3.2,153.2,2.5,N,0.02
305,VAL,,2,"[304, 306]",4.2,140.0,0.0,N,0.0
306,ALA,,2,"[305, 307]",1.8,88.6,0.0,N,0.0
307,LYS,,3,"[306, 308, 310]",-3.9,168.6,1.0,N,0.05
308,ALA,,2,"[307, 309]",1.8,88.6,0.0,N,0.0
309,LEU,,4,"[308, 310, 313, 361]",3.8,166.7,0.0,N,0.01
310,ALA,,4,"[307, 309, 311, 361]",1.8,88.6,0.0,N,0.19
311,SER,,2,"[310, 312]",-0.8,89.0,2.5,N,0.12
312,GLY,,2,"[311, 313]",-0.4,60.4,0.0,N,0.38
313,ALA,,4,"[293, 309, 312, 314]",1.8,88.6,0.0,N,0.0
314,ASP,,2,"[313, 315]",-3.5,111.1,1.0,N,0.26
315,VAL,,3,"[88, 314, 316]",4.2,140.0,0.0,N,0.01
316,VAL,,4,"[89, 295, 315, 317]",4.2,140.0,0.0,N,0.0
317,ALA,,4,"[90, 92, 316, 318]",1.8,88.6,0.0,N,0.03
318,LEU,,2,"[317, 319]",3.8,166.7,0.0,N,0.01
319,GLY,,2,"[318, 320]",-0.4,60.4,0.0,"Y (pdb2j6x_A, pdb2j6x_B, pdb2j6x_C, pdb2j6x_D, pdb2j6x_E, pdb2j6x_F, pdb2j6x_G, pdb2j6x_H, pdb2nli_A, pdb2nli_B, pdb2zfa_A, pdb2zfa_B, pdb4rje_A, pdb4rje_B, pdb4rje_C, pdb4rje_D, pdb4yl2_A, pdb4yl2_B, pdb4yl2_C, pdb4yl2_D, pdb5ebu_A, pdb5ebu_B, pdb5ebu_C, pdb5ebu_D, pdb5ebu_E, pdb5ebu_F, pdb5ebu_G, pdb5ebu_H)",0.19
320,ARG,,2,"[319, 321]",-4.5,173.4,1.0,"Y (pdb2j6x_A, pdb2j6x_B, pdb2j6x_C, pdb2j6x_D, pdb2j6x_E, pdb2j6x_F, pdb2j6x_G, pdb2j6x_H, pdb2nli_A, pdb2nli_B, pdb2zfa_A, pdb2zfa_B, pdb4rje_A, pdb4rje_B, pdb4rje_C, pdb4rje_D, pdb4yl2_A, pdb4yl2_B, pdb4yl2_C, pdb4yl2_D, pdb5ebu_A, pdb5ebu_B, pdb5ebu_C, pdb5ebu_D, pdb5ebu_E, pdb5ebu_F, pdb5ebu_G, pdb5ebu_H), Q44467",0.11
321,PRO,,2,"[320, 322]",-1.6,112.7,0.0,N,0.0
322,VAL,,3,"[321, 323, 333]",4.2,140.0,0.0,N,0.0
323,LEU,,2,"[322, 324]",3.8,166.7,0.0,N,0.03
324,PHE,,3,"[323, 325, 333]",2.8,189.9,0.0,N,0.02
325,GLY,,3,"[100, 324, 326]",-0.4,60.4,0.0,N,0.0
326,LEU,,4,"[29, 100, 325, 327]",3.8,166.7,0.0,N,0.0
327,ALA,,5,"[29, 30, 38, 326, 328]",1.8,88.6,0.0,N,0.03
328,LEU,,4,"[27, 30, 327, 329]",3.8,166.7,0.0,N,0.12
329,GLY,,5,"[28, 29, 30, 328, 330]",-0.4,60.4,0.0,N,0.0
330,GLY,,4,"[28, 29, 329, 331]",-0.4,60.4,0.0,N,0.0
331,TRP,,4,"[28, 29, 330, 332]",-0.9,227.8,1.0,N,0.12
332,GLN,,2,"[331, 333]",-3.5,143.8,2.5,N,0.21
333,GLY,,4,"[322, 324, 332, 334]",-0.4,60.4,0.0,N,0.0
334,ALA,,2,"[333, 335]",1.8,88.6,0.0,N,0.0
335,TYR,,3,"[111, 334, 336]",-1.3,193.6,2.5,N,0.22
336,SER,,2,"[335, 337]",-0.8,89.0,2.5,N,0.08
337,VAL,,3,"[336, 338, 340]",4.2,140.0,0.0,N,0.0
338,LEU,,2,"[337, 339]",3.8,166.7,0.0,N,0.0
339,ASP,,2,"[338, 340]",-3.5,111.1,1.0,N,0.21
340,TYR,,3,"[337, 339, 341]",-1.3,193.6,2.5,N,0.1
341,PHE,,2,"[340, 342]",2.8,189.9,0.0,N,0.0
342,GLN,,2,"[341, 343]",-3.5,143.8,2.5,N,0.15
343,LYS,,3,"[342, 344, 346]",-3.9,168.6,1.0,N,0.63
344,ASP,,3,"[302, 343, 345]",-3.5,111.1,1.0,N,0.04
345,LEU,,3,"[302, 344, 346]",3.8,166.7,0.0,N,0.0
346,THR,,3,"[343, 345, 347]",-0.7,116.1,2.5,N,0.31
347,ARG,,2,"[346, 348]",-4.5,173.4,1.0,N,0.43
348,VAL,,2,"[347, 349]",4.2,140.0,0.0,N,0.04
349,MET,,3,"[348, 350, 354]",1.9,162.9,0.0,N,0.0
350,GLN,,2,"[349, 351]",-3.5,143.8,2.5,N,0.38
351,LEU,,2,"[350, 352]",3.8,166.7,0.0,N,0.62
352,THR,,4,"[65, 66, 351, 353]",-0.7,116.1,2.5,N,0.04
353,GLY,,3,"[69, 352, 354]",-0.4,60.4,0.0,N,0.19
354,SER,,3,"[349, 353, 355]",-0.8,89.0,2.5,N,0.01
355,GLN,,3,"[74, 354, 356]",-3.5,143.8,2.5,N,0.31
356,ASN,,3,"[75, 355, 357]",-3.5,114.1,2.5,N,0.36
357,VAL,,2,"[356, 358]",4.2,140.0,0.0,N,0.02
358,GLU,,2,"[357, 359]",-3.5,138.4,1.0,N,0.52
359,ASP,,2,"[358, 360]",-3.5,111.1,1.0,N,0.4
360,LEU,,2,"[359, 361]",3.8,166.7,0.0,N,0.0
361,LYS,,4,"[309, 310, 360, 362]",-3.9,168.6,1.0,N,0.2
362,GLY,,2,"[361, 363]",-0.4,60.4,0.0,N,0.74
363,LEU,,2,"[362, 364]",3.8,166.7,0.0,N,0.13
364,ASP,,2,"[363, 365]",-3.5,111.1,1.0,N,0.71
365,LEU,,2,"[364, 366]",3.8,166.7,0.0,N,0.2
366,PHE,,3,"[62, 365, 367]",2.8,189.9,0.0,N,0.44
367,ASP,,3,"[61, 366, 368]",-3.5,111.1,1.0,N,0.6
368,ASN,,3,"[60, 367, 369]",-3.5,114.1,2.5,N,0.09
369,PRO,,2,"[368, 370]",-1.6,112.7,0.0,N,0.79
370,TYR,,3,"[369, 371, 374]",-1.3,193.6,2.5,N,0.74
371,GLY,,2,"[370, 372]",-0.4,60.4,0.0,N,0.15
372,TYR,,2,"[371, 373]",-1.3,193.6,2.5,N,0.44
373,GLU,,2,"[372, 374]",-3.5,138.4,1.0,N,0.76
374,TYR,,2,"[370, 373]",-1.3,193.6,2.5,N,1.0
802,PYR,,0,[],,,,N,
