residue_id,ref_seq,pdb1a2w_A,pdb1a2w_B,pdb1a5p_A,pdb1a5q_A,pdb1afk_A,pdb1afk_B,pdb1afl_A,pdb1afl_B,pdb1afu_A,pdb1afu_B,pdb1aqp_A,pdb1b6v_A,pdb1b6v_B,pdb1bel_A,pdb1c0b_A,pdb1c0c_A,pdb1c8w_A,pdb1c9v_A,pdb1c9x_A,pdb1cjq_A,pdb1cjq_B,pdb1cjr_A,pdb1cjr_B,pdb1dfj_E,pdb1dfj_I,pdb1dy5_A,pdb1dy5_B,pdb1eic_A,pdb1eid_A,pdb1eie_A
1,MET,-,-,-,-,-,-,-,-,-,-,-,-,-,-,-,-,-,-,-,-,-,-,-,-,MET,-,-,-,-,-
2,ALA,-,-,-,-,-,-,-,-,-,-,-,-,-,-,-,-,LYS,-,-,-,-,-,-,-,ASN,-,-,-,-,-
3,LEU,-,-,-,-,-,-,-,-,-,-,-,-,-,-,-,-,GLU,-,-,-,-,-,-,-,LEU,-,-,-,-,-
4,LYS,-,-,-,-,-,-,-,-,-,-,-,-,-,-,-,-,THR,-,-,-,-,-,-,-,ASP,-,-,-,-,-
5,SER,-,-,-,-,-,-,-,-,-,-,-,-,-,-,LYS,LYS,ALA,-,-,-,-,-,-,-,ILE,-,-,-,-,-
6,LEU,-,-,-,-,-,-,-,-,-,-,-,-,-,-,GLU,GLU,ALA,-,-,-,-,-,-,-,HIS,-,-,-,-,-
7,VAL,-,-,-,-,-,-,-,-,-,-,-,-,-,-,THR,THR,ALA,-,-,-,-,-,-,-,CYS,-,-,-,-,-
8,LEU,-,-,-,-,-,-,-,-,-,-,-,-,-,-,ALA,ALA,LYS,-,-,-,-,-,-,-,GLU,-,-,-,-,-
9,LEU,-,-,-,-,-,-,-,-,-,-,-,-,-,-,ALA,ALA,PHE,-,-,-,-,-,-,-,GLN,-,-,-,-,-
10,SER,-,-,-,-,-,-,-,-,-,-,-,-,-,-,ALA,ALA,GLU,-,-,-,-,-,-,-,LEU,-,-,-,-,-
11,LEU,-,-,-,-,-,-,-,-,-,-,-,-,-,-,LYS,LYS,ARG,-,-,-,-,-,-,-,SER,-,-,-,-,-
12,LEU,-,-,-,-,-,-,-,-,-,-,-,-,-,-,PHE,PHE,GLN,-,-,-,-,-,-,-,ASP,-,-,-,-,-
13,VAL,-,-,-,-,-,-,-,-,-,-,-,-,-,-,GLU,GLU,HIS,-,-,-,-,-,-,-,ALA,-,-,-,-,-
14,LEU,-,-,-,-,-,-,-,-,-,-,-,-,-,-,ARG,ARG,MET,-,-,-,-,-,-,-,ARG,-,-,-,-,-
15,VAL,-,-,-,-,-,-,-,-,-,-,-,-,-,-,GLN,GLN,ASP,-,-,-,-,-,-,-,TRP,-,-,-,-,-
16,LEU,-,-,-,-,-,-,-,-,-,-,-,-,-,-,HIS,HIS,SER,-,-,-,-,-,-,-,THR,-,-,-,-,-
17,LEU,-,-,-,-,-,-,-,-,-,-,-,-,-,-,MET,MET,SER,-,-,-,-,-,-,-,GLU,-,-,-,-,-
18,LEU,-,-,-,-,-,-,-,-,-,-,-,-,-,-,ASP,ASP,THR,-,-,-,-,-,-,-,LEU,-,-,-,-,-
19,VAL,-,-,-,-,-,-,-,-,-,-,-,-,-,-,SER,SER,SER,-,-,-,-,-,-,-,LEU,-,-,-,-,-
20,ARG,-,-,-,-,-,-,-,-,-,-,-,-,-,-,SER,SER,ALA,-,-,-,-,-,-,-,PRO,-,-,-,-,-
21,VAL,-,-,-,-,-,-,-,-,-,-,-,-,-,-,THR,THR,ALA,-,-,-,-,-,-,-,LEU,-,-,-,-,-
22,GLN,-,-,-,-,-,-,-,-,-,-,-,-,-,-,SER,SER,SER,-,-,-,-,-,-,-,LEU,-,-,-,-,-
23,PRO,-,-,-,-,-,-,-,-,-,-,-,-,-,-,ALA,ALA,SER,-,-,-,-,-,-,-,GLN,-,-,-,-,-
24,SER,-,-,-,-,-,-,-,-,-,-,-,-,-,-,ALA,ALA,SER,-,-,-,-,-,-,-,GLN,-,-,-,-,-
25,LEU,-,-,-,-,-,-,-,-,-,-,-,-,-,-,SER,SER,ASN,-,-,-,-,-,-,-,TYR,-,-,-,-,-
26,GLY,-,-,-,-,-,-,-,-,-,-,-,-,-,-,SER,SER,TYR,-,-,-,-,-,-,-,GLU,-,-,-,-,-
27,LYS,LYS,LYS,LYS,LYS,LYS,LYS,LYS,LYS,LYS,LYS,LYS,LYS,LYS,LYS,SER,SER,CYS,LYS,LYS,LYS,-,LYS,-,LYS,VAL,LYS,LYS,LYS,LYS,LYS
28,GLU,GLU,GLU,GLU,GLU,GLU,GLU,GLU,GLU,GLU,GLU,GLU,GLU,GLU,GLU,ASN,ASN,ASN,GLU,GLU,GLU,-,GLU,-,GLU,VAL,GLU,GLU,GLU,GLU,GLU
29,THR,THR,THR,THR,THR,THR,THR,THR,THR,THR,THR,THR,THR,THR,THR,TYR,TYR,GLN,THR,THR,THR,-,THR,-,THR,ARG,THR,THR,THR,THR,THR
30,ALA,ALA,ALA,ALA,ALA,ALA,ALA,ALA,ALA,ALA,ALA,ALA,ALA,ALA,ALA,CYS,CYS,MET,ALA,ALA,ALA,-,ALA,-,ALA,LEU,ALA,ALA,ALA,ALA,ALA
31,ALA,ALA,ALA,ALA,ALA,ALA,ALA,ALA,ALA,ALA,ALA,ALA,ALA,ALA,ALA,ASN,ASN,MET,ALA,ALA,ALA,-,ALA,-,ALA,ASP,ALA,ALA,ALA,ALA,ALA
32,ALA,ALA,ALA,ALA,ALA,ALA,ALA,ALA,ALA,ALA,ALA,ALA,ALA,ALA,ALA,GLN,GLN,LYS,ALA,ALA,ALA,-,ALA,-,ALA,ASP,ALA,ALA,ALA,ALA,ALA
33,LYS,LYS,LYS,LYS,LYS,LYS,LYS,LYS,LYS,LYS,LYS,LYS,LYS,LYS,LYS,MET,MET,SER,LYS,LYS,LYS,-,LYS,-,LYS,CYS,LYS,LYS,LYS,LYS,LYS
34,PHE,PHE,PHE,PHE,PHE,PHE,PHE,PHE,PHE,PHE,PHE,PHE,PHE,PHE,PHE,MET,MET,ARG,PHE,PHE,PHE,-,PHE,-,PHE,GLY,PHE,PHE,PHE,PHE,PHE
35,GLU,GLU,GLU,GLU,GLU,GLU,GLU,GLU,GLU,GLU,GLU,GLU,GLU,GLU,GLU,LYS,LYS,ASN,GLU,GLU,GLU,-,GLU,-,GLU,LEU,GLU,GLU,GLU,GLU,GLU
36,ARG,ARG,ARG,ARG,ARG,ARG,ARG,ARG,ARG,ARG,ARG,ARG,ARG,ARG,ARG,SER,SER,LEU,ARG,ARG,ARG,-,ARG,-,ARG,THR,ARG,ARG,ARG,ARG,ARG
37,GLN,GLN,GLN,GLN,GLN,GLN,GLN,GLN,GLN,GLN,GLN,GLN,GLN,GLN,GLN,ARG,ARG,THR,GLN,GLN,GLN,-,GLN,-,GLN,GLU,GLN,GLN,GLN,GLN,GLN
38,HIS,HIS,HIS,HIS,HIS,HIS,HIS,HIS,HIS,HIS,HIS,HIS,HIS,HIS,HIS,ASN,ASN,LYS,ALA,HIS,HIS,-,HIS,-,HIS,GLU,HIS,HIS,HIS,HIS,HIS
39,MET,MET,MET,MET,MET,MET,MET,MET,MET,MET,MET,MET,MET,MET,MET,LEU,LEU,ASP,MET,MET,MET,-,MET,-,MET,HIS,MET,MET,MET,MET,MET
40,ASP,ASP,ASP,ASP,ASP,ASP,ASP,ASP,ASP,ASP,ASP,ASP,ASP,ASP,ASP,THR,THR,ARG,ASP,ASP,ASP,-,ASP,-,ASP,CYS,ASP,ASP,ASP,ASP,ASP
41,SER,SER,SER,SER,SER,SER,SER,SER,SER,SER,SER,SER,SER,SER,SER,LYS,LYS,CYS,SER,SER,SER,-,SER,-,SER,LYS,SER,SER,SER,SER,SER
42,SER,SER,SER,SER,SER,SER,SER,SER,SER,SER,SER,SER,SER,SER,SER,ASP,ASP,LYS,SER,SER,-,-,-,-,SER,ASP,SER,SER,SER,SER,SER
43,THR,THR,THR,THR,THR,THR,THR,THR,THR,THR,THR,THR,THR,THR,THR,ARG,ARG,PRO,THR,THR,-,-,-,-,THR,ILE,THR,THR,THR,THR,THR
44,SER,SER,SER,SER,SER,SER,SER,SER,SER,SER,SER,SER,SER,SER,SER,CYS,CYS,VAL,SER,SER,-,-,-,-,SER,GLY,SER,SER,SER,SER,SER
45,ALA,ALA,ALA,ALA,ALA,ALA,ALA,ALA,ALA,ALA,ALA,ALA,ALA,ALA,ALA,LYS,LYS,ASN,ALA,ALA,-,-,-,-,ALA,SER,ALA,ALA,ALA,ALA,ALA
46,ALA,ALA,ALA,ALA,ALA,ALA,ALA,ALA,ALA,ALA,ALA,ALA,ALA,ALA,ALA,PRO,PRO,GLY,ALA,ALA,-,-,-,-,ALA,ALA,ALA,ALA,ALA,ALA,ALA
47,SER,SER,SER,SER,SER,SER,SER,SER,SER,SER,SER,SER,SER,SER,SER,VAL,VAL,PHE,SER,SER,-,-,-,-,SER,LEU,SER,SER,SER,SER,SER
48,SER,SER,SER,SER,SER,SER,SER,SER,SER,SER,SER,SER,SER,SER,SER,ASN,ASN,VAL,SER,SER,-,-,-,-,SER,ARG,SER,SER,SER,SER,SER
49,SER,SER,SER,SER,SER,SER,SER,SER,SER,SER,SER,SER,SER,SER,SER,THR,THR,HIS,SER,SER,-,-,-,-,SER,ALA,SER,SER,SER,SER,SER
50,ASN,ASN,ASN,ASN,ASN,ASN,ASN,ASN,ASN,ASN,ASN,ASN,ASN,ASN,ASN,PHE,PHE,GLU,ASN,ASN,-,ASN,-,ASN,ASN,ASN,ASN,ASN,ASN,ASN,ASN
51,TYR,TYR,TYR,TYR,TYR,TYR,TYR,TYR,TYR,TYR,TYR,TYR,TYR,TYR,TYR,VAL,VAL,SER,TYR,TYR,-,TYR,-,TYR,TYR,PRO,TYR,TYR,TYR,TYR,TYR
52,CYS,CYS,CYS,CYS,CYS,CYS,CYS,CYS,CYS,CYS,CYS,CYS,CYS,CYS,CYS,HIS,HIS,LEU,CYS,CYS,-,CYS,-,CYS,CYS,SER,CYS,CYS,CYS,CYS,CYS
53,ASN,ASN,ASN,ASN,ASN,ASN,ASN,ASN,ASN,ASN,ASN,ASN,ASN,ASN,ASN,GLU,GLU,ALA,ASN,ASN,-,ASN,-,ASN,ASN,LEU,ASN,ASN,ASN,ASN,ASN
54,GLN,GLN,GLN,GLN,GLN,GLN,GLN,GLN,GLN,GLN,GLN,GLN,GLN,GLN,GLN,SER,SER,ASP,GLN,GLN,-,GLN,-,GLN,GLN,THR,GLN,GLN,GLN,GLN,GLN
55,MET,MET,MET,MET,MET,MET,MET,MET,MET,MET,MET,MET,MET,MET,MET,LEU,LEU,VAL,MET,MET,-,MET,-,MET,MET,GLU,MET,MET,MET,MET,MET
56,MET,MET,MET,MET,MET,MET,MET,MET,MET,MET,MET,MET,MET,MET,MET,ALA,ALA,GLN,MET,MET,-,MET,-,MET,MET,LEU,MET,MET,MET,MET,MET
57,LYS,LYS,LYS,LYS,LYS,LYS,LYS,LYS,LYS,LYS,LYS,LYS,LYS,LYS,LYS,ASP,ASP,ALA,LYS,LYS,-,LYS,-,LYS,LYS,CYS,LYS,LYS,LYS,LYS,LYS
58,SER,SER,SER,SER,SER,SER,SER,SER,SER,SER,SER,SER,SER,SER,SER,VAL,VAL,VAL,SER,SER,-,SER,-,SER,SER,LEU,SER,SER,SER,SER,SER
59,ARG,ARG,ARG,ARG,ARG,ARG,ARG,ARG,ARG,ARG,ARG,ARG,ARG,ARG,ARG,GLN,GLN,CYS,ARG,ARG,-,ARG,-,ARG,ARG,ARG,ARG,ARG,ARG,ARG,ARG
60,ASN,ASN,ASN,ASN,ASN,ASN,ASN,ASN,ASN,ASN,ASN,ASN,ASN,ASN,ASN,ALA,ALA,SER,ASN,ASN,-,ASN,-,ASN,ASN,THR,ASN,ASN,ASN,ASN,ASN
61,LEU,LEU,LEU,LEU,LEU,LEU,LEU,LEU,LEU,LEU,LEU,LEU,LEU,LEU,LEU,VAL,VAL,GLN,LEU,LEU,-,LEU,-,LEU,LEU,ASN,LEU,LEU,LEU,LEU,LEU
62,THR,THR,THR,THR,THR,THR,THR,THR,THR,THR,THR,THR,THR,THR,THR,CYS,CYS,LYS,THR,THR,-,THR,-,THR,THR,GLU,THR,THR,THR,THR,THR
63,LYS,LYS,LYS,LYS,LYS,LYS,LYS,LYS,LYS,LYS,LYS,LYS,LYS,LYS,LYS,SER,SER,ASN,LYS,LYS,-,LYS,-,LYS,LYS,LEU,LYS,LYS,LYS,LYS,LYS
64,ASP,ASP,ASP,ASP,ASP,ASP,ASP,ASP,ASP,ASP,ASP,ASP,ASP,ASP,ASP,GLN,GLN,VAL,ASP,ASP,-,ASP,-,ASP,ASP,GLY,ASP,ASP,ASP,ASP,ASP
65,ARG,ARG,ARG,ARG,ARG,ARG,ARG,ARG,ARG,ARG,ARG,ARG,ARG,ARG,ARG,LYS,LYS,ALA,ARG,ARG,-,ARG,-,ARG,ARG,ASP,ARG,ARG,ARG,ARG,ARG
66,CYS,CYS,CYS,ALA,CYS,CYS,CYS,CYS,CYS,CYS,CYS,CYS,CYS,CYS,CYS,ASN,ASN,CYS,CYS,CYS,-,CYS,-,CYS,CYS,ALA,CYS,CYS,CYS,CYS,CYS
67,LYS,LYS,LYS,LYS,LYS,LYS,LYS,LYS,LYS,LYS,LYS,LYS,LYS,LYS,LYS,VAL,VAL,LYS,LYS,LYS,-,LYS,-,LYS,LYS,GLY,LYS,LYS,LYS,LYS,LYS
68,PRO,PRO,PRO,PRO,PRO,PRO,PRO,PRO,PRO,PRO,PRO,PRO,PRO,PRO,PRO,ALA,ALA,ASN,PRO,PRO,-,PRO,-,PRO,PRO,VAL,PRO,PRO,PRO,PRO,PRO
69,VAL,VAL,VAL,VAL,VAL,VAL,VAL,VAL,VAL,VAL,VAL,VAL,VAL,VAL,VAL,CYS,CYS,GLY,VAL,VAL,-,VAL,-,VAL,VAL,HIS,VAL,VAL,VAL,VAL,VAL
70,ASN,ASN,ASN,ASN,ASN,ASN,ASN,ASN,ASN,ASN,ASN,ASN,ASN,ASN,ASN,LYS,LYS,GLN,ASN,ASN,-,ASN,-,ASN,ASN,LEU,ASN,ASN,ASN,ASN,ASN
71,THR,THR,THR,THR,THR,THR,THR,THR,THR,THR,THR,THR,THR,THR,THR,ASN,ASN,THR,THR,THR,-,THR,-,THR,THR,VAL,THR,THR,THR,THR,THR
72,PHE,PHE,PHE,PHE,PHE,PHE,PHE,PHE,PHE,PHE,PHE,PHE,PHE,PHE,PHE,GLY,GLY,ASN,PHE,PHE,-,PHE,-,PHE,PHE,LEU,PHE,PHE,PHE,PHE,PHE
73,VAL,VAL,VAL,VAL,VAL,VAL,VAL,VAL,VAL,VAL,VAL,VAL,VAL,VAL,VAL,GLN,GLN,CYS,VAL,VAL,-,VAL,-,VAL,VAL,GLN,VAL,VAL,VAL,VAL,VAL
74,HIS,HIS,HIS,HIS,HIS,HIS,HIS,HIS,HIS,HIS,HIS,HIS,HIS,HIS,HIS,THR,THR,TYR,HIS,HIS,-,HIS,-,HIS,HIS,GLY,HIS,HIS,HIS,HIS,HIS
75,GLU,GLU,GLU,GLU,GLU,GLU,GLU,GLU,GLU,GLU,GLU,GLU,GLU,GLU,GLU,ASN,ASN,GLN,GLU,GLU,-,GLU,-,GLU,GLU,LEU,GLU,GLU,GLU,GLU,GLU
76,SER,SER,SER,SER,SER,SER,SER,SER,SER,SER,SER,SER,SER,SER,SER,CYS,CYS,SER,SER,SER,-,SER,-,SER,SER,GLN,SER,SER,SER,SER,SER
77,LEU,LEU,LEU,LEU,LEU,LEU,LEU,LEU,LEU,LEU,LEU,LEU,LEU,LEU,LEU,TYR,TYR,TYR,LEU,LEU,-,LEU,-,LEU,LEU,SER,LEU,LEU,LEU,LEU,LEU
78,ALA,ALA,ALA,ALA,ALA,ALA,ALA,ALA,ALA,ALA,ALA,ALA,ALA,ALA,ALA,GLN,GLN,SER,ALA,ALA,-,ALA,-,ALA,ALA,PRO,ALA,ALA,ALA,ALA,ALA
79,ASP,ASP,ASP,ASP,ASP,ASP,ASP,ASP,ASP,ASP,ASP,ASP,ASP,ASP,ASP,SER,SER,THR,ASP,ASP,-,ASP,-,ASP,ASP,THR,ASP,ASP,ASP,ASP,ASP
80,VAL,VAL,VAL,VAL,VAL,VAL,VAL,VAL,VAL,VAL,VAL,VAL,VAL,VAL,VAL,TYR,TYR,MET,VAL,VAL,-,VAL,-,VAL,VAL,CYS,VAL,VAL,VAL,VAL,VAL
81,GLN,GLN,GLN,GLN,GLN,GLN,GLN,GLN,GLN,GLN,GLN,GLN,LYS,LYS,GLN,SER,SER,SER,GLN,GLN,-,GLN,-,GLN,GLN,LYS,GLN,GLN,GLN,GLN,GLN
82,ALA,ALA,ALA,ALA,ALA,ALA,ALA,ALA,ALA,ALA,ALA,ALA,ALA,ALA,ALA,THR,THR,ILE,ALA,ALA,-,ALA,-,ALA,ALA,ILE,ALA,ALA,ALA,ALA,ALA
83,VAL,VAL,VAL,VAL,VAL,VAL,VAL,VAL,VAL,VAL,VAL,VAL,VAL,VAL,VAL,MET,MET,THR,VAL,VAL,-,VAL,-,VAL,VAL,GLN,VAL,VAL,VAL,VAL,VAL
84,CYS,CYS,CYS,CYS,CYS,CYS,CYS,CYS,CYS,CYS,CYS,CYS,CYS,CYS,CYS,SER,SER,ASP,CYS,CYS,-,CYS,-,CYS,CYS,LYS,CYS,CYS,CYS,CYS,CYS
85,SER,SER,SER,SER,SER,SER,SER,SER,SER,SER,SER,SER,SER,SER,SER,ILE,ILE,CYS,SER,SER,-,SER,-,SER,SER,LEU,SER,SER,SER,SER,SER
86,GLN,GLN,GLN,GLN,GLN,GLN,GLN,GLN,GLN,GLN,GLN,GLN,GLN,GLN,GLN,THR,THR,ARG,GLN,GLN,-,GLN,-,GLN,GLN,SER,GLN,GLN,GLN,GLN,GLN
87,LYS,LYS,LYS,LYS,LYS,LYS,LYS,LYS,LYS,LYS,LYS,LYS,LYS,LYS,LYS,ASP,ASP,GLU,LYS,LYS,-,LYS,-,LYS,LYS,LEU,LYS,LYS,LYS,LYS,LYS
88,ASN,ASN,ASN,ASN,ASN,ASN,ASN,ASN,ASN,ASN,ASN,ASN,LYS,LYS,ASN,CYS,CYS,THR,ASN,ASN,-,ASN,-,ASN,ASN,GLN,ASN,ASN,ASN,ASN,ASN
89,VAL,VAL,VAL,VAL,VAL,VAL,VAL,VAL,VAL,VAL,VAL,VAL,VAL,VAL,VAL,ARG,ARG,GLY,VAL,VAL,-,VAL,-,VAL,VAL,ASN,VAL,VAL,VAL,VAL,VAL
90,ALA,ALA,ALA,ALA,ALA,ALA,ALA,ALA,ALA,ALA,ALA,ALA,THR,THR,ALA,GLU,GLU,SER,ALA,ALA,-,ALA,-,ALA,ALA,CYS,ALA,ALA,ALA,ALA,ALA
91,CYS,CYS,CYS,CYS,CYS,CYS,CYS,CYS,CYS,CYS,CYS,CYS,CYS,CYS,CYS,THR,THR,SER,CYS,CYS,-,CYS,-,CYS,CYS,SER,CYS,CYS,CYS,CYS,CYS
92,LYS,LYS,LYS,LYS,LYS,LYS,LYS,LYS,LYS,LYS,LYS,LYS,LYS,LYS,LYS,GLY,GLY,LYS,LYS,LYS,-,LYS,-,LYS,LYS,LEU,LYS,LYS,LYS,LYS,LYS
93,ASN,ASN,ASN,ASN,ASN,ASN,ASN,ASN,ASN,ASN,ASN,ASN,ASN,ASN,ASN,SER,SER,TYR,ASN,ASN,-,ASN,-,ASN,ASN,THR,IAS,IAS,ASN,ASN,ASN
94,GLY,GLY,GLY,GLY,GLY,GLY,GLY,GLY,GLY,GLY,GLY,GLY,GLY,GLY,GLY,SER,SER,PRO,GLY,GLY,-,GLY,-,GLY,GLY,GLU,GLY,GLY,GLY,GLY,GLY
95,GLN,GLN,GLN,GLN,GLN,GLN,GLN,GLN,GLN,GLN,GLN,GLN,GLN,GLN,GLN,LYS,LYS,ASN,GLN,GLN,-,GLN,-,GLN,GLN,ALA,GLN,GLN,GLN,GLN,GLN
96,THR,THR,THR,THR,THR,THR,THR,THR,THR,THR,THR,THR,THR,THR,THR,TYR,TYR,CYS,THR,THR,-,THR,-,THR,THR,GLY,THR,THR,THR,THR,THR
97,ASN,ASN,ASN,ASN,ASN,ASN,ASN,ASN,ASN,ASN,ASN,ASN,ASN,ASN,ASN,PRO,PRO,ALA,ASN,ASN,-,ASN,-,ASN,ASN,CYS,ASN,ASN,ASN,ASN,ASN
98,CYS,CYS,CYS,CYS,CYS,CYS,CYS,CYS,CYS,CYS,CYS,CYS,CYS,CYS,CYS,ASN,ASN,TYR,CYS,CYS,-,CYS,-,CYS,CYS,GLY,CYS,CYS,CYS,CYS,CYS
99,TYR,TYR,TYR,TYR,TYR,TYR,TYR,TYR,TYR,TYR,TYR,TYR,TYR,TYR,TYR,CYS,CYS,LYS,TYR,TYR,-,TYR,-,TYR,TYR,VAL,TYR,TYR,TYR,TYR,TYR
100,GLN,GLN,GLN,GLN,GLN,GLN,GLN,GLN,GLN,GLN,GLN,GLN,GLN,GLN,GLN,ALA,ALA,THR,GLN,GLN,-,GLN,-,GLN,GLN,LEU,GLN,GLN,GLN,GLN,GLN
101,SER,SER,SER,SER,SER,SER,SER,SER,SER,SER,SER,SER,SER,SER,SER,TYR,TYR,THR,SER,SER,-,SER,-,SER,SER,PRO,SER,SER,SER,SER,SER
102,TYR,TYR,TYR,TYR,TYR,TYR,TYR,TYR,TYR,TYR,TYR,TYR,LYS,LYS,TYR,LYS,LYS,GLN,TYR,TYR,-,TYR,-,TYR,TYR,SER,TYR,TYR,TYR,TYR,TYR
103,SER,SER,SER,SER,SER,SER,SER,SER,SER,SER,SER,SER,SER,SER,SER,THR,THR,ALA,SER,SER,-,SER,-,SER,SER,THR,SER,SER,SER,SER,SER
104,THR,THR,THR,THR,THR,THR,THR,THR,THR,THR,THR,THR,THR,THR,THR,THR,THR,ASN,THR,THR,-,THR,-,THR,THR,LEU,THR,THR,THR,THR,THR
105,MET,MET,MET,MET,MET,MET,MET,MET,MET,MET,MET,MET,MET,MET,MET,GLN,GLN,LYS,MET,MET,-,MET,-,MET,MET,ARG,MET,MET,MET,MET,MET
106,SER,SER,SER,SER,SER,SER,SER,SER,SER,SER,SER,SER,ARG,ARG,SER,ALA,ALA,HIS,SER,SER,-,SER,-,SER,SER,SER,SER,SER,SER,SER,SER
107,ILE,ILE,ILE,ILE,ILE,ILE,ILE,ILE,ILE,ILE,ILE,ILE,ILE,ILE,ILE,ASN,ASN,ILE,ILE,ILE,-,ILE,-,ILE,ILE,LEU,ILE,ILE,ILE,ILE,ILE
108,THR,THR,THR,THR,THR,THR,THR,THR,THR,THR,THR,THR,THR,THR,THR,LYS,LYS,ILE,THR,THR,-,THR,-,THR,THR,PRO,THR,THR,THR,THR,THR
109,ASP,ASP,ASP,ASP,ASP,ASP,ASP,ASP,ASP,ASP,ASP,ASP,ASP,ASP,ASP,HIS,HIS,VAL,ASP,ASP,-,ASP,-,ASP,ASP,THR,ASP,ASP,ASP,ASP,ASP
110,CYS,CYS,CYS,CYS,CYS,CYS,CYS,CYS,CYS,CYS,CYS,CYS,CYS,CYS,CYS,ILE,ILE,ALA,CYS,CYS,-,CYS,-,CYS,CYS,LEU,CYS,CYS,CYS,CYS,CYS
111,ARG,ARG,ARG,ARG,ARG,ARG,ARG,ARG,ARG,ARG,ARG,ARG,ARG,ARG,ARG,ILE,ILE,CYS,ARG,ARG,-,ARG,-,ARG,ARG,ARG,ARG,ARG,ARG,ARG,ARG
112,GLU,GLU,GLU,GLU,GLU,GLU,GLU,GLU,GLU,GLU,GLU,GLU,GLU,GLU,GLU,VAL,VAL,GLU,GLU,GLU,-,GLU,-,GLU,GLU,GLU,GLU,GLU,GLU,GLU,GLU
113,THR,THR,THR,THR,THR,THR,THR,THR,THR,THR,THR,THR,THR,THR,THR,ALA,ALA,GLY,THR,THR,-,THR,-,THR,THR,LEU,THR,THR,THR,THR,THR
114,GLY,GLY,GLY,GLY,GLY,GLY,GLY,GLY,GLY,GLY,GLY,GLY,GLY,GLY,GLY,CYS,CYS,ASN,GLY,GLY,-,GLY,-,GLY,GLY,HIS,GLY,GLY,GLY,GLY,GLY
115,SER,SER,SER,SER,SER,SER,SER,SER,SER,SER,SER,SER,SER,SER,SER,GLU,GLU,PRO,SER,SER,-,SER,-,SER,SER,LEU,SER,SER,SER,SER,SER
116,SER,SER,SER,SER,SER,SER,SER,SER,SER,SER,SER,SER,SER,SER,SER,GLY,GLY,TYR,SER,SER,-,SER,-,SER,SER,SER,SER,SER,SER,SER,SER
117,LYS,LYS,LYS,LYS,LYS,LYS,LYS,LYS,LYS,LYS,LYS,LYS,LYS,LYS,LYS,ASN,ASN,VAL,LYS,LYS,-,LYS,-,LYS,LYS,ASP,LYS,LYS,LYS,LYS,LYS
118,TYR,TYR,TYR,TYR,TYR,TYR,TYR,TYR,TYR,TYR,TYR,TYR,TYR,TYR,TYR,PRO,PRO,PRO,TYR,TYR,-,TYR,-,TYR,TYR,ASN,TYR,TYR,TYR,TYR,TYR
119,PRO,PRO,PRO,PRO,ALA,PRO,PRO,PRO,PRO,PRO,PRO,PRO,PRO,PRO,PRO,TYR,TYR,VAL,PRO,PRO,-,PRO,-,PRO,PRO,PRO,PRO,PRO,PRO,PRO,PRO
120,ASN,ASN,ASN,ASN,ASN,ASN,ASN,ASN,ASN,ASN,ASN,ASN,ASN,ASN,ASN,VAL,VAL,HIS,ASN,ASN,-,ASN,-,ASN,ASN,LEU,ASN,ASN,ASN,ASN,ASN
121,CYS,CYS,CYS,ALA,CYS,CYS,CYS,CYS,CYS,CYS,CYS,CYS,CYS,CYS,CYS,PRO,PRO,PHE,CYS,CYS,-,CYS,-,CYS,CYS,GLY,CYS,CYS,CYS,CYS,CYS
122,ALA,ALA,ALA,ALA,ALA,ALA,ALA,ALA,ALA,ALA,ALA,ALA,ALA,ALA,ALA,VAL,VAL,ASP,ALA,ALA,-,ALA,-,ALA,ALA,ASP,ALA,ALA,ALA,ALA,ALA
123,TYR,TYR,TYR,TYR,TYR,TYR,TYR,TYR,TYR,TYR,TYR,TYR,TYR,TYR,TYR,HIS,HIS,ALA,TYR,TYR,-,TYR,-,TYR,TYR,ALA,TYR,TYR,TYR,TYR,TYR
124,LYS,LYS,LYS,LYS,LYS,LYS,LYS,LYS,LYS,LYS,LYS,LYS,LYS,LYS,LYS,PHE,PHE,SER,LYS,LYS,-,LYS,-,LYS,LYS,GLY,LYS,LYS,LYS,LYS,LYS
125,THR,THR,THR,THR,THR,THR,THR,THR,THR,THR,THR,THR,THR,THR,THR,ASP,ASP,VAL,THR,THR,-,THR,-,THR,THR,LEU,THR,THR,THR,THR,THR
126,THR,THR,THR,THR,THR,THR,THR,THR,THR,THR,THR,THR,THR,THR,THR,ALA,ALA,-,THR,THR,-,THR,-,THR,THR,ARG,THR,THR,THR,THR,THR
127,GLN,GLN,GLN,GLN,GLN,GLN,GLN,GLN,GLN,GLN,GLN,GLN,GLN,GLN,GLN,SER,SER,-,GLN,GLN,-,GLN,-,GLN,GLN,LEU,GLN,GLN,GLN,GLN,GLN
128,ALA,ALA,ALA,ALA,ALA,ALA,ALA,ALA,ALA,ALA,ALA,ALA,ALA,ALA,ALA,VAL,VAL,-,ALA,ALA,-,ALA,-,ALA,ALA,LEU,ALA,ALA,ALA,ALA,ALA
129,ASN,ASN,ASN,ASN,ASN,ASN,ASN,ASN,ASN,ASN,ASN,ASN,ASN,ASN,ASN,-,-,-,ASN,ASN,-,ASN,-,ASN,ASN,CYS,ASN,ASN,ASN,ASN,ASN
130,LYS,LYS,LYS,LYS,LYS,LYS,LYS,LYS,LYS,LYS,LYS,LYS,LYS,LYS,LYS,-,-,-,LYS,LYS,-,LYS,-,LYS,LYS,GLU,LYS,LYS,LYS,LYS,LYS
131,HIS,HIS,HIS,HIS,HIS,HIS,HIS,HIS,HIS,HIS,HIS,HIS,HIS,HIS,HIS,-,-,-,HIS,HIS,-,HIS,-,HIS,HIS,GLY,HIS,HIS,HIS,HIS,HIS
132,ILE,ILE,ILE,ILE,ILE,ILE,ILE,ILE,ILE,ILE,ILE,ILE,ILE,ILE,ILE,-,-,-,ILE,ILE,-,ILE,-,ILE,ILE,LEU,ILE,ILE,ILE,ILE,ILE
133,ILE,ILE,ILE,ILE,ILE,ILE,ILE,ILE,ILE,ILE,ILE,ILE,ILE,ILE,ILE,-,-,-,ILE,ILE,-,ILE,-,ILE,ILE,LEU,ILE,ILE,ILE,ILE,ILE
134,VAL,VAL,VAL,VAL,VAL,VAL,VAL,VAL,VAL,VAL,VAL,VAL,VAL,VAL,VAL,-,-,-,VAL,VAL,-,VAL,-,VAL,VAL,ASP,VAL,VAL,VAL,VAL,VAL
135,ALA,ALA,ALA,ALA,ALA,ALA,ALA,ALA,ALA,ALA,ALA,ALA,ALA,ALA,ALA,-,-,-,ALA,ALA,-,ALA,-,ALA,ALA,PRO,ALA,ALA,ALA,ALA,ALA
136,CYS,CYS,CYS,CYS,CYS,CYS,CYS,CYS,CYS,CYS,CYS,CYS,CYS,CYS,CYS,-,-,-,CYS,CYS,-,CYS,-,CYS,CYS,GLN,CYS,CYS,CYS,CYS,CYS
137,GLU,GLU,GLU,GLU,GLU,GLU,GLU,GLU,GLU,GLU,GLU,GLU,GLY,GLY,GLU,-,-,-,GLU,GLU,-,GLU,-,GLU,GLU,CYS,GLU,GLU,GLU,GLU,GLU
138,GLY,GLY,GLY,GLY,GLY,GLY,GLY,GLY,GLY,GLY,GLY,GLY,GLY,GLY,GLY,-,-,-,GLY,GLY,-,GLY,-,GLY,GLY,HIS,GLY,GLY,GLY,GLY,GLY
139,ASN,ASN,ASN,ASN,ASN,ASN,ASN,ASN,ASN,ASN,ASN,ASN,LYS,LYS,ASN,-,-,-,ASN,ASN,-,ASN,-,ASN,ASN,LEU,ASN,ASN,ASN,ASN,ASN
140,PRO,PRO,PRO,PRO,PRO,PRO,PRO,PRO,PRO,PRO,PRO,PRO,PRO,PRO,PRO,-,-,-,PRO,PRO,-,PRO,-,PRO,PRO,GLU,PRO,PRO,PRO,PRO,PRO
141,TYR,TYR,TYR,TYR,TYR,TYR,TYR,TYR,TYR,TYR,TYR,TYR,TYR,TYR,TYR,-,-,-,TYR,TYR,-,TYR,-,TYR,TYR,LYS,TYR,TYR,TYR,TYR,TYR
142,VAL,VAL,VAL,VAL,VAL,VAL,VAL,VAL,VAL,VAL,VAL,VAL,VAL,VAL,VAL,-,-,-,VAL,VAL,-,VAL,-,VAL,VAL,LEU,VAL,VAL,VAL,VAL,VAL
143,PRO,PRO,PRO,PRO,PRO,PRO,PRO,PRO,PRO,PRO,PRO,PRO,PRO,PRO,PRO,-,-,-,PRO,PRO,-,PRO,-,PRO,PRO,GLN,PRO,PRO,PRO,PRO,PRO
144,VAL,VAL,VAL,VAL,VAL,VAL,VAL,VAL,VAL,VAL,VAL,VAL,VAL,VAL,VAL,-,-,-,VAL,VAL,-,VAL,-,VAL,VAL,LEU,VAL,VAL,VAL,VAL,VAL
145,HIS,HIS,HIS,HIS,HIS,HIS,HIS,HIS,HIS,HIS,HIS,HIS,HIS,HIS,HIS,-,-,-,HIS,ALA,-,HIS,-,HIS,HIS,GLU,HIS,HIS,HIS,HIS,HIS
146,PHE,PHE,PHE,PHE,PHE,PHE,PHE,PHE,PHE,PHE,PHE,PHE,PHE,PHE,PHE,-,-,-,PHE,PHE,-,PHE,-,PHE,PHE,TYR,PHE,PHE,ALA,GLY,TRP
147,ASP,ASP,ASP,ASP,ASP,ASP,ASP,ASP,ASP,ASP,ASP,ASP,ASP,ASP,ASP,-,-,-,ASP,ASP,-,ASP,-,ASP,ASP,CYS,ASP,ASP,ASP,ASP,ASP
148,ALA,ALA,ALA,ALA,ALA,ALA,ALA,ALA,ALA,ALA,ALA,ALA,ALA,ALA,ALA,-,-,-,ALA,ALA,-,ALA,-,ALA,ALA,ARG,ALA,ALA,ALA,ALA,ALA
149,SER,SER,SER,SER,SER,SER,SER,SER,SER,SER,SER,SER,SER,SER,SER,-,-,-,SER,SER,-,SER,-,SER,SER,LEU,SER,SER,SER,SER,SER
150,VAL,VAL,VAL,VAL,VAL,VAL,VAL,VAL,VAL,VAL,VAL,VAL,VAL,VAL,VAL,-,-,-,VAL,VAL,-,VAL,-,VAL,VAL,THR,VAL,VAL,VAL,VAL,VAL
