residue_id,ref_seq,pdb4o0c_A,pdb4o0c_B,pdb4o0d_A,pdb4o0d_B,pdb4o0e_A,pdb4o0e_B,pdb4o0f_A,pdb4o0f_B,pdb4o0g_A,pdb4o0g_B,pdb4o0h_A,pdb4o0h_B,pdb4osx_A,pdb4osx_B,pdb4osy_A,pdb4osy_B,pdb4pvp_A,pdb4pvp_B,pdb4pvq_A,pdb4pvq_B,pdb4pvr_A,pdb4pvr_B,pdb4pvs_A,pdb4pvs_B,pdb4zm9_A,pdb4zm9_B,pdb4zm9_C,pdb4zm9_D
1,MET,MET,MET,MET,MET,MET,MET,MET,MET,MET,MET,MET,MET,MET,MET,MET,MET,MET,MET,MET,MET,MET,MET,MET,MET,GLY,GLY,GLY,GLY
2,ASN,ASN,ASN,ASN,ASN,ASN,ASN,ASN,ASN,ASN,ASN,ASN,ASN,ASN,ASN,ASN,ASN,ASN,ASN,ASN,ASN,ASN,ASN,ASN,ASN,ASN,ASN,ASN,ASN
3,PRO,PRO,PRO,PRO,PRO,PRO,PRO,PRO,PRO,PRO,PRO,PRO,PRO,PRO,PRO,PRO,PRO,PRO,PRO,PRO,PRO,PRO,PRO,PRO,PRO,PRO,PRO,PRO,PRO
4,ILE,ILE,ILE,ILE,ILE,ILE,ILE,ILE,ILE,ILE,ILE,ILE,ILE,ILE,ILE,ILE,ILE,ILE,ILE,ILE,ILE,ILE,ILE,ILE,ILE,ILE,ILE,ILE,ILE
5,VAL,VAL,VAL,VAL,VAL,VAL,VAL,VAL,VAL,VAL,VAL,VAL,VAL,VAL,VAL,VAL,VAL,VAL,VAL,VAL,VAL,VAL,VAL,VAL,VAL,VAL,VAL,VAL,VAL
6,VAL,VAL,VAL,VAL,VAL,VAL,VAL,VAL,VAL,VAL,VAL,VAL,VAL,VAL,VAL,VAL,VAL,VAL,VAL,VAL,VAL,VAL,VAL,VAL,VAL,VAL,VAL,VAL,VAL
7,VAL,VAL,VAL,VAL,VAL,VAL,VAL,VAL,VAL,VAL,VAL,VAL,VAL,VAL,VAL,VAL,VAL,VAL,VAL,VAL,VAL,VAL,VAL,VAL,VAL,VAL,VAL,VAL,VAL
8,HIS,HIS,HIS,HIS,HIS,HIS,HIS,HIS,HIS,HIS,HIS,HIS,HIS,HIS,HIS,HIS,HIS,HIS,HIS,HIS,HIS,HIS,HIS,HIS,HIS,HIS,HIS,HIS,HIS
9,GLY,GLY,GLY,GLY,GLY,GLY,GLY,GLY,GLY,GLY,GLY,GLY,GLY,GLY,GLY,GLY,GLY,GLY,GLY,GLY,GLY,GLY,GLY,GLY,GLY,GLY,GLY,GLY,GLY
10,GLY,GLY,GLY,GLY,GLY,GLY,GLY,GLY,GLY,GLY,GLY,GLY,GLY,GLY,GLY,GLY,GLY,GLY,GLY,GLY,GLY,GLY,GLY,GLY,GLY,GLY,GLY,GLY,GLY
11,GLY,GLY,GLY,GLY,GLY,GLY,GLY,GLY,GLY,GLY,GLY,GLY,GLY,GLY,GLY,GLY,GLY,GLY,GLY,GLY,GLY,GLY,GLY,GLY,GLY,GLY,GLY,GLY,GLY
12,ALA,ALA,ALA,ALA,ALA,ALA,ALA,ALA,ALA,ALA,ALA,ALA,ALA,ALA,ALA,ALA,ALA,ALA,ALA,ALA,ALA,ALA,ALA,ALA,ALA,ALA,ALA,ALA,ALA
13,GLY,GLY,GLY,GLY,GLY,GLY,GLY,GLY,GLY,GLY,GLY,GLY,GLY,GLY,GLY,GLY,GLY,GLY,GLY,GLY,GLY,GLY,GLY,GLY,GLY,GLY,GLY,GLY,GLY
14,PRO,PRO,PRO,PRO,PRO,PRO,PRO,PRO,PRO,PRO,PRO,PRO,PRO,PRO,PRO,PRO,PRO,PRO,PRO,PRO,PRO,PRO,PRO,PRO,PRO,PRO,PRO,PRO,PRO
15,ILE,ILE,ILE,ILE,ILE,ILE,ILE,ILE,ILE,ILE,ILE,ILE,ILE,ILE,ILE,ILE,ILE,ILE,ILE,ILE,ILE,ILE,ILE,ILE,ILE,ILE,ILE,ILE,ILE
16,SER,SER,SER,SER,SER,SER,SER,SER,SER,SER,SER,SER,SER,SER,SER,SER,SER,SER,SER,SER,SER,SER,SER,SER,SER,SER,SER,SER,SER
17,LYS,LYS,LYS,LYS,LYS,LYS,LYS,LYS,LYS,LYS,LYS,LYS,LYS,LYS,LYS,LYS,LYS,LYS,LYS,LYS,LYS,LYS,LYS,LYS,LYS,LYS,LYS,LYS,LYS
18,ASP,ASP,ASP,ASP,ASP,ASP,ASP,ASP,ASP,ASP,ASP,ASP,ASP,ASP,ASP,ASP,ASP,ASP,ASP,ASP,ASP,ASP,ASP,ASP,ASP,ASP,ASP,ASP,ASP
19,ARG,ARG,ARG,ARG,ARG,ARG,ARG,ARG,ARG,ARG,ARG,ARG,ARG,ARG,ARG,ARG,ARG,ARG,ARG,ARG,ARG,ARG,ARG,ARG,ARG,ARG,ARG,ARG,ARG
20,LYS,LYS,LYS,LYS,LYS,LYS,LYS,LYS,LYS,LYS,LYS,LYS,LYS,LYS,LYS,LYS,LYS,LYS,LYS,LYS,LYS,LYS,LYS,LYS,LYS,LYS,LYS,LYS,LYS
21,GLU,GLU,GLU,GLU,GLU,GLU,GLU,GLU,GLU,GLU,GLU,GLU,GLU,GLU,GLU,GLU,GLU,GLU,GLU,GLU,GLU,GLU,GLU,GLU,GLU,GLU,GLU,GLU,GLU
22,ARG,ARG,ARG,ARG,ARG,ARG,ARG,ARG,ARG,ARG,ARG,ARG,ARG,ARG,ARG,ARG,ARG,ARG,ARG,ARG,ARG,ARG,ARG,ARG,ARG,ARG,ARG,ARG,ARG
23,VAL,VAL,VAL,VAL,VAL,VAL,VAL,VAL,VAL,VAL,VAL,VAL,VAL,VAL,VAL,VAL,VAL,VAL,VAL,VAL,VAL,VAL,VAL,VAL,VAL,VAL,VAL,VAL,VAL
24,HIS,HIS,HIS,HIS,HIS,HIS,HIS,HIS,HIS,HIS,HIS,HIS,HIS,HIS,HIS,HIS,HIS,HIS,HIS,HIS,HIS,HIS,HIS,HIS,HIS,HIS,HIS,HIS,HIS
25,GLN,GLN,GLN,GLN,GLN,GLN,GLN,GLN,GLN,GLN,GLN,GLN,GLN,GLN,GLN,GLN,GLN,GLN,GLN,GLN,GLN,GLN,GLN,GLN,GLN,GLN,GLN,GLN,GLN
26,GLY,GLY,GLY,GLY,GLY,GLY,GLY,GLY,GLY,GLY,GLY,GLY,GLY,GLY,GLY,GLY,GLY,GLY,GLY,GLY,GLY,GLY,GLY,GLY,GLY,GLY,GLY,GLY,GLY
27,MET,MET,MET,MET,MET,MET,MET,MET,MET,MET,MET,MET,MET,MET,MET,MET,MET,MET,MET,MET,MET,MET,MET,MET,MET,MET,MET,MET,MET
28,VAL,VAL,VAL,VAL,VAL,VAL,VAL,VAL,VAL,VAL,VAL,VAL,VAL,VAL,VAL,VAL,VAL,VAL,VAL,VAL,VAL,VAL,VAL,VAL,VAL,VAL,VAL,VAL,VAL
29,ARG,ARG,ARG,ARG,ARG,ARG,ARG,ARG,ARG,ARG,ARG,ARG,ARG,ARG,ARG,ARG,ARG,ARG,ARG,ARG,ARG,ARG,ARG,ARG,ARG,ARG,ARG,ARG,ARG
30,ALA,ALA,ALA,ALA,ALA,ALA,ALA,ALA,ALA,ALA,ALA,ALA,ALA,ALA,ALA,ALA,ALA,ALA,ALA,ALA,ALA,ALA,ALA,ALA,ALA,ALA,ALA,ALA,ALA
31,ALA,ALA,ALA,ALA,ALA,ALA,ALA,ALA,ALA,ALA,ALA,ALA,ALA,ALA,ALA,ALA,ALA,ALA,ALA,ALA,ALA,ALA,ALA,ALA,ALA,ALA,ALA,ALA,ALA
32,THR,THR,THR,THR,THR,THR,THR,THR,THR,THR,THR,THR,THR,THR,THR,THR,THR,THR,THR,THR,THR,THR,THR,THR,THR,THR,THR,THR,THR
33,VAL,VAL,VAL,VAL,VAL,VAL,VAL,VAL,VAL,VAL,VAL,VAL,VAL,VAL,VAL,VAL,VAL,VAL,VAL,VAL,VAL,VAL,VAL,VAL,VAL,VAL,VAL,VAL,VAL
34,GLY,GLY,GLY,GLY,GLY,GLY,GLY,GLY,GLY,GLY,GLY,GLY,GLY,GLY,GLY,GLY,GLY,GLY,GLY,GLY,GLY,GLY,GLY,GLY,GLY,GLY,GLY,GLY,GLY
35,TYR,TYR,TYR,TYR,TYR,TYR,TYR,TYR,TYR,TYR,TYR,TYR,TYR,TYR,TYR,TYR,TYR,TYR,TYR,TYR,TYR,TYR,TYR,TYR,TYR,TYR,TYR,TYR,TYR
36,GLY,GLY,GLY,GLY,GLY,GLY,GLY,GLY,GLY,GLY,GLY,GLY,GLY,GLY,GLY,GLY,GLY,GLY,GLY,GLY,GLY,GLY,GLY,GLY,GLY,GLY,GLY,GLY,GLY
37,ILE,ILE,ILE,ILE,ILE,ILE,ILE,ILE,ILE,ILE,ILE,ILE,ILE,ILE,ILE,ILE,ILE,ILE,ILE,ILE,ILE,ILE,ILE,ILE,ILE,ILE,ILE,ILE,ILE
38,LEU,LEU,LEU,LEU,LEU,LEU,LEU,LEU,LEU,LEU,LEU,LEU,LEU,LEU,LEU,LEU,LEU,LEU,LEU,LEU,LEU,LEU,LEU,LEU,LEU,LEU,LEU,LEU,LEU
39,ARG,ARG,ARG,ARG,ARG,ARG,ARG,ARG,ARG,ARG,ARG,ARG,ARG,ARG,ARG,ARG,ARG,ARG,ARG,ARG,ARG,ARG,ARG,ARG,ARG,ARG,ARG,ARG,ARG
40,GLU,GLU,GLU,GLU,GLU,GLU,GLU,GLU,GLU,GLU,GLU,GLU,GLU,GLU,GLU,GLU,GLU,GLU,GLU,GLU,GLU,GLU,GLU,GLU,GLU,GLU,GLU,GLU,GLU
41,GLY,GLY,GLY,GLY,GLY,GLY,GLY,GLY,GLY,GLY,GLY,GLY,GLY,GLY,GLY,GLY,GLY,GLY,GLY,GLY,GLY,GLY,GLY,GLY,GLY,GLY,GLY,GLY,GLY
42,GLY,GLY,GLY,GLY,GLY,GLY,GLY,GLY,GLY,GLY,GLY,GLY,GLY,GLY,GLY,GLY,GLY,GLY,GLY,GLY,GLY,GLY,GLY,GLY,GLY,GLY,GLY,GLY,GLY
43,SER,SER,SER,SER,SER,SER,SER,SER,SER,SER,SER,SER,SER,SER,SER,SER,SER,SER,SER,SER,SER,SER,SER,SER,SER,SER,SER,SER,SER
44,ALA,ALA,ALA,ALA,ALA,ALA,ALA,ALA,ALA,ALA,ALA,ALA,ALA,ALA,ALA,ALA,ALA,ALA,ALA,ALA,ALA,ALA,ALA,ALA,ALA,ALA,ALA,ALA,ALA
45,VAL,VAL,VAL,VAL,VAL,VAL,VAL,VAL,VAL,VAL,VAL,VAL,VAL,VAL,VAL,VAL,VAL,VAL,VAL,VAL,VAL,VAL,VAL,VAL,VAL,VAL,VAL,VAL,VAL
46,ASP,ASP,ASP,ASP,ASP,ASP,ASP,ASP,ASP,ASP,ASP,ASP,ASP,ASP,ASP,ASP,ASP,ASP,ASP,ASP,ASP,ASP,ASP,ASP,ASP,ASP,ASP,ASP,ASP
47,ALA,ALA,ALA,ALA,ALA,ALA,ALA,ALA,ALA,ALA,ALA,ALA,ALA,ALA,ALA,ALA,ALA,ALA,ALA,ALA,ALA,ALA,ALA,ALA,ALA,ALA,ALA,ALA,ALA
48,VAL,VAL,VAL,VAL,VAL,VAL,VAL,VAL,VAL,VAL,VAL,VAL,VAL,VAL,VAL,VAL,VAL,VAL,VAL,VAL,VAL,VAL,VAL,VAL,VAL,VAL,VAL,VAL,VAL
49,GLU,GLU,GLU,GLU,GLU,GLU,GLU,GLU,GLU,GLU,GLU,GLU,GLU,GLU,GLU,GLU,GLU,GLU,GLU,GLU,GLU,GLU,GLU,GLU,GLU,GLU,GLU,GLU,GLU
50,GLY,GLY,GLY,GLY,GLY,GLY,GLY,GLY,GLY,GLY,GLY,GLY,GLY,GLY,GLY,GLY,GLY,GLY,GLY,GLY,GLY,GLY,GLY,GLY,GLY,GLY,GLY,GLY,GLY
51,ALA,ALA,ALA,ALA,ALA,ALA,ALA,ALA,ALA,ALA,ALA,ALA,ALA,ALA,ALA,ALA,ALA,ALA,ALA,ALA,ALA,ALA,ALA,ALA,ALA,ALA,ALA,ALA,ALA
52,VAL,VAL,VAL,VAL,VAL,VAL,VAL,VAL,VAL,VAL,VAL,VAL,VAL,VAL,VAL,VAL,VAL,VAL,VAL,VAL,VAL,VAL,VAL,VAL,VAL,VAL,VAL,VAL,VAL
53,VAL,VAL,VAL,VAL,VAL,VAL,VAL,VAL,VAL,VAL,VAL,VAL,VAL,VAL,VAL,VAL,VAL,VAL,VAL,VAL,VAL,VAL,VAL,VAL,VAL,VAL,VAL,VAL,VAL
54,ALA,ALA,ALA,ALA,ALA,ALA,ALA,ALA,ALA,ALA,ALA,ALA,ALA,ALA,ALA,ALA,ALA,ALA,ALA,ALA,ALA,ALA,ALA,ALA,ALA,ALA,ALA,ALA,ALA
55,LEU,LEU,LEU,LEU,LEU,LEU,LEU,LEU,LEU,LEU,LEU,LEU,LEU,LEU,LEU,LEU,LEU,LEU,LEU,LEU,LEU,LEU,LEU,LEU,LEU,LEU,LEU,LEU,LEU
56,GLU,GLU,GLU,GLU,GLU,GLU,GLU,GLU,GLU,GLU,GLU,GLU,GLU,GLU,GLU,GLU,GLU,GLU,GLU,GLU,GLU,GLU,GLU,GLU,GLU,GLU,GLU,GLU,GLU
57,ASP,ASP,ASP,ASP,ASP,ASP,ASP,ASP,ASP,ASP,ASP,ASP,ASP,ASP,ASP,ASP,ASP,ASP,ASP,ASP,ASP,ASP,ASP,ASP,ASP,ASP,ASP,ASP,ASP
58,ASP,ASP,ASP,ASP,ASP,ASP,ASP,ASP,ASP,ASP,ASP,ASP,ASP,ASP,ASP,ASP,ASP,ASP,ASP,ASP,ASP,ASP,ASP,ASP,ASP,ASP,ASP,ASP,ASP
59,PRO,PRO,PRO,PRO,PRO,PRO,PRO,PRO,PRO,PRO,PRO,PRO,PRO,PRO,PRO,PRO,PRO,PRO,PRO,PRO,PRO,PRO,PRO,PRO,PRO,PRO,PRO,PRO,PRO
60,GLU,GLU,GLU,GLU,GLU,GLU,GLU,GLU,GLU,GLU,GLU,GLU,GLU,GLU,GLU,GLU,GLU,GLU,GLU,GLU,GLU,GLU,GLU,GLU,GLU,GLU,GLU,GLU,GLU
61,PHE,PHE,PHE,PHE,PHE,PHE,PHE,PHE,PHE,PHE,PHE,PHE,PHE,PHE,PHE,PHE,PHE,PHE,PHE,PHE,PHE,PHE,PHE,PHE,PHE,PHE,PHE,PHE,PHE
62,ASN,ASN,ASN,ASN,ASN,ASN,ASN,ASN,ASN,ASN,ASN,ASN,ASN,ASN,ASN,ASN,ASN,ASN,ASN,ASN,ASN,ASN,ASN,ASN,ASN,ASN,ASN,ASN,ASN
63,ALA,ALA,ALA,ALA,ALA,ALA,ALA,ALA,ALA,ALA,ALA,ALA,ALA,ALA,ALA,ALA,ALA,ALA,ALA,ALA,ALA,ALA,ALA,ALA,ALA,ALA,ALA,ALA,ALA
64,GLY,GLY,GLY,GLY,GLY,GLY,GLY,GLY,GLY,GLY,GLY,GLY,GLY,GLY,GLY,GLY,GLY,GLY,GLY,GLY,GLY,GLY,GLY,GLY,GLY,GLY,GLY,GLY,GLY
65,CYS,CYS,CYS,CYS,CYS,CYS,CYS,CYS,CYS,CYS,CYS,CYS,CYS,CYS,CYS,CYS,CYS,CYS,CYS,CYS,CYS,CYS,CYS,CYS,CYS,CYS,CYS,CYS,CYS
66,GLY,GLY,GLY,GLY,GLY,GLY,GLY,GLY,GLY,GLY,GLY,GLY,GLY,GLY,GLY,GLY,GLY,GLY,GLY,GLY,GLY,GLY,GLY,GLY,GLY,GLY,GLY,GLY,GLY
67,SER,SER,SER,SER,SER,SER,SER,SER,SER,SER,SER,SER,SER,SER,SER,SER,SER,SER,SER,SER,SER,SER,SER,SER,SER,SER,SER,SER,SER
68,VAL,VAL,VAL,VAL,VAL,VAL,VAL,VAL,VAL,VAL,VAL,VAL,VAL,VAL,VAL,VAL,VAL,VAL,VAL,VAL,VAL,VAL,VAL,VAL,VAL,VAL,VAL,VAL,VAL
69,LEU,LEU,LEU,LEU,LEU,LEU,LEU,LEU,LEU,LEU,LEU,LEU,LEU,LEU,LEU,LEU,LEU,LEU,LEU,LEU,LEU,LEU,LEU,LEU,LEU,LEU,LEU,LEU,LEU
70,ASN,ASN,ASN,ASN,ASN,ASN,ASN,ASN,ASN,ASN,ASN,ASN,ASN,ASN,ASN,ASN,ASN,ASN,ASN,ASN,ASN,ASN,ASN,ASN,ASN,ASN,ASN,ASN,ASN
71,THR,THR,THR,THR,THR,THR,THR,THR,THR,THR,THR,THR,THR,THR,THR,THR,THR,THR,THR,THR,THR,THR,THR,THR,THR,THR,THR,THR,THR
72,ASN,ASN,ASN,ASN,ASN,ASN,ASN,ASN,ASN,ASN,ASN,ASN,ASN,ASN,ASN,ASN,ASN,ASN,ASN,ASN,ASN,ASN,ASN,ASN,ASN,ASN,ASN,ASN,ASN
73,GLY,GLY,GLY,GLY,GLY,GLY,GLY,GLY,GLY,GLY,GLY,GLY,GLY,GLY,GLY,GLY,GLY,GLY,GLY,GLY,GLY,GLY,GLY,GLY,GLY,GLY,GLY,GLY,GLY
74,GLU,GLU,GLU,GLU,GLU,GLU,GLU,GLU,GLU,GLU,GLU,GLU,GLU,GLU,GLU,GLU,GLU,GLU,GLU,GLU,GLU,GLU,GLU,GLU,GLU,GLU,GLU,GLU,GLU
75,VAL,VAL,VAL,VAL,VAL,VAL,VAL,VAL,VAL,VAL,VAL,VAL,VAL,VAL,VAL,VAL,VAL,VAL,VAL,VAL,VAL,VAL,VAL,VAL,VAL,VAL,VAL,VAL,VAL
76,GLU,GLU,GLU,GLU,GLU,GLU,GLU,GLU,GLU,GLU,GLU,GLU,GLU,GLU,GLU,GLU,GLU,GLU,GLU,GLU,GLU,GLU,GLU,GLU,GLU,GLU,GLU,GLU,GLU
77,MET,MET,MET,MET,MET,MET,MET,MET,MET,MET,MET,MET,MET,MET,MET,MET,MET,MET,MET,MET,MET,MET,MET,MET,MET,MET,MET,MET,MET
78,ASP,ASP,ASP,ASP,ASP,ASP,ASP,ASP,ASP,ASP,ASP,ASP,ASP,ASP,ASP,ASP,ASP,ASP,ASP,ASP,ASP,ASP,ASP,ASP,ASP,ASP,ASP,ASP,ASP
79,ALA,ALA,ALA,ALA,ALA,ALA,ALA,ALA,ALA,ALA,ALA,ALA,ALA,ALA,ALA,ALA,ALA,ALA,ALA,ALA,ALA,ALA,ALA,ALA,ALA,ALA,ALA,ALA,ALA
80,SER,SER,SER,SER,SER,SER,SER,SER,SER,SER,SER,SER,SER,SER,SER,SER,SER,SER,SER,SER,SER,SER,SER,SER,SER,SER,SER,SER,SER
81,ILE,ILE,ILE,ILE,ILE,ILE,ILE,ILE,ILE,ILE,ILE,ILE,ILE,ILE,ILE,ILE,ILE,ILE,ILE,ILE,ILE,ILE,ILE,ILE,ILE,ILE,ILE,ILE,ILE
82,MET,MET,MET,MET,MET,MET,MET,MET,MET,MET,MET,MET,MET,MET,MET,MET,MET,MET,MET,MET,MET,MET,MET,MET,MET,MET,MET,MET,MET
83,ASP,ASP,ASP,ASP,ASP,ASP,ASP,ASP,ASP,ASP,ASP,ASP,ASP,ASP,ASP,ASP,ASP,ASP,ASP,ASP,ASP,ASP,ASP,ASP,ASP,ASP,ASP,ASP,ASP
84,GLY,GLY,GLY,GLY,GLY,GLY,GLY,GLY,GLY,GLY,GLY,GLY,GLY,GLY,GLY,GLY,GLY,GLY,GLY,GLY,GLY,GLY,GLY,GLY,GLY,GLY,GLY,GLY,GLY
85,LYS,LYS,LYS,LYS,LYS,LYS,LYS,LYS,LYS,LYS,LYS,LYS,LYS,LYS,LYS,LYS,LYS,LYS,LYS,LYS,LYS,LYS,LYS,LYS,LYS,LYS,LYS,LYS,LYS
86,ASP,ASP,ASP,ASP,ASP,ASP,ASP,ASP,ASP,ASP,ASP,ASP,ASP,ASP,ASP,ASP,ASP,ASP,ASP,ASP,ASP,ASP,ASP,ASP,ASP,ASP,ASP,ASP,ASP
87,LEU,LEU,LEU,LEU,LEU,LEU,LEU,LEU,LEU,LEU,LEU,LEU,LEU,LEU,LEU,LEU,LEU,LEU,LEU,LEU,LEU,LEU,LEU,LEU,LEU,LEU,LEU,LEU,LEU
88,SER,SER,SER,SER,SER,SER,SER,SER,SER,SER,SER,SER,SER,SER,SER,SER,SER,SER,SER,SER,SER,SER,SER,SER,SER,SER,SER,SER,SER
89,ALA,ALA,ALA,ALA,ALA,ALA,ALA,ALA,ALA,ALA,ALA,ALA,ALA,ALA,ALA,ALA,ALA,ALA,ALA,ALA,ALA,ALA,ALA,ALA,ALA,ALA,ALA,ALA,ALA
90,GLY,GLY,GLY,GLY,GLY,GLY,GLY,GLY,GLY,GLY,GLY,GLY,GLY,GLY,GLY,GLY,GLY,GLY,GLY,GLY,GLY,GLY,GLY,GLY,GLY,GLY,GLY,GLY,GLY
91,ALA,ALA,ALA,ALA,ALA,ALA,ALA,ALA,ALA,ALA,ALA,ALA,ALA,ALA,ALA,ALA,ALA,ALA,ALA,ALA,ALA,ALA,ALA,ALA,ALA,ALA,ALA,ALA,ALA
92,VAL,VAL,VAL,VAL,VAL,VAL,VAL,VAL,VAL,VAL,VAL,VAL,VAL,VAL,VAL,VAL,VAL,VAL,VAL,VAL,VAL,VAL,VAL,VAL,VAL,VAL,VAL,VAL,VAL
93,SER,SER,SER,SER,SER,SER,SER,SER,SER,SER,SER,SER,SER,SER,SER,SER,SER,SER,SER,SER,SER,SER,SER,SER,SER,SER,SER,SER,SER
94,ALA,ALA,ALA,ALA,ALA,ALA,ALA,ALA,ALA,ALA,ALA,ALA,ALA,ALA,ALA,ALA,ALA,ALA,ALA,ALA,ALA,ALA,ALA,ALA,ALA,ALA,ALA,ALA,ALA
95,VAL,VAL,VAL,VAL,VAL,VAL,VAL,VAL,VAL,VAL,VAL,VAL,VAL,VAL,VAL,VAL,VAL,VAL,VAL,VAL,VAL,VAL,VAL,VAL,VAL,VAL,VAL,VAL,VAL
96,GLN,GLN,GLN,GLN,GLN,GLN,GLN,GLN,GLN,GLN,GLN,GLN,GLN,GLN,GLN,GLN,GLN,GLN,GLN,GLN,GLN,GLN,GLN,GLN,GLN,GLN,GLN,GLN,GLN
97,CYS,CYS,CYS,CYS,CYS,CYS,CYS,CYS,CYS,CYS,CYS,CYS,CYS,CYS,CYS,CYS,CYS,CYS,CYS,CYS,CYS,CYS,CYS,CYS,CYS,CYS,CYS,CYS,CYS
98,ILE,ILE,ILE,ILE,ILE,ILE,ILE,ILE,ILE,ILE,ILE,ILE,ILE,ILE,ILE,ILE,ILE,ILE,ILE,ILE,ILE,ILE,ILE,ILE,ILE,ILE,ILE,ILE,ILE
99,ALA,ALA,ALA,ALA,ALA,ALA,ALA,ALA,ALA,ALA,ALA,ALA,ALA,ALA,ALA,ALA,ALA,ALA,ALA,ALA,ALA,ALA,ALA,ALA,ALA,ALA,ALA,ALA,ALA
100,ASN,ASN,ASN,ASN,ASN,ASN,ASN,ASN,ASN,ASN,ASN,ASN,ASN,ASN,ASN,ASN,ASN,ASN,ASN,ASN,ASN,ASN,ASN,ASN,ASN,ASN,ASN,ASN,ASN
101,PRO,PRO,PRO,PRO,PRO,PRO,PRO,PRO,PRO,PRO,PRO,PRO,PRO,PRO,PRO,PRO,PRO,PRO,PRO,PRO,PRO,PRO,PRO,PRO,PRO,PRO,PRO,PRO,PRO
102,ILE,ILE,ILE,ILE,ILE,ILE,ILE,ILE,ILE,ILE,ILE,ILE,ILE,ILE,ILE,ILE,ILE,ILE,ILE,ILE,ILE,ILE,ILE,ILE,ILE,ILE,ILE,ILE,ILE
103,LYS,LYS,LYS,LYS,LYS,LYS,LYS,LYS,LYS,LYS,LYS,LYS,LYS,LYS,LYS,LYS,LYS,LYS,LYS,LYS,LYS,LYS,LYS,LYS,LYS,LYS,LYS,LYS,LYS
104,LEU,LEU,LEU,LEU,LEU,LEU,LEU,LEU,LEU,LEU,LEU,LEU,LEU,LEU,LEU,LEU,LEU,LEU,LEU,LEU,LEU,LEU,LEU,LEU,LEU,LEU,LEU,LEU,LEU
105,ALA,ALA,ALA,ALA,ALA,ALA,ALA,ALA,ALA,ALA,ALA,ALA,ALA,ALA,ALA,ALA,ALA,ALA,ALA,ALA,ALA,ALA,ALA,ALA,ALA,ALA,ALA,ALA,ALA
106,ARG,ARG,ARG,ARG,ARG,ARG,ARG,ARG,ARG,ARG,ARG,ARG,ARG,ARG,ARG,ARG,ARG,ARG,ARG,ARG,ARG,ARG,ARG,ARG,ARG,ARG,ARG,ARG,ARG
107,LEU,LEU,LEU,LEU,LEU,LEU,LEU,LEU,LEU,LEU,LEU,LEU,LEU,LEU,LEU,LEU,LEU,LEU,LEU,LEU,LEU,LEU,LEU,LEU,LEU,LEU,LEU,LEU,LEU
108,VAL,VAL,VAL,VAL,VAL,VAL,VAL,VAL,VAL,VAL,VAL,VAL,VAL,VAL,VAL,VAL,VAL,VAL,VAL,VAL,VAL,VAL,VAL,VAL,VAL,VAL,VAL,VAL,VAL
109,MET,MET,MET,MET,MET,MET,MET,MET,MET,MET,MET,MET,MET,MET,MET,MET,MET,MET,MET,MET,MET,MET,MET,MET,MET,MET,MET,MET,MET
110,GLU,GLU,GLU,GLU,GLU,GLU,GLU,GLU,GLU,GLU,GLU,GLU,GLU,GLU,GLU,GLU,GLU,GLU,GLU,GLU,GLU,GLU,GLU,GLU,GLU,GLU,GLU,GLU,GLU
111,LYS,LYS,LYS,LYS,LYS,LYS,LYS,LYS,LYS,LYS,LYS,LYS,LYS,LYS,LYS,LYS,LYS,LYS,LYS,LYS,LYS,LYS,LYS,LYS,LYS,LYS,LYS,LYS,LYS
112,THR,THR,THR,THR,THR,THR,THR,THR,THR,THR,THR,THR,THR,THR,THR,THR,THR,THR,THR,THR,THR,THR,THR,THR,THR,THR,THR,THR,THR
113,PRO,PRO,PRO,PRO,PRO,PRO,PRO,PRO,PRO,PRO,PRO,PRO,PRO,PRO,PRO,PRO,PRO,PRO,PRO,PRO,PRO,PRO,PRO,PRO,PRO,PRO,PRO,PRO,PRO
114,HIS,HIS,HIS,HIS,HIS,HIS,HIS,HIS,HIS,HIS,HIS,HIS,HIS,HIS,HIS,HIS,HIS,HIS,HIS,HIS,HIS,HIS,HIS,HIS,HIS,HIS,HIS,HIS,HIS
115,CYS,CYS,CYS,CYS,CYS,CYS,CYS,CYS,CYS,CYS,CYS,CYS,CYS,CYS,CYS,CYS,CYS,CYS,CYS,CYS,CYS,CYS,CYS,CYS,CYS,CYS,CYS,CYS,CYS
116,PHE,PHE,PHE,PHE,PHE,PHE,PHE,PHE,PHE,PHE,PHE,PHE,PHE,PHE,PHE,PHE,PHE,PHE,PHE,PHE,PHE,PHE,PHE,PHE,PHE,PHE,PHE,PHE,PHE
117,LEU,LEU,LEU,LEU,LEU,LEU,LEU,LEU,LEU,LEU,LEU,LEU,LEU,LEU,LEU,LEU,LEU,LEU,LEU,LEU,LEU,LEU,LEU,LEU,LEU,LEU,LEU,LEU,LEU
118,THR,THR,THR,THR,THR,THR,THR,THR,THR,THR,THR,THR,THR,THR,THR,THR,THR,THR,THR,THR,THR,THR,THR,THR,THR,THR,THR,THR,THR
119,ASP,ASP,ASP,ASP,ASP,ASP,ASP,ASP,ASP,ASP,ASP,ASP,ASP,ASP,ASP,ASP,ASP,ASP,ASP,ASP,ASP,ASP,ASP,ASP,ASP,ASP,ASP,ASP,ASP
120,GLN,GLN,GLN,GLN,GLN,GLN,GLN,GLN,GLN,GLN,GLN,GLN,GLN,GLN,GLN,GLN,GLN,GLN,GLN,GLN,GLN,GLN,GLN,GLN,GLN,GLN,GLN,GLN,GLN
121,GLY,GLY,GLY,GLY,GLY,GLY,GLY,GLY,GLY,GLY,GLY,GLY,GLY,GLY,GLY,GLY,GLY,GLY,GLY,GLY,GLY,GLY,GLY,GLY,GLY,GLY,GLY,GLY,GLY
122,ALA,ALA,ALA,ALA,ALA,ALA,ALA,ALA,ALA,ALA,ALA,ALA,ALA,ALA,ALA,ALA,ALA,ALA,ALA,ALA,ALA,ALA,ALA,ALA,ALA,ALA,ALA,ALA,ALA
123,ALA,ALA,ALA,ALA,ALA,ALA,ALA,ALA,ALA,ALA,ALA,ALA,ALA,ALA,ALA,ALA,ALA,ALA,ALA,ALA,ALA,ALA,ALA,ALA,ALA,ALA,ALA,ALA,ALA
124,GLN,GLN,GLN,GLN,GLN,GLN,GLN,GLN,GLN,GLN,GLN,GLN,GLN,GLN,GLN,GLN,GLN,GLN,GLN,GLN,GLN,GLN,GLN,GLN,GLN,GLN,GLN,GLN,GLN
125,PHE,PHE,PHE,PHE,PHE,PHE,PHE,PHE,PHE,PHE,PHE,PHE,PHE,PHE,PHE,PHE,PHE,PHE,PHE,PHE,PHE,PHE,PHE,PHE,PHE,PHE,PHE,PHE,PHE
126,ALA,ALA,ALA,ALA,ALA,ALA,ALA,ALA,ALA,ALA,ALA,ALA,ALA,ALA,ALA,ALA,ALA,ALA,ALA,ALA,ALA,ALA,ALA,ALA,ALA,ALA,ALA,ALA,ALA
127,ALA,ALA,ALA,ALA,ALA,ALA,ALA,ALA,ALA,ALA,ALA,ALA,ALA,ALA,ALA,ALA,ALA,ALA,ALA,ALA,ALA,ALA,ALA,ALA,ALA,ALA,ALA,ALA,ALA
128,ALA,ALA,ALA,ALA,ALA,ALA,ALA,ALA,ALA,ALA,ALA,ALA,ALA,ALA,ALA,ALA,ALA,ALA,ALA,ALA,ALA,ALA,ALA,ALA,ALA,ALA,ALA,ALA,ALA
129,MET,MET,MET,MET,MET,MET,MET,MET,MET,MET,MET,MET,MET,MET,MET,MET,MET,MET,MET,MET,MET,MET,MET,MET,MET,MET,MET,MET,MET
130,GLY,GLY,GLY,GLY,GLY,GLY,GLY,GLY,GLY,GLY,GLY,GLY,GLY,GLY,GLY,GLY,GLY,GLY,GLY,GLY,GLY,GLY,GLY,GLY,GLY,GLY,GLY,GLY,GLY
131,VAL,VAL,VAL,VAL,VAL,VAL,VAL,VAL,VAL,VAL,VAL,VAL,VAL,VAL,VAL,VAL,VAL,VAL,VAL,VAL,VAL,VAL,VAL,VAL,VAL,VAL,VAL,VAL,VAL
132,PRO,PRO,PRO,PRO,PRO,PRO,PRO,PRO,PRO,PRO,PRO,PRO,PRO,PRO,PRO,PRO,PRO,PRO,PRO,PRO,PRO,PRO,PRO,PRO,PRO,PRO,PRO,PRO,PRO
133,GLU,GLU,GLU,GLU,GLU,GLU,GLU,GLU,GLU,GLU,GLU,GLU,GLU,GLU,GLU,GLU,GLU,GLU,GLU,GLU,GLU,GLU,GLU,GLU,GLU,GLU,GLU,GLU,GLU
134,ILE,ILE,ILE,ILE,ILE,ILE,ILE,ILE,ILE,ILE,ILE,ILE,ILE,ILE,ILE,ILE,ILE,ILE,ILE,ILE,ILE,ILE,ILE,ILE,ILE,ILE,ILE,ILE,ILE
135,PRO,PRO,PRO,PRO,PRO,PRO,PRO,PRO,PRO,PRO,PRO,PRO,PRO,PRO,PRO,PRO,PRO,PRO,PRO,PRO,PRO,PRO,PRO,PRO,PRO,PRO,PRO,PRO,PRO
136,GLY,GLY,GLY,GLY,GLY,GLY,GLY,GLY,GLY,GLY,GLY,GLY,GLY,GLY,GLY,GLY,GLY,GLY,GLY,GLY,GLY,GLY,GLY,GLY,GLY,GLY,GLY,GLY,GLY
137,GLU,GLU,GLU,GLU,GLU,GLU,GLU,GLU,GLU,GLU,GLU,GLU,GLU,GLU,GLU,GLU,GLU,GLU,GLU,GLU,GLU,GLU,GLU,GLU,GLU,GLU,GLU,GLU,GLU
138,LYS,LYS,LYS,LYS,LYS,LYS,LYS,LYS,LYS,LYS,LYS,LYS,LYS,LYS,LYS,LYS,LYS,LYS,LYS,LYS,LYS,LYS,LYS,LYS,LYS,LYS,LYS,LYS,LYS
139,LEU,LEU,LEU,LEU,LEU,LEU,LEU,LEU,LEU,LEU,LEU,LEU,LEU,LEU,LEU,LEU,LEU,LEU,LEU,LEU,LEU,LEU,LEU,LEU,LEU,LEU,LEU,LEU,LEU
140,VAL,VAL,VAL,VAL,VAL,VAL,VAL,VAL,VAL,VAL,VAL,VAL,VAL,VAL,VAL,VAL,VAL,VAL,VAL,VAL,VAL,VAL,VAL,VAL,VAL,VAL,VAL,VAL,VAL
141,THR,THR,THR,THR,THR,THR,THR,THR,THR,THR,THR,THR,THR,THR,THR,THR,THR,THR,THR,THR,THR,THR,THR,THR,THR,THR,THR,THR,THR
142,GLU,GLU,GLU,GLU,GLU,GLU,GLU,GLU,GLU,GLU,GLU,GLU,GLU,GLU,GLU,GLU,GLU,GLU,GLU,GLU,GLU,GLU,GLU,GLU,GLU,GLU,GLU,GLU,GLU
143,ARG,ARG,ARG,ARG,ARG,ARG,ARG,ARG,ARG,ARG,ARG,ARG,ARG,ARG,ARG,ARG,ARG,ARG,ARG,ARG,ARG,ARG,ARG,ARG,ARG,ARG,ARG,ARG,ARG
144,ASN,ASN,ASN,ASN,ASN,ASN,ASN,ASN,ASN,ASN,ASN,ASN,ASN,ASN,ASN,ASN,ASN,ASN,ASN,ASN,ASN,ASN,ASN,ASN,ASN,ASN,ASN,ASN,ASN
145,LYS,LYS,LYS,LYS,LYS,LYS,LYS,LYS,LYS,LYS,LYS,LYS,LYS,LYS,LYS,LYS,LYS,LYS,LYS,LYS,LYS,LYS,LYS,LYS,LYS,LYS,LYS,LYS,LYS
146,LYS,LYS,LYS,LYS,LYS,LYS,LYS,LYS,LYS,LYS,LYS,LYS,LYS,LYS,LYS,LYS,LYS,LYS,LYS,LYS,LYS,LYS,LYS,LYS,LYS,LYS,LYS,LYS,LYS
147,ARG,ARG,ARG,ARG,ARG,ARG,ARG,ARG,ARG,ARG,ARG,ARG,ARG,ARG,ARG,ARG,ARG,ARG,ARG,ARG,ARG,ARG,ARG,ARG,ARG,ARG,ARG,ARG,ARG
148,LEU,LEU,LEU,LEU,LEU,LEU,LEU,LEU,LEU,LEU,LEU,LEU,LEU,LEU,LEU,LEU,LEU,LEU,LEU,LEU,LEU,LEU,LEU,LEU,LEU,LEU,LEU,LEU,LEU
149,GLU,GLU,GLU,GLU,GLU,GLU,GLU,GLU,GLU,GLU,GLU,GLU,GLU,GLU,GLU,GLU,GLU,GLU,GLU,GLU,GLU,GLU,GLU,GLU,GLU,GLU,GLU,GLU,GLU
150,LYS,LYS,LYS,LYS,LYS,LYS,LYS,LYS,LYS,LYS,LYS,LYS,LYS,LYS,LYS,LYS,LYS,LYS,LYS,LYS,LYS,LYS,LYS,LYS,LYS,LYS,LYS,LYS,LYS
151,GLU,GLU,GLU,GLU,GLU,GLU,GLU,GLU,GLU,GLU,GLU,GLU,GLU,GLU,GLU,GLU,GLU,GLU,GLU,-,GLU,GLU,GLU,GLU,GLU,GLU,GLU,GLU,GLU
152,LYS,LYS,LYS,LYS,LYS,LYS,LYS,LYS,LYS,LYS,LYS,LYS,LYS,LYS,LYS,LYS,LYS,LYS,LYS,-,LYS,LYS,LYS,LYS,LYS,LYS,LYS,LYS,LYS
153,HIS,HIS,-,-,HIS,HIS,HIS,-,-,HIS,HIS,HIS,HIS,HIS,HIS,HIS,HIS,HIS,HIS,-,-,HIS,HIS,HIS,HIS,HIS,HIS,HIS,HIS
154,GLU,-,-,-,GLU,-,-,-,-,-,-,-,-,-,-,-,-,-,-,-,-,-,-,-,-,GLU,GLU,GLU,GLU
155,LYS,-,-,-,-,-,-,-,-,-,-,-,-,-,-,-,-,-,-,-,-,-,-,-,-,-,-,-,-
156,GLY,-,-,-,-,-,-,-,-,-,-,-,-,-,-,-,-,-,-,-,-,-,-,-,-,-,-,-,-
157,ALA,-,-,-,-,-,-,-,-,-,-,-,-,-,-,-,-,-,-,-,-,-,-,-,-,-,-,-,-
158,GLN,-,-,-,-,-,-,-,-,-,-,-,-,-,-,-,-,-,-,-,-,-,-,-,-,-,-,-,-
159,LYS,-,-,-,-,-,-,-,-,-,-,-,-,-,-,-,-,-,-,-,-,-,-,-,-,-,-,-,-
160,THR,-,-,-,-,-,-,-,-,-,-,-,-,-,-,-,-,-,-,-,-,-,-,-,-,-,-,-,-
161,ASP,-,-,-,-,-,-,-,-,-,-,-,-,-,-,-,-,-,-,-,-,-,-,-,-,-,-,-,-
162,CYS,-,-,-,-,-,-,-,-,-,-,-,-,-,-,-,-,-,-,-,-,-,-,-,-,-,-,-,-
163,GLN,-,-,GLN,-,-,-,-,-,-,-,-,-,GLN,GLN,-,-,-,-,-,-,-,-,-,-,-,-,-,-
164,LYS,-,-,LYS,-,-,-,-,-,-,-,-,-,LYS,LYS,-,-,-,-,-,-,-,-,-,-,-,-,-,-
165,ASN,-,-,ASN,-,-,-,-,-,-,-,-,-,ASN,ASN,-,-,-,-,-,-,ASN,-,-,-,-,-,-,-
166,LEU,-,LEU,LEU,LEU,LEU,LEU,LEU,-,-,-,-,-,LEU,LEU,-,-,LEU,-,LEU,LEU,LEU,-,-,-,-,-,-,-
167,GLY,GLY,GLY,GLY,GLY,GLY,GLY,GLY,GLY,-,GLY,-,-,GLY,GLY,-,-,GLY,-,GLY,GLY,GLY,-,-,-,-,-,-,-
168,THR,THR,THR,SER,SER,THR,THR,THR,THR,THR,THR,THR,THR,THR,THR,THR,THR,THR,THR,THR,THR,THR,THR,THR,THR,THR,THR,THR,THR
169,VAL,VAL,VAL,VAL,VAL,VAL,VAL,VAL,VAL,VAL,VAL,VAL,VAL,VAL,VAL,VAL,VAL,VAL,VAL,VAL,VAL,VAL,VAL,VAL,VAL,VAL,VAL,VAL,VAL
170,GLY,GLY,GLY,GLY,GLY,GLY,GLY,GLY,GLY,GLY,GLY,GLY,GLY,GLY,GLY,GLY,GLY,GLY,GLY,GLY,GLY,GLY,GLY,GLY,GLY,GLY,GLY,GLY,GLY
171,ALA,ALA,ALA,ALA,ALA,ALA,ALA,ALA,ALA,ALA,ALA,ALA,ALA,ALA,ALA,ALA,ALA,ALA,ALA,ALA,ALA,ALA,ALA,ALA,ALA,ALA,ALA,ALA,ALA
172,VAL,VAL,VAL,VAL,VAL,VAL,VAL,VAL,VAL,VAL,VAL,VAL,VAL,VAL,VAL,VAL,VAL,VAL,VAL,VAL,VAL,VAL,VAL,VAL,VAL,VAL,VAL,VAL,VAL
173,ALA,ALA,ALA,ALA,ALA,ALA,ALA,ALA,ALA,ALA,ALA,ALA,ALA,ALA,ALA,ALA,ALA,ALA,ALA,ALA,ALA,ALA,ALA,ALA,ALA,ALA,ALA,ALA,ALA
174,LEU,LEU,LEU,LEU,LEU,LEU,LEU,LEU,LEU,LEU,LEU,LEU,LEU,LEU,LEU,LEU,LEU,LEU,LEU,LEU,LEU,LEU,LEU,LEU,LEU,LEU,LEU,LEU,LEU
175,ASP,ASP,ASP,ASP,ASP,ASP,ASP,ASP,ASP,ASP,ASP,ASP,ASP,ASP,ASP,ASP,ASP,ASP,ASP,ASP,ASP,ASP,ASP,ASP,ASP,ASP,ASP,ASP,ASP
176,CYS,CYS,CYS,CYS,CYS,CYS,CYS,CYS,CYS,CYS,CYS,CYS,CYS,CYS,CYS,CYS,CYS,CYS,CYS,CYS,CYS,CYS,CYS,CYS,CYS,CYS,CYS,CYS,CYS
177,LYS,LYS,LYS,LYS,LYS,LYS,LYS,LYS,LYS,LYS,LYS,LYS,LYS,LYS,LYS,LYS,LYS,LYS,LYS,LYS,LYS,LYS,LYS,LYS,LYS,LYS,LYS,LYS,LYS
178,GLY,GLY,GLY,GLY,GLY,GLY,GLY,GLY,GLY,GLY,GLY,GLY,GLY,GLY,GLY,GLY,GLY,GLY,GLY,GLY,GLY,GLY,GLY,GLY,GLY,GLY,GLY,GLY,GLY
179,ASN,ASN,ASN,ASN,ASN,ASN,ASN,ASN,ASN,ASN,ASN,ASN,ASN,ASN,ASN,ASN,ASN,ASN,ASN,ASN,ASN,ASN,ASN,ASN,ASN,ASN,ASN,ASN,ASN
180,VAL,VAL,VAL,VAL,VAL,VAL,VAL,VAL,VAL,VAL,VAL,VAL,VAL,VAL,VAL,VAL,VAL,VAL,VAL,VAL,VAL,VAL,VAL,VAL,VAL,VAL,VAL,VAL,VAL
181,ALA,ALA,ALA,ALA,ALA,ALA,ALA,ALA,ALA,ALA,ALA,ALA,ALA,ALA,ALA,ALA,ALA,ALA,ALA,ALA,ALA,ALA,ALA,ALA,ALA,ALA,ALA,ALA,ALA
182,TYR,TYR,TYR,TYR,TYR,TYR,TYR,TYR,TYR,TYR,TYR,TYR,TYR,TYR,TYR,TYR,TYR,TYR,TYR,TYR,TYR,TYR,TYR,TYR,TYR,TYR,TYR,TYR,TYR
183,ALA,ALA,ALA,ALA,ALA,ALA,ALA,ALA,ALA,ALA,ALA,ALA,ALA,ALA,ALA,ALA,ALA,ALA,ALA,ALA,ALA,ALA,ALA,ALA,ALA,ALA,ALA,ALA,ALA
184,THR,THR,THR,THR,THR,THR,THR,THR,THR,THR,THR,THR,THR,THR,THR,THR,THR,THR,THR,THR,THR,THR,THR,THR,THR,THR,THR,THR,THR
185,SER,SER,SER,SER,SER,SER,SER,SER,SER,SER,SER,SER,SER,SER,SER,SER,SER,SER,SER,SER,SER,SER,SER,SER,SER,SER,SER,SER,SER
186,THR,THR,THR,THR,THR,VAL,VAL,THR,THR,THR,THR,THR,THR,THR,THR,THR,THR,THR,THR,THR,THR,THR,THR,THR,THR,THR,THR,THR,THR
187,GLY,GLY,GLY,GLY,GLY,GLY,GLY,GLY,GLY,GLY,GLY,GLY,GLY,GLY,GLY,GLY,GLY,GLY,GLY,GLY,GLY,GLY,GLY,GLY,GLY,GLY,GLY,GLY,GLY
188,GLY,GLY,GLY,GLY,GLY,GLY,GLY,GLY,GLY,GLY,GLY,GLY,GLY,GLY,GLY,GLY,GLY,GLY,GLY,GLY,GLY,GLY,GLY,GLY,GLY,GLY,GLY,GLY,GLY
189,ILE,ILE,ILE,ILE,ILE,ILE,ILE,ILE,ILE,ILE,ILE,ILE,ILE,ILE,ILE,ILE,ILE,ILE,ILE,ILE,ILE,ILE,ILE,ILE,ILE,ILE,ILE,ILE,ILE
190,VAL,VAL,VAL,VAL,VAL,VAL,VAL,VAL,VAL,VAL,VAL,VAL,VAL,VAL,VAL,VAL,VAL,VAL,VAL,VAL,VAL,VAL,VAL,VAL,VAL,VAL,VAL,VAL,VAL
191,ASN,ASN,ASN,ASN,ASN,ASN,ASN,ASN,ASN,ASN,ASN,ASN,ASN,ASN,ASN,ASN,ASN,ASN,ASN,ASN,ASN,ASN,ASN,ASN,ASN,ASN,ASN,ASN,ASN
192,LYS,LYS,LYS,LYS,LYS,LYS,LYS,LYS,LYS,LYS,LYS,LYS,LYS,LYS,LYS,LYS,LYS,LYS,LYS,LYS,LYS,LYS,LYS,LYS,LYS,LYS,LYS,LYS,LYS
193,MET,MET,MET,MET,MET,MET,MET,MET,MET,MET,MET,MET,MET,MET,MET,MET,MET,MET,MET,MET,MET,MET,MET,MET,MET,MET,MET,MET,MET
194,VAL,VAL,VAL,VAL,VAL,VAL,VAL,VAL,VAL,VAL,VAL,VAL,VAL,VAL,VAL,VAL,VAL,VAL,VAL,VAL,VAL,VAL,VAL,VAL,VAL,VAL,VAL,VAL,VAL
195,GLY,GLY,GLY,GLY,GLY,GLY,GLY,GLY,GLY,GLY,GLY,GLY,GLY,GLY,GLY,GLY,GLY,GLY,GLY,GLY,GLY,GLY,GLY,GLY,GLY,GLY,GLY,GLY,GLY
196,ARG,ARG,ARG,ARG,ARG,ARG,ARG,ARG,ARG,ARG,ARG,ARG,ARG,ARG,ARG,ARG,ARG,ARG,ARG,ARG,ARG,ARG,ARG,ARG,ARG,ARG,ARG,ARG,ARG
197,VAL,VAL,VAL,VAL,VAL,VAL,VAL,VAL,VAL,VAL,VAL,VAL,VAL,VAL,VAL,VAL,VAL,VAL,VAL,VAL,VAL,VAL,VAL,VAL,VAL,VAL,VAL,VAL,VAL
198,GLY,GLY,GLY,GLY,GLY,GLY,GLY,GLY,GLY,GLY,GLY,GLY,GLY,GLY,GLY,GLY,GLY,GLY,GLY,GLY,GLY,GLY,GLY,GLY,GLY,GLY,GLY,GLY,GLY
199,ASP,ASP,ASP,ASP,ASP,ASP,ASP,ASP,ASP,ASP,ASP,ASP,ASP,ASP,ASP,ASP,ASP,ASP,ASP,ASP,ASP,ASP,ASP,ASP,ASP,ASP,ASP,ASP,ASP
200,SER,SER,SER,SER,SER,SER,SER,SER,SER,SER,SER,SER,SER,SER,SER,SER,SER,SER,SER,SER,SER,SER,SER,SER,SER,SER,SER,SER,SER
201,PRO,PRO,PRO,PRO,PRO,PRO,PRO,PRO,PRO,PRO,PRO,PRO,PRO,PRO,PRO,PRO,PRO,PRO,PRO,PRO,PRO,PRO,PRO,PRO,PRO,PRO,PRO,PRO,PRO
202,CYS,CYS,CYS,CYS,CYS,CYS,CYS,CYS,CYS,CYS,CYS,CYS,CYS,CYS,CYS,CYS,CYS,CYS,CYS,CYS,CYS,CYS,CYS,CYS,CYS,CYS,CYS,CYS,CYS
203,LEU,LEU,LEU,LEU,LEU,LEU,LEU,LEU,LEU,LEU,LEU,LEU,LEU,LEU,LEU,LEU,LEU,LEU,LEU,LEU,LEU,LEU,LEU,LEU,LEU,LEU,LEU,LEU,LEU
204,GLY,GLY,GLY,GLY,GLY,GLY,GLY,GLY,GLY,GLY,GLY,GLY,GLY,GLY,GLY,GLY,GLY,GLY,GLY,GLY,GLY,GLY,GLY,GLY,GLY,GLY,GLY,GLY,GLY
205,ALA,ALA,ALA,ALA,ALA,ALA,ALA,ALA,ALA,ALA,ALA,ALA,ALA,ALA,ALA,ALA,ALA,ALA,ALA,ALA,ALA,ALA,ALA,ALA,ALA,ALA,ALA,ALA,ALA
206,GLY,GLY,GLY,GLY,GLY,GLY,GLY,GLY,GLY,GLY,GLY,GLY,GLY,GLY,GLY,GLY,GLY,GLY,GLY,GLY,GLY,GLY,GLY,GLY,GLY,GLY,GLY,GLY,GLY
207,GLY,GLY,GLY,GLY,GLY,GLY,GLY,GLY,GLY,GLY,GLY,GLY,GLY,GLY,GLY,GLY,GLY,GLY,GLY,GLY,GLY,GLY,GLY,GLY,GLY,GLY,GLY,GLY,GLY
208,TYR,TYR,TYR,TYR,TYR,TYR,TYR,TYR,TYR,TYR,TYR,TYR,TYR,TYR,TYR,TYR,TYR,TYR,TYR,TYR,TYR,TYR,TYR,TYR,TYR,TYR,TYR,TYR,TYR
209,ALA,ALA,ALA,ALA,ALA,ALA,ALA,ALA,ALA,ALA,ALA,ALA,ALA,ALA,ALA,ALA,ALA,ALA,ALA,ALA,ALA,ALA,ALA,ALA,ALA,ALA,ALA,ALA,ALA
210,ASP,ASP,ASP,ASP,ASP,ASP,ASP,ASP,ASP,ASP,ASP,ASP,ASP,ASP,ASP,ASP,ASP,ASP,ASP,ASP,ASP,ASP,ASP,ASP,ASP,ASP,ASP,ASP,ASP
211,ASN,ASN,ASN,ASN,ASN,ASN,ASN,ASN,ASN,ASN,ASN,ASN,ASN,ASN,ASN,ASN,ASN,ASN,ASN,ASN,ASN,ASN,ASN,ASN,ASN,ASN,ASN,ASN,ASN
212,ASP,ASP,ASP,ASP,ASP,ASP,ASP,ASP,ASP,ASP,ASP,ASP,ASP,ASP,ASP,ASP,ASP,ASP,ASP,ASP,ASP,ASP,ASP,ASP,ASP,ASP,ASP,ASP,ASP
213,ILE,ILE,ILE,ILE,ILE,ILE,ILE,ILE,ILE,ILE,ILE,ILE,ILE,ILE,ILE,ILE,ILE,ILE,ILE,ILE,ILE,ILE,ILE,ILE,ILE,ILE,ILE,ILE,ILE
214,GLY,GLY,GLY,GLY,GLY,GLY,GLY,GLY,GLY,GLY,GLY,GLY,GLY,GLY,GLY,GLY,GLY,GLY,GLY,GLY,GLY,GLY,GLY,GLY,GLY,GLY,GLY,GLY,GLY
215,ALA,ALA,ALA,ALA,ALA,ALA,ALA,ALA,ALA,ALA,ALA,ALA,ALA,ALA,ALA,ALA,ALA,ALA,ALA,ALA,ALA,ALA,ALA,ALA,ALA,ALA,ALA,ALA,ALA
216,VAL,VAL,VAL,VAL,VAL,VAL,VAL,VAL,VAL,VAL,VAL,VAL,VAL,VAL,VAL,VAL,VAL,VAL,VAL,VAL,VAL,VAL,VAL,VAL,VAL,VAL,VAL,VAL,VAL
217,SER,SER,SER,SER,SER,SER,SER,SER,SER,SER,SER,SER,SER,SER,SER,SER,SER,SER,SER,SER,SER,SER,SER,SER,SER,SER,SER,SER,SER
218,THR,THR,THR,THR,THR,THR,THR,THR,THR,THR,THR,THR,THR,THR,THR,THR,THR,THR,THR,THR,THR,THR,THR,THR,THR,THR,THR,THR,THR
219,THR,THR,THR,THR,THR,THR,THR,ALA,ALA,VAL,VAL,THR,THR,THR,THR,THR,THR,THR,THR,THR,THR,THR,THR,THR,THR,THR,THR,THR,THR
220,GLY,GLY,GLY,GLY,GLY,GLY,GLY,GLY,GLY,GLY,GLY,GLY,GLY,GLY,GLY,GLY,GLY,GLY,GLY,GLY,GLY,GLY,GLY,GLY,GLY,GLY,GLY,GLY,GLY
221,HIS,HIS,HIS,HIS,HIS,HIS,HIS,HIS,HIS,HIS,HIS,HIS,HIS,HIS,HIS,HIS,HIS,HIS,HIS,HIS,HIS,HIS,HIS,HIS,HIS,HIS,HIS,HIS,HIS
222,GLY,GLY,GLY,GLY,GLY,GLY,GLY,GLY,GLY,GLY,GLY,GLY,GLY,GLY,GLY,GLY,GLY,GLY,GLY,GLY,GLY,GLY,GLY,GLY,GLY,GLY,GLY,GLY,GLY
223,GLU,GLU,GLU,GLU,GLU,GLU,GLU,GLU,GLU,GLU,GLU,GLU,GLU,GLU,GLU,GLU,GLU,GLU,GLU,GLU,GLU,GLU,GLU,GLU,GLU,GLU,GLU,GLU,GLU
224,SER,SER,SER,SER,SER,SER,SER,SER,SER,SER,SER,SER,SER,SER,SER,SER,SER,SER,SER,SER,SER,SER,SER,SER,SER,SER,SER,SER,SER
225,ILE,ILE,ILE,ILE,ILE,ILE,ILE,ILE,ILE,ILE,ILE,ILE,ILE,ILE,ILE,ILE,ILE,ILE,ILE,ILE,ILE,ILE,ILE,ILE,ILE,ILE,ILE,ILE,ILE
226,LEU,LEU,LEU,LEU,LEU,LEU,LEU,LEU,LEU,LEU,LEU,LEU,LEU,LEU,LEU,LEU,LEU,LEU,LEU,LEU,LEU,LEU,LEU,LEU,LEU,LEU,LEU,LEU,LEU
227,LYS,LYS,LYS,LYS,LYS,LYS,LYS,LYS,LYS,LYS,LYS,LYS,LYS,LYS,LYS,LYS,LYS,LYS,LYS,LYS,LYS,LYS,LYS,LYS,LYS,LYS,LYS,LYS,LYS
228,VAL,VAL,VAL,VAL,VAL,VAL,VAL,VAL,VAL,VAL,VAL,VAL,VAL,VAL,VAL,VAL,VAL,VAL,VAL,VAL,VAL,VAL,VAL,VAL,VAL,VAL,VAL,VAL,VAL
229,ASN,ASN,ASN,ASN,ASN,ASN,ASN,ASN,ASN,ASN,ASN,ASN,ASN,ASN,ASN,ASN,ASN,ASN,ASN,ASN,ASN,ASN,ASN,ASN,ASN,ASN,ASN,ASN,ASN
230,LEU,LEU,LEU,LEU,LEU,LEU,LEU,LEU,LEU,LEU,LEU,LEU,LEU,LEU,LEU,LEU,LEU,LEU,LEU,LEU,LEU,LEU,LEU,LEU,LEU,LEU,LEU,LEU,LEU
231,ALA,ALA,ALA,ALA,ALA,ALA,ALA,ALA,ALA,ALA,ALA,ALA,ALA,ALA,ALA,ALA,ALA,ALA,ALA,ALA,ALA,ALA,ALA,ALA,ALA,ALA,ALA,ALA,ALA
232,ARG,ARG,ARG,ARG,ARG,ARG,ARG,ARG,ARG,ARG,ARG,ARG,ARG,ARG,ARG,ARG,ARG,ARG,ARG,ARG,ARG,ARG,ARG,ARG,ARG,ARG,ARG,ARG,ARG
233,LEU,LEU,LEU,LEU,LEU,LEU,LEU,LEU,LEU,LEU,LEU,LEU,LEU,LEU,LEU,LEU,LEU,LEU,LEU,LEU,LEU,LEU,LEU,LEU,LEU,LEU,LEU,LEU,LEU
234,THR,THR,THR,THR,THR,THR,THR,THR,THR,THR,THR,THR,THR,THR,THR,THR,THR,THR,THR,THR,THR,THR,THR,THR,THR,THR,THR,THR,THR
235,LEU,LEU,LEU,LEU,LEU,LEU,LEU,LEU,LEU,LEU,LEU,LEU,LEU,LEU,LEU,LEU,LEU,LEU,LEU,LEU,LEU,LEU,LEU,LEU,LEU,LEU,LEU,LEU,LEU
236,PHE,PHE,PHE,PHE,PHE,PHE,PHE,PHE,PHE,PHE,PHE,PHE,PHE,PHE,PHE,PHE,PHE,PHE,PHE,PHE,PHE,PHE,PHE,PHE,PHE,PHE,PHE,PHE,PHE
237,HIS,HIS,HIS,HIS,HIS,HIS,HIS,HIS,HIS,HIS,HIS,HIS,HIS,HIS,HIS,HIS,HIS,HIS,HIS,HIS,HIS,HIS,HIS,HIS,HIS,HIS,HIS,HIS,HIS
238,ILE,ILE,ILE,ILE,ILE,ILE,ILE,ILE,ILE,ILE,ILE,ILE,ILE,ILE,ILE,ILE,ILE,ILE,ILE,ILE,ILE,ILE,ILE,ILE,ILE,ILE,ILE,ILE,ILE
239,GLU,GLU,GLU,GLU,GLU,GLU,GLU,GLU,GLU,GLU,GLU,GLU,GLU,GLU,GLU,GLU,GLU,GLU,GLU,GLU,GLU,GLU,GLU,GLU,GLU,GLU,GLU,GLU,GLU
240,GLN,GLN,GLN,GLN,GLN,GLN,GLN,GLN,GLN,GLN,GLN,GLN,GLN,GLN,GLN,GLN,GLN,GLN,GLN,GLN,GLN,GLN,GLN,GLN,GLN,GLN,GLN,GLN,GLN
241,GLY,GLY,GLY,GLY,GLY,GLY,GLY,GLY,GLY,GLY,GLY,GLY,GLY,GLY,GLY,GLY,GLY,GLY,GLY,GLY,GLY,GLY,GLY,GLY,GLY,GLY,GLY,GLY,GLY
242,LYS,LYS,LYS,LYS,LYS,LYS,LYS,LYS,LYS,LYS,LYS,LYS,LYS,LYS,LYS,LYS,LYS,LYS,LYS,LYS,LYS,LYS,LYS,LYS,LYS,LYS,LYS,LYS,LYS
243,THR,THR,THR,THR,THR,THR,THR,THR,THR,THR,THR,THR,THR,THR,THR,THR,THR,THR,THR,THR,THR,THR,THR,THR,THR,THR,THR,THR,THR
244,VAL,VAL,VAL,VAL,VAL,VAL,VAL,VAL,VAL,VAL,VAL,VAL,VAL,VAL,VAL,VAL,VAL,VAL,VAL,VAL,VAL,VAL,VAL,VAL,VAL,VAL,VAL,VAL,VAL
245,GLU,GLU,GLU,GLU,GLU,GLU,GLU,GLU,GLU,GLU,GLU,GLU,GLU,GLU,GLU,GLU,GLU,GLU,GLU,GLU,GLU,GLU,GLU,GLU,GLU,GLU,GLU,GLU,GLU
246,GLU,GLU,GLU,GLU,GLU,GLU,GLU,GLU,GLU,GLU,GLU,GLU,GLU,GLU,GLU,GLU,GLU,GLU,GLU,GLU,GLU,GLU,GLU,GLU,GLU,GLU,GLU,GLU,GLU
247,ALA,ALA,ALA,ALA,ALA,ALA,ALA,ALA,ALA,ALA,ALA,ALA,ALA,ALA,ALA,ALA,ALA,ALA,ALA,ALA,ALA,ALA,ALA,ALA,ALA,ALA,ALA,ALA,ALA
248,ALA,ALA,ALA,ALA,ALA,ALA,ALA,ALA,ALA,ALA,ALA,ALA,ALA,ALA,ALA,ALA,ALA,ALA,ALA,ALA,ALA,ALA,ALA,ALA,ALA,ALA,ALA,ALA,ALA
249,ASP,ASP,ASP,ASP,ASP,ASP,ASP,ASP,ASP,ASP,ASP,ASP,ASP,ASP,ASP,ASP,ASP,ASP,ASP,ASP,ASP,ASP,ASP,ASP,ASP,ASP,ASP,ASP,ASP
250,LEU,LEU,LEU,LEU,LEU,LEU,LEU,LEU,LEU,LEU,LEU,LEU,LEU,LEU,LEU,LEU,LEU,LEU,LEU,LEU,LEU,LEU,LEU,LEU,LEU,LEU,LEU,LEU,LEU
251,SER,SER,SER,SER,SER,SER,SER,SER,SER,SER,SER,SER,SER,SER,SER,SER,SER,SER,SER,SER,SER,SER,SER,SER,SER,SER,SER,SER,SER
252,LEU,LEU,LEU,LEU,LEU,LEU,LEU,LEU,LEU,LEU,LEU,LEU,LEU,LEU,LEU,LEU,LEU,LEU,LEU,LEU,LEU,LEU,LEU,LEU,LEU,LEU,LEU,LEU,LEU
253,GLY,GLY,GLY,GLY,GLY,GLY,GLY,GLY,GLY,GLY,GLY,GLY,GLY,GLY,GLY,GLY,GLY,GLY,GLY,GLY,GLY,GLY,GLY,GLY,GLY,GLY,GLY,GLY,GLY
254,TYR,TYR,TYR,TYR,TYR,TYR,TYR,TYR,TYR,TYR,TYR,TYR,TYR,TYR,TYR,TYR,TYR,TYR,TYR,TYR,TYR,TYR,TYR,TYR,TYR,TYR,TYR,TYR,TYR
255,MET,MET,MET,MET,MET,MET,MET,MET,MET,MET,MET,MET,MET,MET,MET,MET,MET,MET,MET,MET,MET,MET,MET,MET,MET,MET,MET,MET,MET
256,LYS,LYS,LYS,LYS,LYS,LYS,LYS,LYS,LYS,LYS,LYS,LYS,LYS,LYS,LYS,LYS,LYS,LYS,LYS,LYS,LYS,LYS,LYS,LYS,LYS,LYS,LYS,LYS,LYS
257,SER,SER,SER,SER,SER,SER,SER,SER,SER,SER,SER,SER,SER,SER,SER,SER,SER,SER,SER,SER,SER,SER,SER,SER,SER,SER,SER,SER,SER
258,ARG,ARG,ARG,ARG,ARG,ARG,ARG,ARG,ARG,ARG,ARG,ARG,ARG,ARG,ARG,ARG,ARG,ARG,ARG,ARG,ARG,ARG,ARG,ARG,ARG,ARG,ARG,ARG,ARG
259,VAL,VAL,VAL,VAL,VAL,VAL,VAL,VAL,VAL,VAL,VAL,VAL,VAL,VAL,VAL,VAL,VAL,VAL,VAL,VAL,VAL,VAL,VAL,VAL,VAL,VAL,VAL,VAL,VAL
260,LYS,LYS,LYS,LYS,LYS,LYS,LYS,LYS,LYS,LYS,LYS,LYS,LYS,LYS,LYS,LYS,LYS,LYS,LYS,LYS,LYS,LYS,LYS,LYS,LYS,LYS,LYS,LYS,LYS
261,GLY,GLY,GLY,GLY,GLY,GLY,GLY,GLY,GLY,GLY,GLY,GLY,GLY,GLY,GLY,GLY,GLY,GLY,GLY,GLY,GLY,GLY,GLY,GLY,GLY,GLY,GLY,GLY,GLY
262,LEU,LEU,LEU,LEU,LEU,LEU,LEU,LEU,LEU,LEU,LEU,LEU,LEU,LEU,LEU,LEU,LEU,LEU,LEU,LEU,LEU,LEU,LEU,LEU,LEU,LEU,LEU,LEU,LEU
263,GLY,GLY,GLY,GLY,GLY,GLY,GLY,GLY,GLY,GLY,GLY,GLY,GLY,GLY,GLY,GLY,GLY,GLY,GLY,GLY,GLY,GLY,GLY,GLY,GLY,GLY,GLY,GLY,GLY
264,GLY,GLY,GLY,GLY,GLY,GLY,GLY,GLY,GLY,GLY,GLY,GLY,GLY,GLY,GLY,GLY,GLY,GLY,GLY,GLY,GLY,GLY,GLY,GLY,GLY,GLY,GLY,GLY,GLY
265,LEU,LEU,LEU,LEU,LEU,LEU,LEU,LEU,LEU,LEU,LEU,LEU,LEU,LEU,LEU,LEU,LEU,LEU,LEU,LEU,LEU,LEU,LEU,LEU,LEU,LEU,LEU,LEU,LEU
266,ILE,ILE,ILE,ILE,ILE,ILE,ILE,ILE,ILE,ILE,ILE,ILE,ILE,ILE,ILE,ILE,ILE,ILE,ILE,ILE,ILE,ILE,ILE,ILE,ILE,ILE,ILE,ILE,ILE
267,VAL,VAL,VAL,VAL,VAL,VAL,VAL,VAL,VAL,VAL,VAL,VAL,VAL,VAL,VAL,VAL,VAL,VAL,VAL,VAL,VAL,VAL,VAL,VAL,VAL,VAL,VAL,VAL,VAL
268,VAL,VAL,VAL,VAL,VAL,VAL,VAL,VAL,VAL,VAL,VAL,VAL,VAL,VAL,VAL,VAL,VAL,VAL,VAL,VAL,VAL,VAL,VAL,VAL,VAL,VAL,VAL,VAL,VAL
269,SER,SER,SER,SER,SER,SER,SER,SER,SER,SER,SER,SER,SER,SER,SER,SER,SER,SER,SER,SER,SER,SER,SER,SER,SER,SER,SER,SER,SER
270,LYS,LYS,LYS,LYS,LYS,LYS,LYS,LYS,LYS,LYS,LYS,LYS,LYS,LYS,LYS,LYS,LYS,LYS,LYS,LYS,LYS,LYS,LYS,LYS,LYS,LYS,LYS,LYS,LYS
271,THR,THR,THR,THR,THR,THR,THR,THR,THR,THR,THR,THR,THR,THR,THR,THR,THR,THR,THR,THR,THR,THR,THR,THR,THR,THR,THR,THR,THR
272,GLY,GLY,GLY,GLY,GLY,GLY,GLY,GLY,GLY,GLY,GLY,GLY,GLY,GLY,GLY,GLY,GLY,GLY,GLY,GLY,GLY,GLY,GLY,GLY,GLY,GLY,GLY,GLY,GLY
273,ASP,ASP,ASP,ASP,ASP,ASP,ASP,ASP,ASP,ASP,ASP,ASP,ASP,ASP,ASP,ASP,ASP,ASP,ASP,ASP,ASP,ASP,ASP,ASP,ASP,ASP,ASP,ASP,ASP
274,TRP,TRP,TRP,TRP,TRP,TRP,TRP,TRP,TRP,TRP,TRP,TRP,TRP,TRP,TRP,TRP,TRP,TRP,TRP,TRP,TRP,TRP,TRP,TRP,TRP,TRP,TRP,TRP,TRP
275,VAL,VAL,VAL,VAL,VAL,VAL,VAL,VAL,VAL,VAL,VAL,VAL,VAL,VAL,VAL,VAL,VAL,VAL,VAL,VAL,VAL,VAL,VAL,VAL,VAL,VAL,VAL,VAL,VAL
276,ALA,ALA,ALA,ALA,ALA,ALA,ALA,ALA,ALA,ALA,ALA,ALA,ALA,ALA,ALA,ALA,ALA,ALA,ALA,ALA,ALA,ALA,ALA,ALA,ALA,ALA,ALA,ALA,ALA
277,LYS,LYS,LYS,LYS,LYS,LYS,LYS,LYS,LYS,LYS,LYS,LYS,LYS,LYS,LYS,LYS,LYS,LYS,LYS,LYS,LYS,LYS,LYS,LYS,LYS,LYS,LYS,LYS,LYS
278,TRP,TRP,TRP,TRP,TRP,TRP,TRP,TRP,TRP,TRP,TRP,TRP,TRP,TRP,TRP,TRP,TRP,TRP,TRP,TRP,TRP,TRP,TRP,TRP,TRP,TRP,TRP,TRP,TRP
279,THR,THR,THR,THR,THR,THR,THR,THR,THR,THR,THR,THR,THR,THR,THR,THR,THR,THR,THR,THR,THR,THR,THR,THR,THR,THR,THR,THR,THR
280,SER,SER,SER,SER,SER,SER,SER,SER,SER,SER,SER,SER,SER,SER,SER,SER,SER,SER,SER,SER,SER,SER,SER,SER,SER,SER,SER,SER,SER
281,THR,THR,THR,THR,THR,THR,THR,THR,THR,THR,THR,THR,THR,THR,THR,THR,THR,THR,THR,THR,THR,THR,THR,THR,THR,THR,THR,THR,THR
282,SER,SER,SER,SER,SER,SER,SER,SER,SER,SER,SER,SER,SER,SER,SER,SER,SER,SER,SER,SER,SER,SER,SER,SER,SER,SER,SER,SER,SER
283,MET,MET,MET,MET,MET,MET,MET,MET,MET,MET,MET,MET,MET,MET,MET,MET,MET,MET,MET,MET,MET,MET,MET,MET,MET,MET,MET,MET,MET
284,PRO,PRO,PRO,PRO,PRO,PRO,PRO,PRO,PRO,PRO,PRO,PRO,PRO,PRO,PRO,PRO,PRO,PRO,PRO,PRO,PRO,PRO,PRO,PRO,PRO,PRO,PRO,PRO,PRO
285,TRP,TRP,TRP,TRP,TRP,TRP,TRP,TRP,TRP,TRP,TRP,TRP,TRP,TRP,TRP,TRP,TRP,TRP,TRP,TRP,TRP,TRP,TRP,TRP,TRP,TRP,TRP,TRP,TRP
286,ALA,ALA,ALA,ALA,ALA,ALA,ALA,ALA,ALA,ALA,ALA,ALA,ALA,ALA,ALA,ALA,ALA,ALA,ALA,ALA,ALA,ALA,ALA,ALA,ALA,ALA,ALA,ALA,ALA
287,ALA,ALA,ALA,ALA,ALA,ALA,ALA,ALA,ALA,ALA,ALA,ALA,ALA,ALA,ALA,ALA,ALA,ALA,ALA,ALA,ALA,ALA,ALA,ALA,ALA,ALA,ALA,ALA,ALA
288,ALA,ALA,ALA,ALA,ALA,ALA,ALA,ALA,ALA,ALA,ALA,ALA,ALA,ALA,ALA,ALA,ALA,ALA,ALA,ALA,ALA,ALA,ALA,ALA,ALA,ALA,ALA,ALA,ALA
289,LYS,LYS,LYS,LYS,LYS,LYS,LYS,LYS,LYS,LYS,LYS,LYS,LYS,LYS,LYS,LYS,LYS,LYS,LYS,LYS,LYS,LYS,LYS,LYS,LYS,LYS,LYS,LYS,LYS
290,ASP,ASP,ASP,ASP,ASP,ASP,ASP,ASP,ASP,ASP,ASP,ASP,ASP,ASP,ASP,ASP,ASP,ASP,ASP,ASP,ASP,ASP,ASP,ASP,ASP,ASP,ASP,ASP,ASP
291,GLY,GLY,GLY,GLY,GLY,GLY,GLY,GLY,GLY,GLY,GLY,GLY,GLY,GLY,GLY,GLY,GLY,GLY,GLY,GLY,GLY,GLY,GLY,GLY,GLY,GLY,GLY,GLY,GLY
292,LYS,LYS,LYS,LYS,LYS,LYS,LYS,LYS,LYS,LYS,LYS,LYS,LYS,LYS,LYS,LYS,LYS,LYS,LYS,LYS,LYS,LYS,LYS,LYS,LYS,LYS,LYS,LYS,LYS
293,LEU,LEU,LEU,LEU,LEU,LEU,LEU,LEU,LEU,LEU,LEU,LEU,LEU,LEU,LEU,LEU,LEU,LEU,LEU,LEU,LEU,LEU,LEU,LEU,LEU,LEU,LEU,LEU,LEU
294,HIS,HIS,HIS,HIS,HIS,HIS,HIS,HIS,HIS,HIS,HIS,HIS,HIS,HIS,HIS,HIS,HIS,HIS,HIS,HIS,HIS,HIS,HIS,HIS,HIS,HIS,HIS,HIS,HIS
295,PHE,PHE,PHE,PHE,PHE,PHE,PHE,PHE,PHE,PHE,PHE,PHE,PHE,PHE,PHE,PHE,PHE,PHE,PHE,PHE,PHE,PHE,PHE,PHE,PHE,PHE,PHE,PHE,PHE
296,GLY,GLY,GLY,GLY,GLY,GLY,GLY,GLY,GLY,GLY,GLY,GLY,GLY,GLY,GLY,GLY,GLY,GLY,GLY,GLY,GLY,GLY,GLY,GLY,GLY,GLY,GLY,GLY,GLY
297,ILE,ILE,ILE,ILE,ILE,ILE,ILE,ILE,ILE,ILE,-,ILE,ILE,ILE,ILE,ILE,ILE,ILE,ILE,ILE,ILE,ILE,ILE,ILE,ILE,ILE,ILE,ILE,ILE
298,ASP,ASP,ASP,ASP,ASP,ASP,ASP,ASP,ASP,ASP,-,ASP,ASP,ASP,ASP,ASP,ASP,ASP,ASP,ASP,ASP,ASP,ASP,ASP,ASP,ASP,ASP,ASP,ASP
299,PRO,PRO,PRO,PRO,PRO,PRO,PRO,PRO,PRO,-,-,PRO,PRO,PRO,PRO,PRO,PRO,PRO,PRO,PRO,PRO,PRO,PRO,PRO,PRO,PRO,PRO,PRO,PRO
300,ASP,ASP,ASP,ASP,ASP,ASP,ASP,ASP,-,-,ASP,ASP,ASP,ASP,ASP,ASP,ASP,ASP,ASP,ASP,ASP,ASP,ASP,ASP,ASP,ASP,ASP,ASP,ASP
301,ASP,ASP,ASP,ASP,ASP,ASP,ASP,ASP,-,ASP,ASP,ASP,ASP,ASP,ASP,ASP,ASP,ASP,ASP,ASP,ASP,ASP,ASP,ASP,ASP,ASP,ASP,ASP,ASP
302,THR,THR,THR,THR,THR,THR,THR,THR,THR,THR,THR,THR,THR,THR,THR,THR,THR,THR,THR,THR,THR,THR,THR,THR,THR,THR,THR,THR,THR
303,THR,THR,THR,THR,THR,THR,THR,THR,THR,THR,THR,THR,THR,THR,THR,THR,THR,THR,THR,THR,THR,THR,THR,THR,THR,THR,THR,THR,THR
304,ILE,ILE,ILE,ILE,ILE,ILE,ILE,ILE,ILE,ILE,ILE,ILE,ILE,ILE,ILE,ILE,ILE,ILE,ILE,ILE,ILE,ILE,ILE,ILE,ILE,ILE,ILE,ILE,ILE
305,THR,THR,THR,THR,THR,THR,THR,THR,THR,THR,THR,THR,THR,THR,THR,THR,THR,THR,THR,THR,THR,THR,THR,THR,THR,THR,THR,THR,THR
306,ASP,ASP,ASP,ASP,ASP,ASP,ASP,ASP,ASP,ASP,ASP,ASP,ASP,ASP,ASP,ASP,ASP,ASP,ASP,ASP,ASP,ASP,ASP,ASP,ASP,ASP,ASP,ASP,ASP
307,LEU,LEU,LEU,LEU,LEU,LEU,LEU,LEU,LEU,LEU,LEU,LEU,LEU,LEU,LEU,LEU,LEU,LEU,LEU,LEU,LEU,LEU,LEU,LEU,LEU,LEU,LEU,LEU,LEU
308,PRO,PRO,PRO,PRO,PRO,PRO,PRO,PRO,PRO,PRO,PRO,PRO,PRO,PRO,PRO,PRO,PRO,PRO,PRO,PRO,PRO,PRO,PRO,PRO,PRO,PRO,PRO,PRO,PRO
