residue_id,ref_seq,pdb3epz.pdb,pdb3pta.pdb,pdb3swr.pdb,pdb4wxx.pdb,pdb4yoc.pdb,pdb4z96.pdb,pdb4z97.pdb,pdb5wvo.pdb,pdb5ydr.pdb,pdb6k3a.pdb,pdb6l1f.pdb,pdb6x9k.pdb,pdb7sfc.pdb,pdb7sfe.pdb,pdb7sff.pdb,pdb7sfg.pdb
1,MET,-,-,-,-,-,-,-,MET,MET,MET,-,-,-,-,-,-
2,PRO,-,-,-,-,-,-,-,ARG,GLN,PHE,-,-,-,-,-,-
3,ALA,-,-,-,-,-,-,-,THR,ILE,GLU,HIS,-,-,-,-,-
4,ARG,-,-,-,-,-,-,-,LYS,PHE,ALA,MET,-,-,-,-,-
5,THR,-,-,-,-,-,-,-,GLN,VAL,ARG,PRO,-,-,-,-,-
6,ALA,-,-,-,-,-,-,-,THR,LYS,LEU,PRO,-,-,-,-,-
7,PRO,-,-,-,-,-,-,-,ALA,THR,VAL,ASN,-,-,-,-,-
8,ALA,-,-,-,-,-,-,-,ARG,LEU,GLN,ARG,-,-,-,-,-
9,ARG,-,-,-,-,-,-,-,LYS,THR,GLY,PRO,-,-,-,-,-
10,VAL,-,-,-,-,-,-,-,SER,GLY,SER,GLY,-,-,-,-,-
11,PRO,-,-,-,-,-,-,-,THR,LYS,ILE,ILE,-,-,-,-,-
12,THR,-,-,-,-,-,-,-,GLY,THR,LEU,THR,-,-,-,-,-
13,LEU,-,-,-,-,-,-,-,GLY,ILE,LYS,PHE,-,-,-,-,-
14,ALA,-,-,-,-,-,-,-,LYS,THR,LYS,GLU,-,-,-,-,-
15,VAL,-,-,-,-,-,-,-,ALA,LEU,VAL,ILE,-,-,-,-,-
16,PRO,-,-,-,-,-,-,-,PRO,GLU,LEU,GLY,-,-,-,-,-
17,ALA,-,-,-,-,-,-,-,ARG,VAL,GLU,ALA,-,-,-,-,-
18,ILE,-,-,-,-,-,-,-,CYS,GLU,ALA,ARG,-,-,-,-,-
19,SER,-,-,-,-,-,-,-,GLN,PRO,LEU,LEU,-,-,-,-,-
20,LEU,-,-,-,-,-,-,-,LEU,SER,LYS,GLU,-,-,-,-,-
21,PRO,-,-,-,-,-,-,-,ASP,ASP,ASP,ALA,-,-,-,-,-
22,ASP,-,-,-,-,-,-,-,THR,THR,LEU,LEU,-,-,-,-,-
23,ASP,-,-,-,-,-,-,-,ILE,ILE,ILE,ASP,-,-,-,-,-
24,VAL,-,-,-,-,-,-,-,GLU,GLU,ASN,TYR,-,-,-,-,-
25,ARG,-,-,-,-,-,-,-,ASN,ASN,GLU,LEU,-,-,-,-,-
26,ARG,-,-,-,-,-,-,-,VAL,VAL,ALA,GLN,-,-,-,-,-
27,ARG,-,-,-,-,-,-,-,LYS,LYS,CYS,LYS,-,-,-,-,-
28,LEU,-,-,-,-,-,-,-,ALA,ALA,TRP,TRP,-,-,-,-,-
29,LYS,-,-,-,-,-,-,-,LYS,LYS,ASP,TYR,-,-,-,-,-
30,ASP,-,-,-,-,-,-,-,ILE,ILE,ILE,PRO,-,-,-,-,-
31,LEU,-,-,-,-,-,-,-,GLN,GLN,SER,SER,-,-,-,-,-
32,GLU,-,-,-,-,-,-,-,ASP,ASP,SER,ARG,-,-,-,-,-
33,ARG,-,-,-,-,-,-,-,LYS,LYS,SER,ILE,-,-,-,-,-
34,ASP,-,-,-,-,-,-,-,GLU,GLU,GLY,GLU,-,-,-,-,-
35,SER,-,-,-,-,-,-,-,GLY,GLY,VAL,LYS,-,-,-,-,-
36,LEU,-,-,-,-,-,-,-,ILE,ILE,ASN,ILE,-,-,-,-,-
37,THR,-,-,-,-,-,-,-,PRO,PRO,LEU,ASP,-,-,-,-,-
38,GLU,-,-,-,-,-,-,-,PRO,PRO,GLN,TYR,-,-,-,-,-
39,LYS,-,-,-,-,-,-,-,ASP,ASP,SER,GLU,-,-,-,-,-
40,GLU,-,-,-,-,-,-,-,GLN,GLN,MET,GLU,-,-,-,-,-
41,CYS,-,-,-,-,-,-,-,GLN,GLN,ASP,GLY,-,-,-,-,-
42,VAL,-,-,-,-,-,-,-,ARG,ARG,SER,LYS,-,-,-,-,-
43,LYS,-,-,-,-,-,-,-,LEU,LEU,SER,MET,-,-,-,-,-
44,GLU,-,-,-,-,-,-,-,ILE,ILE,HIS,LEU,-,-,-,-,-
45,LYS,-,-,-,-,-,-,-,PHE,PHE,VAL,VAL,-,-,-,-,-
46,LEU,-,-,-,-,-,-,-,ALA,ALA,SER,HIS,-,-,-,-,-
47,ASN,-,-,-,-,-,-,-,GLY,GLY,LEU,PHE,-,-,-,-,-
48,LEU,-,-,-,-,-,-,-,LYS,LYS,VAL,GLU,-,-,-,-,-
49,LEU,-,-,-,-,-,-,-,GLN,GLN,GLN,ARG,-,-,-,-,-
50,HIS,-,-,-,-,-,-,-,LEU,LEU,LEU,TRP,-,-,-,-,-
51,GLU,-,-,-,-,-,-,-,GLU,GLU,THR,SER,-,-,-,-,-
52,PHE,-,-,-,-,-,-,-,ASP,ASP,LEU,HIS,-,-,-,-,-
53,LEU,-,-,-,-,-,-,-,GLY,GLY,ARG,ARG,-,-,-,-,-
54,GLN,-,-,-,-,-,-,-,ARG,ARG,SER,TYR,-,-,-,-,-
55,THR,-,-,-,-,-,-,-,THR,THR,GLU,ASP,-,-,-,-,-
56,GLU,-,-,-,-,-,-,-,LEU,LEU,GLY,GLU,-,-,-,-,-
57,ILE,-,-,-,-,-,-,-,SER,SER,PHE,TRP,-,-,-,-,-
58,LYS,-,-,-,-,-,-,-,ASP,ASP,ASP,ILE,-,-,-,-,-
59,ASN,-,-,-,-,-,-,-,TYR,TYR,THR,TYR,-,-,-,-,-
60,GLN,-,-,-,-,-,-,-,ASN,ASN,TYR,TRP,-,-,-,-,-
61,LEU,-,-,-,-,-,-,-,ILE,ILE,ARG,ASP,-,-,-,-,-
62,CYS,-,-,-,-,-,-,-,GLN,GLN,CYS,SER,-,-,-,-,-
63,ASP,-,-,-,-,-,-,-,LYS,LYS,ASP,ASN,-,-,-,-,-
64,LEU,-,-,-,-,-,-,-,GLU,GLU,ARG,ARG,-,-,-,-,-
65,GLU,-,-,-,-,-,-,-,SER,SER,ASN,LEU,-,-,-,-,-
66,THR,-,-,-,-,-,-,-,THR,THR,LEU,ARG,-,-,-,-,-
67,LYS,-,-,-,-,-,-,-,LEU,LEU,ALA,PRO,-,-,-,-,-
68,LEU,-,-,-,-,-,-,-,HIS,HIS,MET,LEU,-,-,-,-,-
69,ARG,-,-,-,-,-,-,-,LEU,LEU,GLY,GLU,-,-,-,-,-
70,LYS,-,-,-,-,-,-,-,VAL,VAL,VAL,-,-,-,-,-,-
71,GLU,-,-,-,-,-,-,-,LEU,LEU,ASN,-,-,-,-,-,-
72,GLU,-,-,-,-,-,-,-,ARG,ARG,LEU,-,-,-,-,-,-
73,LEU,-,-,-,-,-,-,-,LEU,LEU,THR,-,-,-,-,-,-
74,SER,-,-,-,-,-,-,-,ARG,-,SER,-,-,-,-,-,-
75,GLU,-,-,-,-,-,-,-,GLY,-,MET,-,-,-,-,-,-
76,GLU,-,-,-,-,-,-,-,CYS,-,SER,-,-,-,-,-,-
77,GLY,-,-,-,-,-,-,-,-,-,LYS,-,-,-,-,-,-
78,TYR,-,-,-,-,-,-,-,-,-,ILE,-,-,-,-,-,-
79,LEU,-,-,-,-,-,-,-,-,-,LEU,-,-,-,-,-,-
80,ALA,-,-,-,-,-,-,-,-,-,LYS,-,-,-,-,-,-
81,LYS,-,-,-,-,-,-,-,-,-,CYS,-,-,-,-,-,-
82,VAL,-,-,-,-,-,-,-,-,-,ALA,-,-,-,-,-,-
83,LYS,-,-,-,-,-,-,-,-,-,GLY,-,-,-,-,-,-
84,SER,-,-,-,-,-,-,-,-,-,ASN,-,-,-,-,-,-
85,LEU,-,-,-,-,-,-,-,-,-,GLU,-,-,-,-,-,-
86,LEU,-,-,-,-,-,-,-,-,-,ASP,-,-,-,-,-,-
87,ASN,-,-,-,-,-,-,-,-,-,ILE,-,-,-,-,-,-
88,LYS,-,-,-,-,-,-,-,-,-,ILE,-,-,-,-,-,-
89,ASP,-,-,-,-,-,-,-,-,-,THR,-,-,-,-,-,-
90,LEU,-,-,-,-,-,-,-,-,-,LEU,-,-,-,-,-,-
91,SER,-,-,-,-,-,-,-,-,-,ARG,-,-,-,-,-,-
92,LEU,-,-,-,-,-,-,-,-,-,ALA,-,-,-,-,-,-
93,GLU,-,-,-,-,-,-,-,-,-,GLU,-,-,-,-,-,-
94,ASN,-,-,-,-,-,-,-,-,-,ASP,-,-,-,-,-,-
95,GLY,-,-,-,-,-,-,-,-,-,ASN,-,-,-,-,-,-
96,ALA,-,-,-,-,-,-,-,-,-,ALA,-,-,-,-,-,-
97,HIS,-,-,-,-,-,-,-,-,-,ASP,-,-,-,-,-,-
98,ALA,-,-,-,-,-,-,-,-,-,THR,-,-,-,-,-,-
99,TYR,-,-,-,-,-,-,-,-,-,LEU,-,-,-,-,-,-
100,ASN,-,-,-,-,-,-,-,-,-,ALA,-,-,-,-,-,-
101,ARG,-,-,-,-,-,-,-,-,-,LEU,-,-,-,-,-,-
102,GLU,-,-,-,-,-,-,-,-,-,VAL,-,-,-,-,-,-
103,VAL,-,-,-,-,-,-,-,-,-,PHE,-,-,-,-,-,-
104,ASN,-,-,-,-,-,-,-,-,-,GLU,-,-,-,-,-,-
105,GLY,-,-,-,-,-,-,-,-,-,ALA,-,-,-,-,-,-
106,ARG,-,-,-,-,-,-,-,-,-,PRO,-,-,-,-,-,-
107,LEU,-,-,-,-,-,-,-,-,-,-,-,-,-,-,-,-
108,GLU,-,-,-,-,-,-,-,-,-,-,-,-,-,-,-,-
109,ASN,-,-,-,-,-,-,-,-,-,GLU,-,-,-,-,-,-
110,GLY,-,-,-,-,-,-,-,-,-,LYS,-,-,-,-,-,-
111,ASN,-,-,-,-,-,-,-,-,-,VAL,-,-,-,-,-,-
112,GLN,-,-,-,-,-,-,-,-,-,SER,-,-,-,-,-,-
113,ALA,-,-,-,-,-,-,-,-,-,ASP,-,-,-,-,-,-
114,ARG,-,-,-,-,-,-,-,-,-,TYR,-,-,-,-,-,-
115,SER,-,-,-,-,-,-,-,-,-,GLU,-,-,-,-,-,-
116,GLU,-,-,-,-,-,-,-,-,-,MET,-,-,-,-,-,-
117,ALA,-,-,-,-,-,-,-,-,-,LYS,-,-,-,-,-,-
118,ARG,-,-,-,-,-,-,-,-,-,LEU,-,-,-,-,-,-
119,ARG,-,-,-,-,-,-,-,-,-,MET,-,-,-,-,-,-
120,VAL,-,-,-,-,-,-,-,-,-,ASP,-,-,-,-,-,-
121,GLY,-,-,-,-,-,-,-,-,-,LEU,-,-,-,-,-,-
122,MET,-,-,-,-,-,-,-,-,-,-,-,-,-,-,-,-
123,ALA,-,-,-,-,-,-,-,-,-,-,-,-,-,-,-,-
124,ASP,-,-,-,-,-,-,-,-,-,-,-,-,-,-,-,-
125,ALA,-,-,-,-,-,-,-,-,-,GLN,-,-,-,-,-,-
126,ASN,-,-,-,-,-,-,-,-,-,LEU,-,-,-,-,-,-
127,SER,-,-,-,-,-,-,-,-,-,GLY,-,-,-,-,-,-
128,PRO,-,-,-,-,-,-,-,-,-,ILE,-,-,-,-,-,-
129,PRO,-,-,-,-,-,-,-,-,-,PRO,-,-,-,-,-,-
130,LYS,-,-,-,-,-,-,-,-,-,GLU,-,-,-,-,-,-
131,PRO,-,-,-,-,-,-,-,-,-,GLN,-,-,-,-,-,-
132,LEU,-,-,-,-,-,-,-,-,-,GLU,-,-,-,-,-,-
133,SER,-,-,-,-,-,-,-,-,-,TYR,-,-,-,-,-,-
134,LYS,-,-,-,-,-,-,-,-,-,SER,-,-,-,-,-,-
135,PRO,-,-,-,-,-,-,-,-,-,CYS,-,-,-,-,-,-
136,ARG,-,-,-,-,-,-,-,-,-,VAL,-,-,-,-,-,-
137,THR,-,-,-,-,-,-,-,-,-,VAL,-,-,-,-,-,-
138,PRO,-,-,-,-,-,-,-,-,-,LYS,-,-,-,-,-,-
139,ARG,-,-,-,-,-,-,-,-,-,MET,-,-,-,-,-,-
140,ARG,-,-,-,-,-,-,-,-,-,PRO,ARG,-,-,-,-,-
141,SER,-,-,-,-,-,-,-,-,-,SER,SER,-,-,-,-,-
142,LYS,-,-,-,-,-,-,-,-,-,GLY,MLZ,-,-,-,-,-
143,SER,-,-,-,-,-,-,-,-,-,GLU,SER,-,-,-,-,-
144,ASP,-,-,-,-,-,-,-,-,-,PHE,ASP,-,-,-,-,-
145,GLY,-,-,-,-,-,-,-,-,-,ALA,GLY,-,-,-,-,-
146,GLU,-,-,-,-,-,-,-,-,-,ARG,-,-,-,-,-,-
147,ALA,-,-,-,-,-,-,-,-,-,ILE,-,-,-,-,-,-
148,LYS,-,-,-,-,-,-,-,-,-,CYS,-,-,-,-,-,-
149,PRO,-,-,-,-,-,-,-,-,-,ARG,-,-,-,-,-,-
150,GLU,-,-,-,-,-,-,-,-,-,ASP,-,-,-,-,-,-
151,PRO,-,-,-,-,-,-,-,-,-,LEU,-,-,-,-,-,-
152,SER,-,-,-,-,-,-,-,-,-,SER,-,-,-,-,-,-
153,PRO,-,-,-,-,-,-,-,-,-,HIS,-,-,-,-,-,-
154,SER,-,-,-,-,-,-,-,-,-,ILE,-,-,-,-,-,-
155,PRO,-,-,-,-,-,-,-,-,-,GLY,-,-,-,-,-,-
156,ARG,-,-,-,-,-,-,-,-,-,ASP,-,-,-,-,-,-
157,ILE,-,-,-,-,-,-,-,-,-,ALA,-,-,-,-,-,-
158,THR,-,-,-,-,-,-,-,-,-,VAL,-,-,-,-,-,-
159,ARG,-,-,-,-,-,-,-,-,-,VAL,-,-,-,-,-,-
160,LYS,-,-,-,-,-,-,-,-,-,ILE,-,-,-,-,-,-
161,SER,-,-,-,-,-,-,-,-,-,SER,-,-,-,-,-,-
162,THR,-,-,-,-,-,-,-,-,-,THR,-,-,-,-,-,-
163,ARG,-,-,-,-,-,-,-,-,-,ARG,-,-,-,-,-,-
164,GLN,-,-,-,-,-,-,-,-,-,GLN,-,-,-,-,-,-
165,THR,-,-,-,-,-,-,-,-,-,THR,-,-,-,-,-,-
166,THR,-,-,-,-,-,-,-,-,-,THR,-,-,-,-,-,-
167,ILE,-,-,-,-,-,-,-,-,-,ILE,-,-,-,-,-,-
168,THR,-,-,-,-,-,-,-,-,-,THR,-,-,-,-,-,-
169,SER,-,-,-,-,-,-,-,-,-,SER,-,-,-,-,-,-
170,HIS,-,-,-,-,-,-,-,-,-,HIS,-,-,-,-,-,-
171,PHE,-,-,-,-,-,-,-,-,-,PHE,-,-,-,-,-,-
172,ALA,-,-,-,-,-,-,-,-,-,ALA,-,-,-,-,-,-
173,LYS,-,-,-,-,-,-,-,-,-,LYS,-,-,-,-,-,-
174,GLY,-,-,-,-,-,-,-,-,-,GLY,-,-,-,-,-,-
175,PRO,-,-,-,-,-,-,-,-,-,LEU,-,-,-,-,-,-
176,ALA,-,-,-,-,-,-,-,-,-,GLY,-,-,-,-,-,-
177,LYS,-,-,-,-,-,-,-,-,-,ASN,-,-,-,-,-,-
178,ARG,-,-,-,-,-,-,-,-,-,GLY,-,-,-,-,-,-
179,LYS,-,-,-,-,-,-,-,-,-,ASN,-,-,-,-,-,-
180,PRO,-,-,-,-,-,-,-,-,-,ILE,-,-,-,-,-,-
181,GLN,-,-,-,-,-,-,-,-,-,LYS,-,-,-,-,-,-
182,GLU,-,-,-,-,-,-,-,-,-,LEU,-,-,-,-,-,-
183,GLU,-,-,-,-,-,-,-,-,-,SER,-,-,-,-,-,-
184,SER,-,-,-,-,-,-,-,-,-,GLN,-,-,-,-,-,-
185,GLU,-,-,-,-,-,-,-,-,-,-,-,-,-,-,-,-
186,ARG,-,-,-,-,-,-,-,-,-,-,-,-,-,-,-,-
187,ALA,-,-,-,-,-,-,-,-,-,-,-,-,-,-,-,-
188,LYS,-,-,-,-,-,-,-,-,-,-,-,-,-,-,-,-
189,SER,-,-,-,-,-,-,-,-,-,-,-,-,-,-,-,-
190,ASP,-,-,-,-,-,-,-,-,-,-,-,-,-,-,-,-
191,GLU,-,-,-,-,-,-,-,-,-,-,-,-,-,-,-,-
192,SER,-,-,-,-,-,-,-,-,-,-,-,-,-,-,-,-
193,ILE,-,-,-,-,-,-,-,-,-,GLU,-,-,-,-,-,-
194,LYS,-,-,-,-,-,-,-,-,-,ALA,-,-,-,-,-,-
195,GLU,-,-,-,-,-,-,-,-,-,VAL,-,-,-,-,-,-
196,GLU,-,-,-,-,-,-,-,-,-,THR,-,-,-,-,-,-
197,ASP,-,-,-,-,-,-,-,-,-,ILE,-,-,-,-,-,-
198,LYS,-,-,-,-,-,-,-,-,-,GLU,-,-,-,-,-,-
199,ASP,-,-,-,-,-,-,-,-,-,MET,-,-,-,-,-,-
200,GLN,-,-,-,-,-,-,-,-,-,ASN,-,-,-,-,-,-
201,ASP,-,-,-,-,-,-,-,-,-,GLU,-,-,-,-,-,-
202,GLU,-,-,-,-,-,-,-,-,-,PRO,-,-,-,-,-,-
203,LYS,-,-,-,-,-,-,-,-,-,VAL,-,-,-,-,-,-
204,ARG,-,-,-,-,-,-,-,-,-,GLN,-,-,-,-,-,-
205,ARG,-,-,-,-,-,-,-,-,-,LEU,-,-,-,-,-,-
206,ARG,-,-,-,-,-,-,-,-,-,THR,-,-,-,-,-,-
207,VAL,-,-,-,-,-,-,-,-,-,PHE,-,-,-,-,-,-
208,THR,-,-,-,-,-,-,-,-,-,ALA,-,-,-,-,-,-
209,SER,-,-,-,-,-,-,-,-,-,LEU,-,-,-,-,-,-
210,ARG,-,-,-,-,-,-,-,-,-,ARG,-,-,-,-,-,-
211,GLU,-,-,-,-,-,-,-,-,-,TYR,-,-,-,-,-,-
212,ARG,-,-,-,-,-,-,-,-,-,LEU,-,-,-,-,-,-
213,VAL,-,-,-,-,-,-,-,-,-,ASN,-,-,-,-,-,-
214,ALA,-,-,-,-,-,-,-,-,-,PHE,-,-,-,-,-,-
215,ARG,-,-,-,-,-,-,-,-,-,PHE,-,-,-,-,-,-
216,PRO,-,-,-,-,-,-,-,-,-,THR,-,-,-,-,-,-
217,LEU,-,-,-,-,-,-,-,-,-,LYS,-,-,-,-,-,-
218,PRO,-,-,-,-,-,-,-,-,-,ALA,-,-,-,-,-,-
219,ALA,-,-,-,-,-,-,-,-,-,THR,-,-,-,-,-,-
220,GLU,-,-,-,-,-,-,-,-,-,PRO,-,-,-,-,-,-
221,GLU,-,-,-,-,-,-,-,-,-,LEU,-,-,-,-,-,-
222,PRO,-,-,-,-,-,-,-,-,-,SER,-,-,-,-,-,-
223,GLU,-,-,-,-,-,-,-,-,-,SER,-,-,-,-,-,-
224,ARG,-,-,-,-,-,-,-,-,-,THR,-,-,-,-,-,-
225,ALA,-,-,-,-,-,-,-,-,-,VAL,-,-,-,-,-,-
226,LYS,-,-,-,-,-,-,-,-,-,THR,-,-,-,-,-,-
227,SER,-,-,-,-,-,-,-,-,-,LEU,-,-,-,-,-,-
228,GLY,-,-,-,-,-,-,-,-,-,SER,-,-,-,-,-,-
229,THR,-,-,-,-,-,-,-,-,-,MET,-,-,-,-,-,-
230,ARG,-,-,-,-,-,-,-,-,-,SER,-,-,-,-,-,-
231,THR,-,-,-,-,-,-,-,-,-,ALA,-,-,-,-,-,-
232,GLU,-,-,-,-,-,-,-,-,-,ASP,-,-,-,-,-,-
233,LYS,-,-,-,-,-,-,-,-,-,VAL,-,-,-,-,-,-
234,GLU,-,-,-,-,-,-,-,-,-,PRO,-,-,-,-,-,-
235,GLU,-,-,-,-,-,-,-,-,-,LEU,-,-,-,-,-,-
236,GLU,-,-,-,-,-,-,-,-,-,VAL,-,-,-,-,-,-
237,ARG,-,-,-,-,-,-,-,-,-,VAL,-,-,-,-,-,-
238,ASP,-,-,-,-,-,-,-,-,-,GLU,-,-,-,-,-,-
239,GLU,-,-,-,-,-,-,-,-,-,TYR,-,-,-,-,-,-
240,LYS,-,-,-,-,-,-,-,-,-,LYS,-,-,-,-,-,-
241,GLU,-,-,-,-,-,-,-,-,-,ILE,-,-,-,-,-,-
242,GLU,-,-,-,-,-,-,-,-,-,ALA,-,-,-,-,-,-
243,LYS,-,-,-,-,-,-,-,-,-,ASP,-,-,-,-,-,-
244,ARG,-,-,-,-,-,-,-,-,-,MET,-,-,-,-,-,-
245,LEU,-,-,-,-,-,-,-,-,-,GLY,-,-,-,-,-,-
246,ARG,-,-,-,-,-,-,-,-,-,HIS,-,-,-,-,-,-
247,SER,-,-,-,-,-,-,-,-,-,LEU,-,-,-,-,-,-
248,GLN,-,-,-,-,-,-,-,-,-,LYS,-,-,-,-,-,-
249,THR,-,-,-,-,-,-,-,-,-,TYR,-,-,-,-,-,-
250,LYS,-,-,-,-,-,-,-,-,-,TYR,-,-,-,-,-,-
251,GLU,-,-,-,-,-,-,-,-,-,LEU,-,-,-,-,-,-
252,PRO,-,-,-,-,-,-,-,-,-,ALA,-,-,-,-,-,-
253,THR,-,-,-,-,-,-,-,-,-,PRO,-,-,-,-,-,-
254,PRO,-,-,-,-,-,-,-,-,-,LYS,-,-,-,-,-,-
255,LYS,-,-,-,-,-,-,-,-,-,ILE,-,-,-,-,-,-
256,GLN,-,-,-,-,-,-,-,-,-,GLU,-,-,-,-,-,-
257,LYS,-,-,-,-,-,-,-,-,-,ASP,-,-,-,-,-,-
258,LEU,-,-,-,-,-,-,-,-,-,-,-,-,-,-,-,-
259,LYS,-,-,-,-,-,-,-,-,-,-,-,-,-,-,-,-
260,GLU,-,-,-,-,-,-,-,-,-,-,-,-,-,-,-,-
261,GLU,-,-,-,-,-,-,-,-,-,-,-,-,-,-,-,-
262,PRO,-,-,-,-,-,-,-,-,-,-,-,-,-,-,-,-
263,ASP,-,-,-,-,-,-,-,-,-,-,-,-,-,-,-,-
264,ARG,-,-,-,-,-,-,-,-,-,-,-,-,-,-,-,-
265,GLU,-,-,-,-,-,-,-,-,-,-,-,-,-,-,-,-
266,ALA,-,-,-,-,-,-,-,-,-,-,-,-,-,-,-,-
267,ARG,-,-,-,-,-,-,-,-,-,-,-,-,-,-,-,-
268,ALA,-,-,-,-,-,-,-,-,-,-,-,-,-,-,-,-
269,GLY,-,-,-,-,-,-,-,-,-,-,-,-,-,-,-,-
270,VAL,-,-,-,-,-,-,-,-,-,-,-,-,-,-,-,-
271,GLN,-,-,-,-,-,-,-,-,-,-,-,-,-,-,-,-
272,ALA,-,-,-,-,-,-,-,-,-,-,-,-,-,-,-,-
273,ASP,-,-,-,-,-,-,-,-,-,-,-,-,-,-,-,-
274,GLU,-,-,-,-,-,-,-,-,-,-,-,-,-,-,-,-
275,ASP,-,-,-,-,-,-,-,-,-,-,-,-,-,-,-,-
276,GLU,-,-,-,-,-,-,-,-,-,-,-,-,-,-,-,-
277,ASP,-,-,-,-,-,-,-,-,-,-,-,-,-,-,-,-
278,GLY,-,-,-,-,-,-,-,-,-,-,-,-,-,-,-,-
279,ASP,-,-,-,-,-,-,-,-,-,-,-,-,-,-,-,-
280,GLU,-,-,-,-,-,-,-,-,-,-,-,-,-,-,-,-
281,LYS,-,-,-,-,-,-,-,-,-,-,-,-,-,-,-,-
282,ASP,-,-,-,-,-,-,-,-,-,-,-,-,-,-,-,-
283,GLU,-,-,-,-,-,-,-,-,-,-,-,-,-,-,-,-
284,LYS,-,-,-,-,-,-,-,-,-,-,-,-,-,-,-,-
285,LYS,-,-,-,-,-,-,-,-,-,-,-,-,-,-,-,-
286,HIS,-,-,-,-,-,-,-,-,-,-,-,-,-,-,-,-
287,ARG,-,-,-,-,-,-,-,-,-,-,-,-,-,-,-,-
288,SER,-,-,-,-,-,-,-,-,-,-,-,-,-,-,-,-
289,GLN,-,-,-,-,-,-,-,-,-,-,-,-,-,-,-,-
290,PRO,-,-,-,-,-,-,-,-,-,-,-,-,-,-,-,-
291,LYS,-,-,-,-,-,-,-,-,-,-,-,-,-,-,-,-
292,ASP,-,-,-,-,-,-,-,-,-,-,-,-,-,-,-,-
293,LEU,-,-,-,-,-,-,-,-,-,-,-,-,-,-,-,-
294,ALA,-,-,-,-,-,-,-,-,-,-,-,-,-,-,-,-
295,ALA,-,-,-,-,-,-,-,-,-,-,-,-,-,-,-,-
296,LYS,-,-,-,-,-,-,-,-,-,-,-,-,-,-,-,-
297,ARG,-,-,-,-,-,-,-,-,-,-,-,-,-,-,-,-
298,ARG,-,-,-,-,-,-,-,-,-,-,-,-,-,-,-,-
299,PRO,-,-,-,-,-,-,-,-,-,-,-,-,-,-,-,-
300,GLU,-,-,-,-,-,-,-,-,-,-,-,-,-,-,-,-
301,GLU,-,-,-,-,-,-,-,-,-,-,-,-,-,-,-,-
302,LYS,-,-,-,-,-,-,-,-,-,-,-,-,-,-,-,-
303,GLU,-,-,-,-,-,-,-,-,-,-,-,-,-,-,-,-
304,PRO,-,-,-,-,-,-,-,-,-,-,-,-,-,-,-,-
305,GLU,-,-,-,-,-,-,-,-,-,-,-,-,-,-,-,-
306,LYS,-,-,-,-,-,-,-,-,-,-,-,-,-,-,-,-
307,VAL,-,-,-,-,-,-,-,-,-,-,-,-,-,-,-,-
308,ASN,-,-,-,-,-,-,-,-,-,-,-,-,-,-,-,-
309,PRO,-,-,-,-,-,-,-,-,-,-,-,-,-,-,-,-
310,GLN,-,-,-,-,-,-,-,-,-,-,-,-,-,-,-,-
311,ILE,-,-,-,-,-,-,-,-,-,-,-,-,-,-,-,-
312,SER,-,-,-,-,-,-,-,-,-,-,-,-,-,-,-,-
313,ASP,-,-,-,-,-,-,-,-,-,-,-,-,-,-,-,-
314,GLU,-,-,-,-,-,-,-,-,-,-,-,-,-,-,-,-
315,LYS,-,-,-,-,-,-,-,-,-,-,-,-,-,-,-,-
316,ASP,-,-,-,-,-,-,-,-,-,-,-,-,-,-,-,-
317,GLU,-,-,-,-,-,-,-,-,-,-,-,-,-,-,-,-
318,ASP,-,-,-,-,-,-,-,-,-,-,-,-,-,-,-,-
319,GLU,-,-,-,-,-,-,-,-,-,-,-,-,-,-,-,-
320,LYS,-,-,-,-,-,-,-,-,-,-,-,-,-,-,-,-
321,GLU,-,-,-,-,-,-,-,-,-,-,-,-,-,-,-,-
322,GLU,-,-,-,-,-,-,-,-,-,-,-,-,-,-,-,-
323,LYS,-,-,-,-,-,-,-,-,-,-,-,-,-,-,-,-
324,ARG,-,-,-,-,-,-,-,-,-,-,-,-,-,-,-,-
325,ARG,-,-,-,-,-,-,-,-,-,-,-,-,-,-,-,-
326,LYS,-,-,-,-,-,-,-,-,-,-,-,-,-,-,-,-
327,THR,-,-,-,-,-,-,-,-,-,-,-,-,-,-,-,-
328,THR,-,-,-,-,-,-,-,-,-,-,-,-,-,-,-,-
329,PRO,-,-,-,-,-,-,-,-,-,-,-,-,-,-,-,-
330,LYS,-,-,-,-,-,-,-,-,-,-,-,-,-,-,-,-
331,GLU,-,-,-,-,-,-,-,-,-,-,-,-,-,-,-,-
332,PRO,-,-,-,-,-,-,-,-,-,-,-,-,-,-,-,-
333,THR,-,-,-,-,-,-,-,-,-,-,-,-,-,-,-,-
334,GLU,-,-,-,-,-,-,-,-,-,-,-,-,-,-,-,-
335,LYS,-,-,-,-,-,-,-,-,-,-,-,-,-,-,-,-
336,LYS,-,-,-,-,-,-,-,-,-,-,-,-,-,-,-,-
337,MET,-,-,-,-,-,-,-,-,-,-,-,-,-,-,-,-
338,ALA,-,-,-,-,-,-,-,-,-,-,-,-,-,-,-,-
339,ARG,-,-,-,-,-,-,-,-,-,-,-,-,-,-,-,-
340,ALA,-,-,-,-,-,-,-,-,-,-,-,-,-,-,-,-
341,LYS,-,-,-,-,-,-,-,-,-,-,-,-,-,-,-,-
342,THR,GLY,-,-,-,-,-,-,-,-,-,-,-,-,-,-,-
343,VAL,ARG,-,-,-,-,-,-,-,-,-,-,-,-,-,-,-
344,MET,-,-,-,-,-,-,-,-,-,-,-,-,-,-,-,-
345,ASN,-,-,-,-,-,-,-,-,-,-,-,-,-,-,-,-
346,SER,-,-,-,-,-,-,-,-,-,-,-,-,-,-,-,-
347,LYS,-,-,-,-,-,-,-,-,-,-,-,-,-,-,-,-
348,THR,PHE,-,-,-,-,-,-,-,-,-,-,-,-,-,-,-
349,HIS,GLN,-,-,-,-,-,-,-,-,-,-,-,-,-,-,-
350,PRO,GLY,-,-,-,-,-,-,-,MET,-,-,-,-,-,-,-
351,PRO,PRO,-,-,PRO,-,-,-,-,PRO,-,-,-,-,-,-,-
352,LYS,LYS,-,-,LYS,-,-,-,-,LYS,-,-,-,-,-,-,-
353,CYS,CYS,-,-,CYS,-,-,-,CYS,CYS,-,-,-,-,-,-,-
354,ILE,ILE,-,-,ILE,-,-,-,ILE,ILE,-,-,-,-,-,-,-
355,GLN,GLN,-,-,GLN,-,-,-,GLN,GLN,-,-,-,-,-,-,-
356,CYS,CYS,-,-,CYS,-,-,-,CYS,CYS,-,-,-,-,-,-,-
357,GLY,GLY,-,-,GLY,-,-,-,GLY,GLY,-,-,-,-,-,-,-
358,GLN,GLN,-,-,GLN,-,-,-,-,GLN,-,-,-,-,-,-,-
359,TYR,TYR,-,-,TYR,-,-,-,-,TYR,-,-,-,-,-,-,-
360,LEU,LEU,-,-,LEU,-,-,-,-,LEU,-,-,-,-,-,-,-
361,ASP,ASP,-,-,ASP,-,-,-,-,ASP,-,-,-,-,-,-,-
362,ASP,ASP,-,-,ASP,-,-,-,-,ASP,-,-,-,-,-,-,-
363,PRO,PRO,-,-,PRO,-,-,-,-,PRO,-,-,-,-,-,-,-
364,ASP,ASP,-,-,ASP,-,-,-,-,ASP,-,-,-,-,-,-,-
365,LEU,LEU,-,-,LEU,-,-,-,LEU,LEU,-,-,-,-,-,-,-
366,LYS,LYS,-,-,LYS,-,-,-,LYS,LYS,-,-,-,-,-,-,-
367,TYR,TYR,-,-,TYR,-,-,-,TYR,TYR,-,-,-,-,-,-,-
368,GLY,GLY,-,-,GLY,-,-,-,GLY,GLY,-,-,-,-,-,-,-
369,GLN,GLN,-,-,GLN,-,-,-,GLN,GLN,-,-,-,-,-,-,-
370,HIS,HIS,-,-,HIS,-,-,-,HIS,HIS,-,-,-,-,-,-,-
371,PRO,PRO,-,-,PRO,-,-,-,PRO,PRO,-,-,-,-,-,-,-
372,PRO,PRO,-,-,PRO,-,-,-,PRO,PRO,-,-,-,-,-,-,-
373,ASP,ASP,-,-,ASP,-,-,-,ASP,ASP,-,-,-,-,-,-,-
374,ALA,ALA,-,-,ALA,-,-,-,ALA,ALA,-,-,-,-,-,-,-
375,VAL,VAL,-,-,VAL,-,-,-,VAL,VAL,-,-,-,-,-,-,-
376,ASP,ASP,-,-,ASP,-,-,-,ASP,ASP,-,-,-,-,-,-,-
377,GLU,GLU,-,-,GLU,-,-,-,GLU,GLU,-,-,-,-,-,-,-
378,PRO,PRO,-,-,PRO,-,-,-,PRO,PRO,-,-,-,-,-,-,-
379,GLN,GLN,-,-,GLN,-,-,-,GLN,GLN,-,-,-,-,-,-,-
380,MET,MSE,-,-,MET,-,-,-,MET,MET,-,-,-,-,-,-,-
381,LEU,LEU,-,-,LEU,-,-,-,LEU,LEU,-,-,-,-,-,-,-
382,THR,THR,-,-,THR,-,-,-,THR,THR,-,-,-,-,-,-,-
383,ASN,ASN,-,-,ASN,-,-,-,ASN,ASN,-,-,-,-,-,-,-
384,GLU,GLU,-,-,GLU,-,-,-,GLU,GLU,-,-,-,-,-,-,-
385,LYS,LYS,-,-,LYS,-,-,-,LYS,LYS,-,-,-,-,-,-,-
386,LEU,LEU,-,-,LEU,-,-,-,LEU,LEU,-,-,-,-,-,-,-
387,SER,SER,-,-,SER,-,-,-,SER,SER,-,-,-,-,-,-,-
388,ILE,ILE,-,-,ILE,-,-,-,ILE,ILE,-,-,-,-,-,-,-
389,PHE,PHE,-,-,-,-,-,-,PHE,PHE,-,-,-,-,-,-,-
390,ASP,ASP,-,-,-,-,-,-,ASP,ASP,-,-,-,-,-,-,-
391,ALA,-,-,-,-,-,-,-,ALA,ALA,-,-,-,-,-,-,-
392,ASN,-,-,-,-,-,-,-,ASN,ASN,-,-,-,-,-,-,-
393,GLU,-,-,-,-,-,-,-,GLU,GLU,-,-,-,-,-,-,-
394,SER,-,-,-,-,-,-,-,SER,SER,-,-,-,-,-,-,-
395,GLY,-,-,-,-,-,-,-,GLY,GLY,-,-,-,-,-,-,-
396,PHE,-,-,-,-,-,-,-,PHE,PHE,-,-,-,-,-,-,-
397,GLU,-,-,-,-,-,-,-,GLU,GLU,-,-,-,-,-,-,-
398,SER,-,-,-,-,-,-,-,SER,SER,-,-,-,-,-,-,-
399,TYR,-,-,-,-,-,-,-,TYR,TYR,-,-,-,-,-,-,-
400,GLU,-,-,-,GLU,-,-,-,GLU,GLU,-,-,-,-,-,-,-
401,ALA,ALA,-,-,ALA,-,-,-,ALA,ALA,-,-,-,-,-,-,-
402,LEU,LEU,-,-,LEU,-,-,-,LEU,LEU,-,-,-,-,-,-,-
403,PRO,PRO,-,-,PRO,-,-,-,PRO,PRO,-,-,-,-,-,-,-
404,GLN,GLN,-,-,GLN,-,-,-,GLN,GLN,-,-,-,-,-,-,-
405,HIS,HIS,-,-,HIS,-,-,-,HIS,HIS,-,-,-,-,-,-,-
406,LYS,LYS,-,-,LYS,-,-,-,LYS,LYS,-,-,-,-,-,-,-
407,LEU,LEU,-,-,LEU,-,-,-,LEU,LEU,-,-,-,-,-,-,-
408,THR,THR,-,-,THR,-,-,-,THR,THR,-,-,-,-,-,-,-
409,CYS,CYS,-,-,CYS,-,-,-,CYS,CYS,-,-,-,-,-,-,-
410,PHE,PHE,-,-,PHE,-,-,-,PHE,PHE,-,-,-,-,-,-,-
411,SER,SER,-,-,SER,-,-,-,SER,SER,-,-,-,-,-,-,-
412,VAL,VAL,-,-,VAL,-,-,-,VAL,VAL,-,-,-,-,-,-,-
413,TYR,TYR,-,-,TYR,-,-,-,TYR,TYR,-,-,-,-,-,-,-
414,CYS,CYS,-,-,CYS,-,-,-,CYS,CYS,-,-,-,-,-,-,-
415,LYS,LYS,-,-,LYS,-,-,-,LYS,LYS,-,-,-,-,-,-,-
416,HIS,HIS,-,-,HIS,-,-,-,HIS,HIS,-,-,-,-,-,-,-
417,GLY,GLY,-,-,GLY,-,-,-,GLY,GLY,-,-,-,-,-,-,-
418,HIS,HIS,-,-,HIS,-,-,-,HIS,HIS,-,-,-,-,-,-,-
419,LEU,LEU,-,-,LEU,-,-,-,LEU,LEU,-,-,-,-,-,-,-
420,CYS,CYS,-,-,CYS,-,-,-,CYS,CYS,-,-,-,-,-,-,-
421,PRO,PRO,-,-,PRO,-,-,-,PRO,PRO,-,-,-,-,-,-,-
422,ILE,ILE,-,-,ILE,-,-,-,ILE,ILE,-,-,-,-,-,-,-
423,ASP,ASP,-,-,ASP,-,-,-,ASP,ASP,-,-,-,-,-,-,-
424,THR,THR,-,-,THR,-,-,-,THR,THR,-,-,-,-,-,-,-
425,GLY,GLY,-,-,GLY,-,-,-,GLY,GLY,-,-,-,-,-,-,-
426,LEU,LEU,-,-,LEU,-,-,-,LEU,LEU,-,-,-,-,-,-,-
427,ILE,ILE,-,-,ILE,-,-,-,ILE,ILE,-,-,-,-,-,-,-
428,GLU,GLU,-,-,GLU,-,-,-,GLU,GLU,-,-,-,-,-,-,-
429,LYS,LYS,-,-,LYS,-,-,-,LYS,LYS,-,-,-,-,-,-,-
430,ASN,ASN,-,-,ASN,-,-,-,ASN,ASN,-,-,-,-,-,-,-
431,ILE,ILE,-,-,ILE,-,-,-,ILE,ILE,-,-,-,-,-,-,-
432,GLU,GLU,-,-,GLU,-,-,-,GLU,GLU,-,-,-,-,-,-,-
433,LEU,LEU,-,-,LEU,-,-,-,LEU,LEU,-,-,-,-,-,-,-
434,PHE,PHE,-,-,PHE,-,-,-,PHE,PHE,-,-,-,-,-,-,-
435,PHE,PHE,-,-,PHE,-,-,-,PHE,PHE,-,-,-,-,-,-,-
436,SER,SER,-,-,SER,-,-,-,SER,SER,-,-,-,-,-,-,-
437,GLY,GLY,-,-,GLY,-,-,-,GLY,GLY,-,-,-,-,-,-,-
438,SER,SER,-,-,SER,-,-,-,SER,SER,-,-,-,-,-,-,-
439,ALA,ALA,-,-,ALA,-,-,-,ALA,ALA,-,-,-,-,-,-,-
440,LYS,LYS,-,-,LYS,-,-,-,LYS,LYS,-,-,-,-,-,-,-
441,PRO,PRO,-,-,PRO,-,-,-,PRO,PRO,-,-,-,-,-,-,-
442,ILE,ILE,-,-,ILE,-,-,-,ILE,ILE,-,-,-,-,-,-,-
443,TYR,TYR,-,-,TYR,-,-,-,TYR,TYR,-,-,-,-,-,-,-
444,ASP,ASP,-,-,ASP,-,-,-,ASP,ASP,-,-,-,-,-,-,-
445,ASP,ASP,-,-,ASP,-,-,-,ASP,ASP,-,-,-,-,-,-,-
446,ASP,ASP,-,-,ASP,-,-,-,ASP,ASP,-,-,-,-,-,-,-
447,PRO,PRO,-,-,PRO,-,-,-,PRO,PRO,-,-,-,-,-,-,-
448,SER,-,-,-,SER,-,-,-,SER,SER,-,-,-,-,-,-,-
449,LEU,-,-,-,LEU,-,-,-,LEU,LEU,-,-,-,-,-,-,-
450,GLU,GLU,-,-,GLU,-,-,-,GLU,GLU,-,-,-,-,-,-,-
451,GLY,GLY,-,-,GLY,-,-,-,GLY,GLY,-,-,-,-,-,-,-
452,GLY,GLY,-,-,GLY,-,-,-,GLY,GLY,-,-,-,-,-,-,-
453,VAL,VAL,-,-,VAL,-,-,-,VAL,VAL,-,-,-,-,-,-,-
454,ASN,ASN,-,-,ASN,-,-,-,ASN,ASN,-,-,-,-,-,-,-
455,GLY,GLY,-,-,GLY,-,-,-,GLY,GLY,-,-,-,-,-,-,-
456,LYS,LYS,-,-,LYS,-,-,-,LYS,LYS,-,-,-,-,-,-,-
457,ASN,ASN,-,-,ASN,-,-,-,ASN,ASN,-,-,-,-,-,-,-
458,LEU,LEU,-,-,LEU,-,-,-,LEU,LEU,-,-,-,-,-,-,-
459,GLY,GLY,-,-,GLY,-,-,-,GLY,GLY,-,-,-,-,-,-,-
460,PRO,PRO,-,-,PRO,-,-,-,PRO,PRO,-,-,-,-,-,-,-
461,ILE,ILE,-,-,ILE,-,-,-,ILE,ILE,-,-,-,-,-,-,-
462,ASN,ASN,-,-,ASN,-,-,-,ASN,ASN,-,-,-,-,-,-,-
463,GLU,GLU,-,-,GLU,-,-,-,GLU,GLU,-,-,-,-,-,-,-
464,TRP,TRP,-,-,TRP,-,-,-,TRP,TRP,-,-,-,-,-,-,-
465,TRP,TRP,-,-,TRP,-,-,-,TRP,TRP,-,-,-,-,-,-,-
466,ILE,ILE,-,-,ILE,-,-,-,ILE,ILE,-,-,-,-,-,-,-
467,THR,THR,-,-,THR,-,-,-,THR,THR,-,-,-,-,-,-,-
468,GLY,GLY,-,-,GLY,-,-,-,GLY,GLY,-,-,-,-,-,-,-
469,PHE,-,-,-,PHE,-,-,-,PHE,PHE,-,-,-,-,-,-,-
470,ASP,-,-,-,ASP,-,-,-,ASP,ASP,-,-,-,-,-,-,-
471,GLY,-,-,-,GLY,-,-,-,GLY,GLY,-,-,-,-,-,-,-
472,GLY,GLY,-,-,GLY,-,-,-,GLY,GLY,-,-,-,-,-,-,-
473,GLU,GLU,-,-,GLU,-,-,-,GLU,GLU,-,-,-,-,-,-,-
474,LYS,LYS,-,-,LYS,-,-,-,LYS,LYS,-,-,-,-,-,-,-
475,ALA,ALA,-,-,ALA,-,-,-,ALA,ALA,-,-,-,-,-,-,-
476,LEU,LEU,-,-,LEU,-,-,-,LEU,LEU,-,-,-,-,-,-,-
477,ILE,ILE,-,-,ILE,-,-,-,ILE,ILE,-,-,-,-,-,-,-
478,GLY,GLY,-,-,GLY,-,-,-,GLY,GLY,-,-,-,-,-,-,-
479,PHE,PHE,-,-,PHE,-,-,-,PHE,PHE,-,-,-,-,-,-,-
480,SER,SER,-,-,SER,-,-,-,SER,SER,-,-,-,-,-,-,-
481,THR,THR,-,-,THR,-,-,-,THR,THR,-,-,-,-,-,-,-
482,SER,SER,-,-,SER,-,-,-,SER,SER,-,-,-,-,-,-,-
483,PHE,PHE,-,-,PHE,-,-,-,PHE,PHE,-,-,-,-,-,-,-
484,ALA,ALA,-,-,ALA,-,-,-,ALA,ALA,-,-,-,-,-,-,-
485,GLU,GLU,-,-,GLU,-,-,-,GLU,GLU,-,-,-,-,-,-,-
486,TYR,TYR,-,-,TYR,-,-,-,TYR,TYR,-,-,-,-,-,-,-
487,ILE,ILE,-,-,ILE,-,-,-,ILE,ILE,-,-,-,-,-,-,-
488,LEU,LEU,-,-,LEU,-,-,-,LEU,LEU,-,-,-,-,-,-,-
489,MET,MSE,-,-,MET,-,-,-,MET,MET,-,-,-,-,-,-,-
490,ASP,ASP,-,-,ASP,-,-,-,ASP,ASP,-,-,-,-,-,-,-
491,PRO,PRO,-,-,PRO,-,-,-,PRO,PRO,-,-,-,-,-,-,-
492,SER,SER,-,-,SER,-,-,-,SER,SER,-,-,-,-,-,-,-
493,PRO,PRO,-,-,PRO,-,-,-,PRO,PRO,-,-,-,-,-,-,-
494,GLU,GLU,-,-,GLU,-,-,-,GLU,GLU,-,-,-,-,-,-,-
495,TYR,TYR,-,-,TYR,-,-,-,TYR,TYR,-,-,-,-,-,-,-
496,ALA,ALA,-,-,ALA,-,-,-,ALA,ALA,-,-,-,-,-,-,-
497,PRO,PRO,-,-,PRO,-,-,-,PRO,PRO,-,-,-,-,-,-,-
498,ILE,ILE,-,-,ILE,-,-,-,ILE,ILE,-,-,-,-,-,-,-
499,PHE,PHE,-,-,PHE,-,-,-,PHE,PHE,-,-,-,-,-,-,-
500,GLY,GLY,-,-,GLY,-,-,-,GLY,GLY,-,-,-,-,-,-,-
501,LEU,LEU,-,-,LEU,-,-,-,LEU,LEU,-,-,-,-,-,-,-
502,MET,MSE,-,-,MET,-,-,-,MET,MET,-,-,-,-,-,-,-
503,GLN,GLN,-,-,GLN,-,-,-,GLN,GLN,-,-,-,-,-,-,-
504,GLU,GLU,-,-,GLU,-,-,-,GLU,GLU,-,-,-,-,-,-,-
505,LYS,LYS,-,-,LYS,-,-,-,LYS,LYS,-,-,-,-,-,-,-
506,ILE,ILE,-,-,ILE,-,-,-,ILE,ILE,-,-,-,-,-,-,-
507,TYR,TYR,-,-,TYR,-,-,-,TYR,TYR,-,-,-,-,-,-,-
508,ILE,ILE,-,-,ILE,-,-,-,ILE,ILE,-,-,-,-,-,-,-
509,SER,SER,-,-,SER,-,-,-,SER,SER,-,-,-,-,-,-,-
510,LYS,LYS,-,-,LYS,-,-,-,LYS,LYS,-,-,-,-,-,-,-
511,ILE,ILE,-,-,ILE,-,-,-,ILE,ILE,-,-,-,-,-,-,-
512,VAL,VAL,-,-,VAL,-,-,-,VAL,VAL,-,-,-,-,-,-,-
513,VAL,VAL,-,-,VAL,-,-,-,VAL,VAL,-,-,-,-,-,-,-
514,GLU,GLU,-,-,GLU,-,-,-,GLU,GLU,-,-,-,-,-,-,-
515,PHE,PHE,-,-,PHE,-,-,-,PHE,PHE,-,-,-,-,-,-,-
516,LEU,LEU,-,-,LEU,-,-,-,LEU,LEU,-,-,-,-,-,-,-
517,GLN,GLN,-,-,GLN,-,-,-,GLN,GLN,-,-,-,-,-,-,-
518,SER,SER,-,-,SER,-,-,-,SER,SER,-,-,-,-,-,-,-
519,ASN,ASN,-,-,ASN,-,-,-,ASN,ASN,-,-,-,-,-,-,-
520,SER,SER,-,-,SER,-,-,-,SER,SER,-,-,-,-,-,-,-
521,ASP,ASP,-,-,ASP,-,-,-,ASP,ASP,-,-,-,-,-,-,-
522,SER,SER,-,-,SER,-,-,-,SER,SER,-,-,-,-,-,-,-
523,THR,THR,-,-,THR,-,-,-,THR,THR,-,-,-,-,-,-,-
524,TYR,TYR,-,-,TYR,-,-,-,TYR,TYR,-,-,-,-,-,-,-
525,GLU,GLU,-,-,GLU,-,-,-,GLU,GLU,-,-,-,-,-,-,-
526,ASP,ASP,-,-,ASP,-,-,-,ASP,ASP,-,-,-,-,-,-,-
527,LEU,LEU,-,-,LEU,-,-,-,LEU,LEU,-,-,-,-,-,-,-
528,ILE,ILE,-,-,ILE,-,-,-,ILE,ILE,-,-,-,-,-,-,-
529,ASN,ASN,-,-,ASN,-,-,-,ASN,ASN,-,-,-,-,-,-,-
530,LYS,LYS,-,-,LYS,-,-,-,LYS,LYS,-,-,-,-,-,-,-
531,ILE,ILE,-,-,ILE,-,-,-,ILE,ILE,-,-,-,-,-,-,-
532,GLU,GLU,-,-,GLU,-,-,-,GLU,GLU,-,-,-,-,-,-,-
533,THR,THR,-,-,THR,-,-,-,THR,THR,-,-,-,-,-,-,-
534,THR,THR,-,-,THR,-,-,-,THR,THR,-,-,-,-,-,-,-
535,VAL,VAL,-,-,VAL,-,-,-,VAL,VAL,-,-,-,-,-,-,-
536,PRO,PRO,-,-,PRO,-,-,-,PRO,PRO,-,-,-,-,-,-,-
537,PRO,PRO,-,-,PRO,-,-,-,PRO,PRO,-,-,-,-,-,-,-
538,SER,SER,-,-,SER,-,-,-,SER,SER,-,-,-,-,-,-,-
539,GLY,GLY,-,-,GLY,-,-,-,GLY,GLY,-,-,-,-,-,-,-
540,LEU,LEU,-,-,LEU,-,-,-,LEU,LEU,-,-,-,-,-,-,-
541,ASN,ASN,-,-,ASN,-,-,-,ASN,ASN,-,-,-,-,-,-,-
542,LEU,LEU,-,-,LEU,-,-,-,LEU,LEU,-,-,-,-,-,-,-
543,ASN,ASN,-,-,ASN,-,-,-,ASN,ASN,-,-,-,-,-,-,-
544,ARG,ARG,-,-,ARG,-,-,-,ARG,ARG,-,-,-,-,-,-,-
545,PHE,PHE,-,-,PHE,-,-,-,PHE,PHE,-,-,-,-,-,-,-
546,THR,THR,-,-,THR,-,-,-,THR,THR,-,-,-,-,-,-,-
547,GLU,GLU,-,-,GLU,-,-,-,GLU,GLU,-,-,-,-,-,-,-
548,ASP,ASP,-,-,ASP,-,-,-,ASP,ASP,-,-,-,-,-,-,-
549,SER,SER,-,-,SER,-,-,-,SER,SER,-,-,-,-,-,-,-
550,LEU,LEU,-,-,LEU,-,-,-,LEU,LEU,-,-,-,-,-,-,-
551,LEU,LEU,-,-,LEU,-,-,-,LEU,LEU,-,-,-,-,-,-,-
552,ARG,ARG,-,-,ARG,-,-,-,ARG,ARG,-,-,-,-,-,-,-
553,HIS,HIS,-,-,HIS,-,-,-,HIS,HIS,-,-,-,-,-,-,-
554,ALA,ALA,-,-,ALA,-,-,-,ALA,ALA,-,-,-,-,-,-,-
555,GLN,GLN,-,-,GLN,GLY,GLY,GLY,GLN,GLN,-,-,-,-,-,-,-
556,PHE,PHE,-,-,PHE,PRO,PRO,PRO,PHE,PHE,-,-,-,-,-,-,-
557,VAL,VAL,-,-,VAL,LEU,LEU,LEU,VAL,VAL,-,-,-,-,-,-,-
558,VAL,VAL,-,-,VAL,GLY,GLY,GLY,VAL,VAL,-,-,-,-,-,-,-
559,GLU,GLU,-,-,GLU,SER,SER,SER,GLU,GLU,-,-,-,-,-,-,-
560,GLN,GLN,-,-,GLN,GLU,GLU,GLU,GLN,GLN,-,-,-,-,-,-,-
561,VAL,VAL,-,-,VAL,ALA,ALA,ALA,VAL,VAL,-,-,-,-,-,-,-
562,GLU,GLU,-,-,GLU,HIS,HIS,HIS,GLU,GLU,-,-,-,-,-,-,-
563,SER,SER,-,-,SER,LEU,LEU,LEU,SER,SER,-,-,-,-,-,-,-
564,TYR,TYR,-,-,TYR,TYR,TYR,TYR,TYR,TYR,-,-,-,-,-,-,-
565,ASP,ASP,-,-,ASP,MET,MET,MET,ASP,ASP,-,-,-,-,-,-,-
566,GLU,GLU,-,-,GLU,GLN,GLN,GLN,GLU,GLU,-,-,-,-,-,-,-
567,ALA,ALA,-,-,ALA,VAL,VAL,VAL,ALA,ALA,-,-,-,-,-,-,-
568,GLY,GLY,-,-,GLY,GLN,GLN,GLN,GLY,GLY,-,-,-,-,-,-,-
569,ASP,ASP,-,-,ASP,ILE,ILE,ILE,ASP,ASP,-,-,-,-,-,-,-
570,SER,-,-,-,SER,VAL,VAL,VAL,SER,SER,-,-,-,-,-,-,-
571,ASP,-,-,-,ASP,ALA,ALA,ALA,ASP,ASP,-,-,-,-,-,-,-
572,GLU,-,-,-,GLU,GLU,GLU,GLU,GLU,GLU,-,-,-,-,-,-,-
573,GLN,GLN,-,-,GLN,ASP,ASP,ASP,GLN,GLN,-,-,-,-,-,-,-
574,PRO,PRO,-,-,PRO,GLN,GLN,GLN,PRO,PRO,-,-,-,-,-,-,-
575,ILE,ILE,-,-,ILE,PHE,PHE,PHE,ILE,ILE,-,-,-,-,-,-,-
576,PHE,PHE,-,-,PHE,CYS,CYS,CYS,PHE,PHE,-,-,-,-,-,-,-
577,LEU,LEU,-,-,LEU,GLY,GLY,GLY,LEU,LEU,-,-,-,-,-,-,-
578,THR,THR,-,-,THR,HIS,HIS,HIS,THR,THR,-,-,-,-,-,-,-
579,PRO,PRO,-,-,PRO,GLN,GLN,GLN,PRO,PRO,-,-,-,-,-,-,-
580,CYS,CYS,-,-,CYS,GLY,GLY,GLY,CYS,CYS,-,-,-,-,-,-,-
581,MET,MSE,-,-,MET,ASN,ASN,ASN,MET,MET,-,-,-,-,-,-,-
582,ARG,ARG,-,-,ARG,ASP,ASP,ASP,ARG,ARG,-,-,-,-,-,-,-
583,ASP,ASP,-,-,ASP,MET,MET,MET,ASP,ASP,-,-,-,-,-,-,-
584,LEU,LEU,-,-,LEU,TYR,TYR,TYR,LEU,LEU,-,-,-,-,-,-,-
585,ILE,ILE,-,-,ILE,ASP,ASP,ASP,ILE,ILE,-,-,-,-,-,-,-
586,LYS,LYS,-,-,LYS,GLU,GLU,GLU,LYS,LYS,-,-,-,-,-,-,-
587,LEU,LEU,-,-,LEU,GLU,GLU,GLU,LEU,LEU,-,-,-,-,-,-,-
588,ALA,ALA,-,-,ALA,LYS,LYS,LYS,ALA,ALA,-,-,-,-,-,-,-
589,GLY,GLY,-,-,GLY,VAL,VAL,VAL,GLY,GLY,-,-,-,-,-,-,-
590,VAL,VAL,-,-,VAL,LYS,LYS,LYS,VAL,VAL,-,-,-,-,-,-,-
591,THR,THR,-,-,THR,TYR,TYR,TYR,THR,THR,-,-,-,-,-,-,-
592,LEU,LEU,-,-,LEU,THR,THR,THR,-,LEU,-,-,-,-,-,-,-
593,GLY,GLY,-,-,GLY,VAL,VAL,VAL,-,GLY,-,-,-,-,-,-,-
594,GLN,GLN,-,-,GLN,PHE,PHE,PHE,-,GLN,-,-,-,-,-,-,-
595,ARG,ARG,-,-,ARG,LYS,LYS,LYS,-,ARG,-,-,-,-,-,-,-
596,ARG,ARG,-,-,ARG,VAL,VAL,VAL,-,ARG,-,-,-,-,-,-,-
597,ALA,ALA,-,-,ALA,LEU,LEU,LEU,-,ALA,-,-,-,-,-,-,-
598,GLN,GLN,-,-,GLN,LYS,LYS,LYS,-,GLN,-,-,-,-,-,-,-
599,ALA,ALA,-,-,ALA,ASN,ASN,ASN,-,ALA,-,-,-,-,-,-,-
600,ARG,-,-,-,ARG,SER,SER,SER,-,-,-,-,-,-,-,-,-
601,ARG,-,-,ARG,ARG,SER,SER,SER,-,-,-,-,-,-,-,-,-
602,GLN,-,-,GLN,GLN,LEU,LEU,LEU,-,-,-,-,-,-,-,-,-
603,THR,-,-,THR,-,ALA,ALA,ALA,-,-,-,-,-,-,-,-,-
604,ILE,-,-,ILE,-,GLU,GLU,GLU,-,-,-,-,-,-,-,-,-
605,ARG,-,-,ARG,-,PHE,PHE,PHE,-,-,-,-,-,-,-,-,-
606,HIS,-,-,HIS,-,VAL,VAL,VAL,-,-,-,-,-,-,-,-,-
607,SER,-,-,SER,-,GLN,GLN,GLN,-,-,-,-,-,-,-,-,-
608,THR,-,-,THR,-,SER,SER,SER,-,-,-,-,-,-,-,-,-
609,ARG,-,-,ARG,-,LEU,LEU,LEU,-,-,-,-,-,-,-,-,-
610,GLU,-,-,GLU,-,SER,SER,SER,-,-,-,-,-,-,-,-,-
611,LYS,-,-,-,-,GLN,GLN,GLN,-,-,-,-,-,-,-,-,-
612,ASP,-,-,-,-,THR,THR,THR,-,-,-,-,-,-,-,-,-
613,ARG,-,-,-,-,MET,MET,MET,-,-,-,-,-,-,-,-,-
614,GLY,-,-,-,-,GLY,GLY,GLY,-,-,-,-,-,-,-,-,-
615,PRO,-,-,PRO,PRO,PHE,PHE,PHE,-,-,-,-,-,-,-,-,-
616,THR,-,-,THR,THR,PRO,PRO,PRO,-,-,-,-,-,-,-,-,-
617,LYS,-,-,LYS,LYS,GLN,GLN,GLN,-,-,-,-,-,-,-,-,-
618,ALA,-,-,ALA,ALA,ASP,ASP,ASP,-,-,-,-,-,-,-,-,-
619,THR,-,-,THR,THR,GLN,GLN,GLN,-,-,-,-,-,-,-,-,-
620,THR,-,-,THR,THR,ILE,ILE,ILE,-,-,-,-,-,-,-,-,-
621,THR,-,-,THR,THR,ARG,ARG,ARG,-,-,-,-,-,-,-,-,-
622,LYS,-,-,LYS,LYS,LEU,LEU,LEU,-,-,-,-,-,-,-,-,-
623,LEU,-,-,LEU,LEU,TRP,TRP,TRP,-,-,-,-,-,-,-,-,-
624,VAL,-,-,VAL,VAL,PRO,PRO,PRO,-,-,-,-,-,-,-,-,-
625,TYR,-,-,TYR,TYR,MET,MET,MET,-,-,-,-,-,-,-,-,-
626,GLN,-,-,GLN,GLN,GLN,GLN,GLN,-,-,-,-,-,-,-,-,-
627,ILE,-,-,ILE,ILE,ALA,ALA,ALA,-,-,-,-,-,-,-,-,-
628,PHE,-,-,PHE,PHE,ARG,ARG,ARG,-,-,-,-,-,-,-,-,-
629,ASP,-,-,ASP,ASP,SER,SER,SER,-,-,-,-,-,-,-,-,-
630,THR,-,-,THR,THR,ASN,ASN,ASN,-,-,-,-,-,-,-,-,-
631,PHE,-,-,PHE,PHE,GLY,GLY,GLY,-,-,-,-,-,-,-,-,-
632,PHE,-,-,PHE,PHE,THR,THR,THR,-,-,-,-,-,-,-,-,-
633,ALA,-,-,ALA,ALA,LYS,LYS,LYS,-,-,-,-,-,-,-,-,-
634,GLU,-,-,GLU,GLU,ARG,ARG,ARG,-,-,-,-,-,-,-,-,-
635,GLN,-,-,GLN,GLN,PRO,PRO,PRO,-,-,-,-,-,-,-,-,-
636,ILE,-,-,ILE,ILE,ALA,ALA,ALA,-,-,-,-,-,-,-,-,-
637,GLU,-,-,-,GLU,MET,MET,MET,-,-,-,-,-,-,-,-,-
638,LYS,-,-,-,LYS,LEU,LEU,LEU,-,-,-,-,-,-,-,-,-
639,ASP,-,-,-,-,ASP,ASP,ASP,-,-,-,-,-,-,-,-,-
640,ASP,-,-,-,-,ASN,ASN,ASN,-,-,-,-,-,-,-,-,-
641,ARG,-,-,-,-,GLU,GLU,GLU,-,-,-,-,-,-,-,-,-
642,GLU,-,-,-,-,ALA,ALA,ALA,-,-,-,-,-,-,-,-,-
643,ASP,-,-,-,-,ASP,ASP,ASP,-,-,-,-,-,-,-,-,-
644,LYS,-,-,-,-,GLY,GLY,GLY,-,-,-,-,-,-,-,-,-
645,GLU,-,-,-,-,ASN,ASN,ASN,-,-,-,-,-,-,-,-,-
646,ASN,-,-,ASN,-,LYS,LYS,LYS,-,-,-,-,-,-,-,-,-
647,ALA,-,ALA,ALA,-,THR,THR,THR,-,-,-,-,-,-,-,-,-
648,PHE,-,PHE,PHE,-,MET,MET,MET,-,-,-,-,-,-,-,-,-
649,LYS,-,LYS,LYS,LYS,ILE,ILE,ILE,-,-,-,-,-,-,-,-,-
650,ARG,-,ARG,ARG,ARG,GLU,GLU,GLU,-,-,-,-,-,-,-,-,-
651,ARG,-,ARG,ARG,ARG,LEU,LEU,LEU,-,-,-,-,-,-,-,-,-
652,ARG,-,ARG,ARG,ARG,SER,SER,SER,-,-,-,-,-,-,-,-,-
653,CYS,-,CYS,CYS,CYS,ASP,ASP,ASP,-,-,-,-,-,-,-,-,-
654,GLY,-,GLY,GLY,GLY,ASN,ASN,ASN,-,-,-,-,-,-,-,-,-
655,VAL,-,VAL,VAL,VAL,GLU,GLU,GLU,-,-,-,-,-,-,-,-,-
656,CYS,-,CYS,CYS,CYS,ASN,ASN,ASN,-,-,-,-,-,-,-,-,-
657,GLU,-,GLU,GLU,GLU,PRO,PRO,PRO,-,-,-,-,-,-,-,-,-
658,VAL,-,VAL,VAL,VAL,TRP,TRP,TRP,-,-,-,-,-,-,-,-,-
659,CYS,-,CYS,CYS,CYS,THR,THR,THR,-,-,-,-,-,-,-,-,-
660,GLN,-,GLN,GLN,GLN,ILE,ILE,ILE,-,-,-,-,-,-,-,-,-
661,GLN,-,GLN,GLN,GLN,PHE,PHE,PHE,-,-,-,-,-,-,-,-,-
662,PRO,-,PRO,PRO,PRO,LEU,LEU,LEU,-,-,-,-,-,-,-,-,-
663,GLU,-,GLU,GLU,GLU,GLU,GLU,GLU,-,-,-,-,-,-,-,-,-
664,CYS,-,CYS,CYS,CYS,THR,THR,THR,-,-,-,-,-,-,-,-,-
665,GLY,-,GLY,GLY,GLY,VAL,VAL,VAL,-,-,-,-,-,-,-,-,-
666,LYS,-,LYS,LYS,LYS,ASP,ASP,ASP,-,-,-,-,-,-,-,-,-
667,CYS,-,CYS,CYS,CYS,PRO,PRO,PRO,-,-,-,-,-,-,-,-,-
668,LYS,-,LYS,LYS,LYS,GLU,GLU,GLU,-,-,-,-,-,-,-,-,-
669,ALA,-,ALA,ALA,ALA,LEU,LEU,LEU,-,-,-,-,-,-,-,-,-
670,CYS,-,CYS,CYS,CYS,ALA,ALA,ALA,-,-,-,-,-,-,-,-,-
671,LYS,-,LYS,LYS,LYS,ALA,ALA,ALA,-,-,-,-,-,-,-,-,-
672,ASP,-,ASP,ASP,ASP,SER,SER,SER,-,-,-,-,-,-,-,-,-
673,MET,-,MET,MET,MET,GLY,GLY,GLY,-,-,-,-,-,-,-,-,-
674,VAL,-,VAL,VAL,VAL,ALA,ALA,ALA,-,-,-,-,-,-,-,-,-
675,LYS,-,LYS,LYS,LYS,THR,THR,THR,-,-,-,-,-,-,-,-,-
676,PHE,-,PHE,PHE,PHE,LEU,LEU,LEU,-,-,-,-,-,-,-,-,-
677,GLY,-,GLY,GLY,GLY,PRO,PRO,PRO,-,-,-,-,-,-,-,-,-
678,GLY,-,GLY,GLY,GLY,LYS,LYS,LYS,-,-,-,-,-,-,-,-,-
679,SER,-,SER,SER,SER,PHE,PHE,PHE,-,-,-,-,-,-,-,-,-
680,GLY,-,GLY,GLY,GLY,ASP,ASP,ASP,-,-,-,-,-,-,-,-,-
681,ARG,-,ARG,ARG,ARG,LYS,LYS,LYS,-,-,-,-,-,-,-,-,-
682,SER,-,SER,SER,SER,ASP,ASP,ASP,-,-,-,-,-,-,-,-,-
683,LYS,-,LYS,LYS,LYS,HIS,HIS,HIS,-,-,-,-,-,-,-,-,-
684,GLN,-,GLN,GLN,GLN,ASP,ASP,ASP,-,-,-,-,-,-,-,-,-
685,ALA,-,ALA,ALA,ALA,VAL,VAL,VAL,-,-,-,-,-,-,-,-,-
686,CYS,-,CYS,CYS,CYS,MET,MET,MET,-,-,-,-,-,-,-,-,-
687,GLN,-,GLN,GLN,GLN,LEU,LEU,LEU,-,-,-,-,-,-,-,-,-
688,GLU,-,GLU,GLU,GLU,PHE,PHE,PHE,-,-,-,-,-,-,-,-,-
689,ARG,-,ARG,ARG,ARG,LEU,LEU,LEU,-,-,-,-,-,-,-,-,-
690,ARG,-,ARG,ARG,ARG,LYS,LYS,LYS,-,-,-,-,-,-,-,-,-
691,CYS,-,CYS,CYS,CYS,MET,MET,MET,-,-,-,-,-,-,-,-,-
692,PRO,-,PRO,PRO,PRO,TYR,TYR,TYR,-,-,-,-,-,-,-,-,-
693,ASN,-,ASN,ASN,ASN,ASP,ASP,ASP,-,-,-,-,-,-,-,-,-
694,MET,-,MET,MET,MET,PRO,PRO,PRO,-,-,-,-,-,-,-,-,-
695,ALA,-,ALA,ALA,ALA,LYS,LYS,LYS,-,-,-,-,-,-,-,-,-
696,MET,-,MET,MET,MET,THR,THR,THR,-,-,-,-,-,-,-,-,-
697,LYS,-,LYS,LYS,LYS,ARG,ARG,ARG,-,-,-,-,-,-,-,-,-
698,GLU,-,GLU,GLU,GLU,SER,SER,SER,-,-,-,-,-,-,-,-,-
699,ALA,-,ALA,ALA,ALA,LEU,LEU,LEU,-,-,-,-,-,-,-,-,-
700,ASP,-,ASP,ASP,ASP,ASN,ASN,ASN,-,-,-,-,-,-,-,-,-
701,ASP,-,ASP,ASP,ASP,TYR,TYR,TYR,-,-,-,-,-,-,-,-,-
702,ASP,-,ASP,ASP,ASP,CYS,CYS,CYS,-,-,-,-,-,-,-,-,-
703,GLU,-,GLU,GLU,GLU,GLY,GLY,GLY,-,-,-,-,-,-,-,-,-
704,GLU,-,GLU,GLU,GLU,HIS,HIS,HIS,-,-,-,-,-,-,-,-,-
705,VAL,-,VAL,VAL,VAL,ILE,ILE,ILE,-,-,-,-,-,-,-,-,-
706,ASP,-,ASP,ASP,ASP,TYR,TYR,TYR,-,-,-,-,-,-,-,-,-
707,ASP,-,ASP,ASP,ASP,THR,THR,THR,-,-,-,-,-,-,-,-,-
708,ASN,-,ASN,ASN,ASN,PRO,PRO,PRO,-,-,-,-,-,-,-,-,-
709,ILE,-,ILE,ILE,ILE,ILE,ILE,ILE,-,-,-,-,-,-,-,-,-
710,PRO,-,PRO,PRO,PRO,SER,SER,SER,-,-,-,-,-,-,-,-,-
711,GLU,-,GLU,GLU,GLU,CYS,CYS,CYS,-,-,-,-,-,-,-,-,-
712,MET,-,MET,MET,MET,LYS,LYS,LYS,-,-,-,-,-,-,-,-,-
713,PRO,-,PRO,PRO,PRO,ILE,ILE,ILE,-,-,-,-,-,-,-,-,-
714,SER,-,SER,SER,SER,ARG,ARG,ARG,-,-,-,-,-,-,-,-,-
715,PRO,-,PRO,PRO,PRO,ASP,ASP,ASP,-,-,-,-,-,-,-,-,-
716,LYS,-,LYS,LYS,LYS,LEU,LEU,LEU,-,-,-,-,-,-,-,-,-
717,LYS,-,LYS,LYS,LYS,LEU,LEU,LEU,-,-,-,-,-,-,-,-,-
718,MET,-,MET,MET,MET,PRO,PRO,PRO,-,-,-,-,-,-,-,-,-
719,HIS,-,HIS,HIS,HIS,VAL,VAL,VAL,-,-,-,-,-,-,-,-,-
720,GLN,-,GLN,GLN,GLN,MET,MET,MET,-,-,-,-,-,-,-,-,-
721,GLY,-,GLY,GLY,GLY,CYS,CYS,CYS,-,-,-,-,-,-,-,-,-
722,LYS,-,LYS,LYS,LYS,ASP,ASP,ASP,-,-,-,-,-,-,-,-,-
723,LYS,-,LYS,LYS,LYS,ARG,ARG,ARG,-,-,-,-,-,-,-,-,-
724,LYS,-,LYS,LYS,LYS,ALA,ALA,ALA,-,-,-,-,-,-,-,-,-
725,LYS,-,LYS,LYS,LYS,GLY,GLY,GLY,-,-,-,-,-,-,-,-,-
726,GLN,-,GLN,GLN,GLN,PHE,PHE,PHE,-,-,-,-,-,-,-,-,-
727,ASN,-,ASN,ASN,ASN,ILE,ILE,ILE,-,-,-,-,-,-,-,-,-
728,LYS,-,LYS,LYS,LYS,GLN,GLN,GLN,-,-,-,-,-,-,-,-,-
729,ASN,-,ASN,ASN,ASN,ASP,ASP,ASP,-,-,-,-,-,-,-,-,-
730,ARG,-,ARG,ARG,ARG,THR,THR,THR,-,-,-,-,ARG,ARG,ARG,ARG,ARG
731,ILE,-,ILE,ILE,ILE,SER,SER,SER,-,-,-,-,ILE,ILE,ILE,ILE,ILE
732,SER,-,SER,SER,SER,LEU,LEU,LEU,-,-,-,-,SER,SER,SER,SER,SER
733,TRP,-,TRP,TRP,TRP,ILE,ILE,ILE,-,-,-,-,TRP,TRP,TRP,TRP,TRP
734,VAL,-,VAL,VAL,VAL,LEU,LEU,LEU,-,-,-,-,VAL,VAL,VAL,VAL,VAL
735,GLY,-,GLY,GLY,GLY,TYR,TYR,TYR,-,-,-,-,GLY,GLY,GLY,GLY,GLY
736,GLU,-,GLU,GLU,GLU,GLU,GLU,GLU,-,-,-,-,GLU,GLU,GLU,GLU,GLU
737,ALA,-,ALA,ALA,ALA,GLU,GLU,GLU,-,-,-,-,ALA,ALA,ALA,ALA,ALA
738,VAL,-,VAL,VAL,VAL,VAL,VAL,VAL,-,-,-,-,VAL,VAL,VAL,VAL,VAL
739,LYS,-,LYS,LYS,LYS,LYS,LYS,LYS,-,-,-,-,LYS,LYS,LYS,LYS,LYS
740,THR,-,THR,THR,THR,PRO,PRO,PRO,-,-,-,-,THR,THR,THR,THR,THR
741,ASP,-,ASP,ASP,ASP,ASN,ASN,ASN,-,-,-,-,ASP,ASP,ASP,ASP,ASP
742,GLY,-,GLY,GLY,GLY,LEU,LEU,LEU,-,-,-,-,GLY,GLY,GLY,GLY,GLY
743,LYS,-,LYS,LYS,LYS,THR,THR,THR,-,-,-,-,LYS,LYS,LYS,LYS,LYS
744,LYS,-,LYS,LYS,LYS,GLU,GLU,GLU,-,-,-,-,LYS,LYS,LYS,LYS,LYS
745,SER,-,SER,SER,SER,ARG,ARG,ARG,-,-,-,-,SER,SER,SER,SER,SER
746,TYR,-,TYR,TYR,TYR,ILE,ILE,ILE,-,-,-,-,TYR,TYR,TYR,TYR,TYR
747,TYR,-,TYR,TYR,TYR,GLN,GLN,GLN,-,-,-,-,TYR,TYR,TYR,TYR,TYR
748,LYS,-,LYS,LYS,LYS,ASP,ASP,ASP,-,-,-,-,LYS,LYS,LYS,LYS,LYS
749,LYS,-,LYS,LYS,LYS,TYR,TYR,TYR,-,-,-,-,LYS,LYS,LYS,LYS,LYS
750,VAL,-,VAL,VAL,VAL,ASP,ASP,ASP,-,-,-,-,VAL,VAL,VAL,VAL,VAL
751,CYS,-,CYS,CYS,CYS,VAL,VAL,VAL,-,-,-,-,CYS,CYS,CYS,CYS,CYS
752,ILE,-,ILE,ILE,ILE,SER,SER,SER,-,-,-,-,ILE,ILE,ILE,ILE,ILE
753,ASP,-,ASP,ASP,ASP,LEU,LEU,LEU,-,-,-,-,ASP,ASP,ASP,ASP,ASP
754,ALA,-,ALA,ALA,ALA,ASP,ASP,ASP,-,-,-,-,ALA,ALA,ALA,ALA,ALA
755,GLU,-,GLU,GLU,GLU,LYS,LYS,LYS,-,-,-,-,GLU,GLU,GLU,GLU,GLU
756,THR,-,THR,THR,THR,ALA,ALA,ALA,-,-,-,-,THR,THR,THR,THR,THR
757,LEU,-,LEU,LEU,LEU,LEU,LEU,LEU,-,-,-,-,LEU,LEU,LEU,LEU,LEU
758,GLU,-,GLU,GLU,GLU,ASP,ASP,ASP,-,-,-,-,GLU,GLU,GLU,GLU,GLU
759,VAL,-,VAL,VAL,VAL,GLU,GLU,GLU,-,-,-,-,VAL,VAL,VAL,VAL,VAL
760,GLY,-,GLY,GLY,GLY,LEU,LEU,LEU,-,-,-,-,GLY,GLY,GLY,GLY,GLY
761,ASP,-,ASP,ASP,ASP,MET,MET,MET,-,-,-,-,ASP,ASP,ASP,ASP,ASP
762,CYS,-,CYS,CYS,CYS,ASP,ASP,ASP,-,-,-,-,CYS,CYS,CYS,CYS,CYS
763,VAL,-,VAL,VAL,VAL,GLY,GLY,GLY,-,-,-,-,VAL,VAL,VAL,VAL,VAL
764,SER,-,SER,SER,SER,ASP,ASP,ASP,-,-,-,-,SER,SER,SER,SER,SER
765,VAL,-,VAL,VAL,VAL,ILE,ILE,ILE,-,-,-,-,VAL,VAL,VAL,VAL,VAL
766,ILE,-,ILE,ILE,ILE,ILE,ILE,ILE,-,-,-,-,ILE,ILE,ILE,ILE,ILE
767,PRO,-,PRO,PRO,PRO,VAL,VAL,VAL,-,-,-,-,PRO,PRO,PRO,PRO,PRO
768,ASP,-,ASP,ASP,ASP,PHE,PHE,PHE,-,-,-,-,ASP,ASP,ASP,ASP,ASP
769,ASP,-,ASP,ASP,ASP,GLN,GLN,GLN,-,-,-,-,ASP,ASP,ASP,ASP,ASP
770,SER,-,SER,SER,SER,LYS,LYS,LYS,-,-,-,-,SER,SER,SER,SER,SER
771,SER,-,SER,SER,SER,ASP,ASP,ASP,-,-,-,-,SER,SER,SER,SER,SER
772,LYS,-,LYS,LYS,LYS,ASP,ASP,ASP,-,-,-,-,LYS,LYS,LYS,LYS,LYS
773,PRO,-,PRO,PRO,PRO,PRO,PRO,PRO,-,-,-,-,PRO,PRO,PRO,PRO,PRO
774,LEU,-,LEU,LEU,LEU,GLU,GLU,GLU,-,-,-,-,LEU,LEU,LEU,LEU,LEU
775,TYR,-,TYR,TYR,TYR,ASN,ASN,ASN,-,-,-,-,TYR,TYR,TYR,TYR,TYR
776,LEU,-,LEU,LEU,LEU,ASP,ASP,ASP,-,-,-,-,LEU,LEU,LEU,LEU,LEU
777,ALA,-,ALA,ALA,ALA,ASN,ASN,ASN,-,-,-,-,ALA,ALA,ALA,ALA,ALA
778,ARG,-,ARG,ARG,ARG,SER,SER,SER,-,-,-,-,ARG,ARG,ARG,ARG,ARG
779,VAL,-,VAL,VAL,VAL,GLU,GLU,GLU,-,-,-,-,VAL,VAL,VAL,VAL,VAL
780,THR,-,THR,THR,THR,LEU,LEU,LEU,-,-,-,-,THR,THR,THR,THR,THR
781,ALA,-,ALA,ALA,ALA,PRO,PRO,PRO,-,-,-,-,ALA,ALA,ALA,ALA,ALA
782,LEU,-,LEU,LEU,LEU,THR,THR,THR,-,-,-,-,LEU,LEU,LEU,LEU,LEU
783,TRP,-,TRP,TRP,TRP,ALA,ALA,ALA,-,-,-,-,TRP,TRP,TRP,TRP,TRP
784,GLU,-,GLU,GLU,GLU,LYS,LYS,LYS,-,-,-,-,GLU,GLU,GLU,GLU,GLU
785,ASP,-,ASP,ASP,ASP,GLU,GLU,GLU,-,-,-,-,ASP,ASP,ASP,ASP,ASP
786,SER,-,SER,SER,SER,TYR,TYR,TYR,-,-,-,-,SER,SER,SER,SER,SER
787,SER,-,SER,SER,SER,PHE,PHE,PHE,-,-,-,-,SER,SER,SER,SER,SER
788,ASN,-,ASN,ASN,ASN,ARG,ARG,ARG,-,-,-,-,ASN,ASN,ASN,ASN,ASN
789,GLY,-,GLY,GLY,GLY,ASP,ASP,ASP,-,-,-,-,GLY,GLY,GLY,GLY,GLY
790,GLN,-,GLN,GLN,GLN,LEU,LEU,LEU,-,-,-,-,GLN,GLN,GLN,GLN,GLN
791,MET,-,MET,MET,MET,TYR,TYR,TYR,-,-,-,-,MET,MET,MET,MET,MET
792,PHE,-,PHE,PHE,PHE,HIS,HIS,HIS,-,-,-,-,PHE,PHE,PHE,PHE,PHE
793,HIS,-,HIS,HIS,HIS,ARG,ARG,ARG,-,-,-,-,HIS,HIS,HIS,HIS,HIS
794,ALA,-,ALA,ALA,ALA,VAL,VAL,VAL,-,-,-,-,ALA,ALA,ALA,ALA,ALA
795,HIS,-,HIS,HIS,HIS,ASP,ASP,ASP,-,-,-,-,HIS,HIS,HIS,HIS,HIS
796,TRP,-,TRP,TRP,TRP,VAL,VAL,VAL,-,-,-,-,TRP,TRP,TRP,TRP,TRP
797,PHE,-,PHE,PHE,PHE,ILE,ILE,ILE,-,-,-,-,PHE,PHE,PHE,PHE,PHE
798,CYS,-,CYS,CYS,CYS,PHE,PHE,PHE,-,-,-,-,CYS,CYS,CYS,CYS,CYS
799,ALA,-,ALA,ALA,ALA,CYS,CYS,CYS,-,-,-,-,ALA,ALA,ALA,ALA,ALA
800,GLY,-,GLY,GLY,GLY,ASP,ASP,ASP,-,-,-,-,GLY,GLY,GLY,GLY,GLY
801,THR,-,THR,THR,THR,LYS,LYS,LYS,-,-,-,-,THR,THR,THR,THR,THR
802,ASP,-,ASP,ASP,ASP,THR,THR,THR,-,-,-,-,ASP,ASP,ASP,ASP,ASP
803,THR,-,THR,THR,THR,ILE,ILE,ILE,-,-,-,-,THR,THR,THR,THR,THR
804,VAL,-,VAL,VAL,VAL,PRO,PRO,PRO,-,-,-,-,VAL,VAL,VAL,VAL,VAL
805,LEU,-,LEU,LEU,LEU,ASN,ASN,ASN,-,-,-,-,LEU,LEU,LEU,LEU,LEU
806,GLY,-,GLY,GLY,GLY,ASP,ASP,ASP,-,-,-,-,GLY,GLY,GLY,GLY,GLY
807,ALA,-,ALA,ALA,ALA,PRO,PRO,PRO,-,-,-,-,ALA,ALA,ALA,ALA,ALA
808,THR,-,THR,THR,THR,GLY,GLY,GLY,-,-,-,-,THR,THR,THR,THR,THR
809,SER,-,SER,SER,SER,PHE,PHE,PHE,-,-,-,-,SER,SER,SER,SER,SER
810,ASP,-,ASP,ASP,ASP,VAL,VAL,VAL,-,-,-,-,ASP,ASP,ASP,ASP,ASP
811,PRO,-,PRO,PRO,PRO,VAL,VAL,VAL,-,-,-,-,PRO,PRO,PRO,PRO,PRO
812,LEU,-,LEU,LEU,LEU,THR,THR,THR,-,-,-,-,LEU,LEU,LEU,LEU,LEU
813,GLU,-,GLU,GLU,GLU,LEU,LEU,LEU,-,-,-,-,GLU,GLU,GLU,GLU,GLU
814,LEU,-,LEU,LEU,LEU,SER,SER,SER,-,-,-,-,LEU,LEU,LEU,LEU,LEU
815,PHE,-,PHE,PHE,PHE,ASN,ASN,ASN,-,-,-,-,PHE,PHE,PHE,PHE,PHE
816,LEU,-,LEU,LEU,LEU,ARG,ARG,ARG,-,-,-,-,LEU,LEU,LEU,LEU,LEU
817,VAL,-,VAL,VAL,VAL,MET,MET,MET,-,-,-,-,VAL,VAL,VAL,VAL,VAL
818,ASP,-,ASP,ASP,ASP,ASN,ASN,ASN,-,-,-,-,ASP,ASP,ASP,ASP,ASP
819,GLU,-,GLU,GLU,GLU,TYR,TYR,TYR,-,-,-,-,GLU,GLU,GLU,GLU,GLU
820,CYS,-,CYS,CYS,CYS,PHE,PHE,PHE,-,-,-,-,CYS,CYS,CYS,CYS,CYS
821,GLU,-,GLU,GLU,GLU,GLN,GLN,GLN,-,-,-,-,GLU,GLU,GLU,GLU,GLU
822,ASP,-,ASP,ASP,ASP,VAL,VAL,VAL,-,-,-,-,ASP,ASP,ASP,ASP,ASP
823,MET,-,MET,MET,MET,ALA,ALA,ALA,-,-,-,-,MET,MET,MET,MET,MET
824,GLN,-,GLN,GLN,GLN,LYS,LYS,LYS,-,-,-,-,GLN,GLN,GLN,GLN,GLN
825,LEU,-,LEU,LEU,LEU,THR,THR,THR,-,-,-,-,LEU,LEU,LEU,LEU,LEU
826,SER,-,SER,SER,SER,VAL,VAL,VAL,-,-,-,-,SER,SER,SER,SER,SER
827,TYR,-,TYR,TYR,TYR,ALA,ALA,ALA,-,-,-,-,TYR,TYR,TYR,TYR,TYR
828,ILE,-,ILE,ILE,ILE,GLN,GLN,GLN,-,-,-,-,ILE,ILE,ILE,ILE,ILE
829,HIS,-,HIS,HIS,HIS,ARG,ARG,ARG,-,-,-,-,HIS,HIS,HIS,HIS,HIS
830,SER,-,SER,SER,SER,LEU,LEU,LEU,-,-,-,-,SER,SER,SER,SER,SER
831,LYS,-,LYS,LYS,LYS,ASN,ASN,ASN,-,-,-,-,LYS,LYS,LYS,LYS,LYS
832,VAL,-,VAL,VAL,VAL,THR,THR,THR,-,-,-,-,VAL,VAL,VAL,VAL,VAL
833,LYS,-,LYS,LYS,LYS,ASP,ASP,ASP,-,-,-,-,LYS,LYS,LYS,LYS,LYS
834,VAL,-,VAL,VAL,VAL,PRO,PRO,PRO,-,-,-,-,VAL,VAL,VAL,VAL,VAL
835,ILE,-,ILE,ILE,ILE,MET,MET,MET,-,-,-,-,ILE,ILE,ILE,ILE,ILE
836,TYR,-,TYR,TYR,TYR,LEU,LEU,LEU,-,-,-,-,TYR,TYR,TYR,TYR,TYR
837,LYS,-,LYS,LYS,LYS,LEU,LEU,LEU,-,-,-,-,LYS,LYS,LYS,LYS,LYS
838,ALA,-,ALA,ALA,ALA,GLN,GLN,GLN,-,-,-,-,ALA,ALA,ALA,ALA,ALA
839,PRO,-,PRO,PRO,PRO,PHE,PHE,PHE,-,-,-,-,PRO,PRO,PRO,PRO,PRO
840,SER,-,SER,SER,SER,PHE,PHE,PHE,-,-,-,-,SER,SER,SER,SER,SER
841,GLU,-,GLU,GLU,GLU,LYS,LYS,LYS,-,-,-,-,GLU,GLU,GLU,GLU,GLU
842,ASN,-,ASN,ASN,ASN,SER,SER,SER,-,-,-,-,ASN,ASN,ASN,ASN,ASN
843,TRP,-,TRP,TRP,TRP,GLN,GLN,GLN,-,-,-,-,TRP,TRP,TRP,TRP,TRP
844,ALA,-,ALA,ALA,ALA,GLY,GLY,GLY,-,-,-,-,ALA,ALA,ALA,ALA,ALA
845,MET,-,MET,MET,MET,TYR,TYR,TYR,-,-,-,-,MET,MET,MET,MET,MET
846,GLU,-,GLU,GLU,GLU,ARG,ARG,ARG,-,-,-,-,GLU,GLU,GLU,GLU,GLU
847,GLY,-,GLY,GLY,GLY,ASP,ASP,ASP,-,-,-,-,GLY,GLY,GLY,GLY,GLY
848,GLY,-,GLY,GLY,GLY,GLY,GLY,GLY,-,-,-,-,GLY,GLY,GLY,GLY,GLY
849,MET,-,MET,MET,MET,PRO,PRO,PRO,-,-,-,-,MET,MET,MET,MET,MET
850,ASP,-,ASP,ASP,ASP,GLY,GLY,GLY,-,-,-,-,ASP,ASP,ASP,ASP,ASP
851,PRO,-,PRO,PRO,PRO,ASN,ASN,ASN,-,-,-,-,PRO,PRO,PRO,PRO,-
852,GLU,-,-,GLU,GLU,PRO,PRO,PRO,-,-,-,-,GLU,GLU,GLU,GLU,-
853,SER,-,-,SER,SER,LEU,LEU,LEU,-,-,-,-,SER,SER,SER,SER,-
854,LEU,-,-,LEU,LEU,ARG,ARG,ARG,-,-,-,-,LEU,LEU,LEU,LEU,-
855,LEU,-,-,LEU,LEU,HIS,HIS,HIS,-,-,-,-,LEU,LEU,LEU,LEU,-
856,GLU,-,-,GLU,GLU,ASN,ASN,ASN,-,-,-,-,GLU,GLU,GLU,GLU,-
857,GLY,-,-,GLY,GLY,TYR,TYR,TYR,-,-,-,-,GLY,GLY,GLY,GLY,-
858,ASP,-,-,ASP,ASP,GLU,GLU,GLU,-,-,-,-,ASP,ASP,ASP,ASP,-
859,ASP,-,-,ASP,ASP,GLY,GLY,GLY,-,-,-,-,ASP,ASP,ASP,ASP,-
860,GLY,-,GLY,GLY,GLY,THR,THR,THR,-,-,-,-,GLY,GLY,GLY,GLY,-
861,LYS,-,LYS,LYS,LYS,LEU,LEU,LEU,-,-,-,-,LYS,LYS,LYS,LYS,LYS
862,THR,-,THR,THR,THR,ARG,ARG,ARG,-,-,-,-,THR,THR,THR,THR,THR
863,TYR,-,TYR,TYR,TYR,ASP,ASP,ASP,-,-,-,-,TYR,TYR,TYR,TYR,TYR
864,PHE,-,PHE,PHE,PHE,LEU,LEU,LEU,-,-,-,-,PHE,PHE,PHE,PHE,PHE
865,TYR,-,TYR,TYR,TYR,LEU,LEU,LEU,-,-,-,-,TYR,TYR,TYR,TYR,TYR
866,GLN,-,GLN,GLN,GLN,GLN,GLN,GLN,-,-,-,-,GLN,GLN,GLN,GLN,GLN
867,LEU,-,LEU,LEU,LEU,PHE,PHE,PHE,-,-,-,-,LEU,LEU,LEU,LEU,LEU
868,TRP,-,TRP,TRP,TRP,PHE,PHE,PHE,-,-,-,-,TRP,TRP,TRP,TRP,TRP
869,TYR,-,TYR,TYR,TYR,LYS,LYS,LYS,-,-,-,-,TYR,TYR,TYR,TYR,TYR
870,ASP,-,ASP,ASP,ASP,PRO,PRO,PRO,-,-,-,-,ASP,ASP,ASP,ASP,ASP
871,GLN,-,GLN,GLN,GLN,ARG,ARG,ARG,-,-,-,-,GLN,GLN,GLN,GLN,GLN
872,ASP,-,ASP,ASP,ASP,GLN,GLN,GLN,-,-,-,-,ASP,ASP,ASP,ASP,ASP
873,TYR,-,TYR,TYR,TYR,PRO,PRO,PRO,-,-,-,-,TYR,TYR,TYR,TYR,TYR
874,ALA,-,ALA,ALA,ALA,LYS,LYS,LYS,-,-,-,-,ALA,ALA,ALA,ALA,ALA
875,ARG,-,ARG,ARG,ARG,LYS,LYS,LYS,-,-,-,-,ARG,ARG,ARG,ARG,ARG
876,PHE,-,PHE,PHE,PHE,LEU,LEU,LEU,-,-,-,-,PHE,PHE,PHE,PHE,PHE
877,GLU,-,GLU,GLU,GLU,TYR,TYR,TYR,-,-,-,-,GLU,GLU,GLU,GLU,GLU
878,SER,-,SER,SER,SER,TYR,TYR,TYR,-,-,-,-,SER,SER,SER,SER,SER
879,PRO,-,PRO,PRO,PRO,GLN,GLN,GLN,-,-,-,-,PRO,PRO,PRO,PRO,PRO
880,PRO,-,PRO,PRO,PRO,GLN,GLN,GLN,-,-,-,-,PRO,PRO,PRO,PRO,PRO
881,LYS,-,LYS,LYS,LYS,LEU,LEU,LEU,-,-,-,-,LYS,LYS,LYS,LYS,LYS
882,THR,-,THR,THR,THR,LYS,LYS,LYS,-,-,-,-,THR,THR,THR,THR,THR
883,GLN,-,GLN,GLN,GLN,MET,MET,MET,-,-,-,-,GLN,GLN,GLN,GLN,GLN
884,PRO,-,PRO,PRO,PRO,LYS,LYS,LYS,-,-,-,-,PRO,PRO,PRO,PRO,PRO
885,THR,-,THR,THR,THR,ILE,ILE,ILE,-,-,-,-,THR,THR,THR,THR,-
886,GLU,-,GLU,GLU,GLU,THR,THR,THR,-,-,-,-,GLU,GLU,GLU,GLU,-
887,ASP,-,ASP,ASP,ASP,ASP,ASP,ASP,-,-,-,-,ASP,ASP,ASP,ASP,-
888,ASN,-,ASN,ASN,ASN,PHE,PHE,PHE,-,-,-,-,ASN,ASN,ASN,ASN,ASN
889,LYS,-,LYS,LYS,LYS,GLU,GLU,GLU,-,-,-,-,LYS,LYS,LYS,LYS,LYS
890,PHE,-,PHE,PHE,PHE,ASN,ASN,ASN,-,-,-,-,PHE,PHE,PHE,PHE,PHE
891,LYS,-,LYS,LYS,LYS,ARG,ARG,ARG,-,-,-,-,LYS,LYS,LYS,LYS,LYS
892,PHE,-,PHE,PHE,PHE,ARG,ARG,ARG,-,-,-,-,PHE,PHE,PHE,PHE,PHE
893,CYS,-,CYS,CYS,CYS,SER,SER,SER,-,-,-,-,CYS,CYS,CYS,CYS,CYS
894,VAL,-,VAL,VAL,VAL,PHE,PHE,PHE,-,-,-,-,VAL,VAL,VAL,VAL,VAL
895,SER,-,SER,SER,SER,LYS,LYS,LYS,-,-,-,-,SER,SER,SER,SER,SER
896,CYS,-,CYS,CYS,CYS,CYS,CYS,CYS,-,-,-,-,CYS,CYS,CYS,CYS,CYS
897,ALA,-,ALA,ALA,ALA,ILE,ILE,ILE,-,-,-,-,ALA,ALA,ALA,ALA,ALA
898,ARG,-,ARG,ARG,ARG,TRP,TRP,TRP,-,-,-,-,ARG,ARG,ARG,ARG,ARG
899,LEU,-,LEU,LEU,LEU,LEU,LEU,LEU,-,-,-,-,LEU,LEU,LEU,LEU,LEU
900,ALA,-,ALA,ALA,ALA,ASN,ASN,ASN,-,-,-,-,ALA,ALA,ALA,ALA,ALA
901,GLU,-,GLU,GLU,GLU,SER,SER,SER,-,-,-,-,GLU,GLU,GLU,GLU,GLU
902,MET,-,MET,MET,MET,GLN,GLN,GLN,-,-,-,-,MET,MET,MET,MET,MET
903,ARG,-,ARG,ARG,ARG,PHE,PHE,PHE,-,-,-,-,ARG,ARG,ARG,ARG,ARG
904,GLN,-,GLN,GLN,GLN,ARG,ARG,ARG,-,-,-,-,GLN,GLN,GLN,GLN,GLN
905,LYS,-,LYS,LYS,LYS,GLU,GLU,GLU,-,-,-,-,LYS,LYS,LYS,LYS,LYS
906,GLU,-,GLU,GLU,GLU,GLU,GLU,GLU,-,-,-,-,GLU,GLU,GLU,GLU,GLU
907,ILE,-,ILE,ILE,ILE,GLU,GLU,GLU,-,-,-,-,ILE,ILE,ILE,ILE,ILE
908,PRO,-,PRO,PRO,PRO,ILE,ILE,ILE,-,-,-,-,PRO,PRO,PRO,PRO,PRO
909,ARG,-,ARG,ARG,ARG,THR,THR,THR,-,-,-,-,ARG,ARG,ARG,ARG,ARG
910,VAL,-,VAL,VAL,VAL,LEU,LEU,LEU,-,-,-,-,VAL,VAL,VAL,VAL,VAL
911,LEU,-,LEU,LEU,LEU,TYR,TYR,TYR,-,-,-,-,LEU,LEU,LEU,LEU,LEU
912,GLU,-,GLU,GLU,GLU,PRO,PRO,PRO,-,-,-,-,GLU,GLU,GLU,GLU,GLU
913,GLN,-,GLN,GLN,GLN,ASP,ASP,ASP,-,-,-,-,GLN,GLN,GLN,GLN,GLN
914,LEU,-,LEU,LEU,LEU,LYS,LYS,LYS,-,-,-,-,LEU,LEU,LEU,LEU,LEU
915,GLU,-,GLU,GLU,GLU,HIS,HIS,HIS,-,-,-,-,GLU,GLU,GLU,GLU,GLU
916,ASP,-,ASP,ASP,ASP,GLY,GLY,GLY,-,-,-,-,ASP,ASP,ASP,ASP,ASP
917,LEU,-,LEU,LEU,LEU,CYS,CYS,CYS,-,-,-,-,LEU,LEU,LEU,LEU,LEU
918,ASP,-,ASP,ASP,ASP,VAL,VAL,VAL,-,-,-,-,ASP,ASP,ASP,ASP,ASP
919,SER,-,SER,SER,SER,ARG,ARG,ARG,-,-,-,-,SER,SER,SER,SER,SER
920,ARG,-,ARG,ARG,ARG,ASP,ASP,ASP,-,-,-,-,ARG,ARG,ARG,ARG,ARG
921,VAL,-,VAL,VAL,VAL,LEU,LEU,LEU,-,-,-,-,VAL,VAL,VAL,VAL,VAL
922,LEU,-,LEU,LEU,LEU,LEU,LEU,LEU,-,-,-,-,LEU,LEU,LEU,LEU,LEU
923,TYR,-,TYR,TYR,TYR,GLU,GLU,GLU,-,-,-,-,TYR,TYR,TYR,TYR,TYR
924,TYR,-,TYR,TYR,TYR,GLU,GLU,GLU,-,-,-,-,TYR,TYR,TYR,TYR,TYR
925,SER,-,SER,SER,SER,CYS,CYS,CYS,-,-,-,-,SER,SER,SER,SER,SER
926,ALA,-,ALA,ALA,ALA,LYS,LYS,LYS,-,-,-,-,ALA,ALA,ALA,ALA,ALA
927,THR,-,THR,THR,THR,LYS,LYS,LYS,-,-,-,-,THR,THR,THR,THR,THR
928,LYS,-,LYS,LYS,LYS,ALA,ALA,ALA,-,-,-,-,LYS,LYS,LYS,LYS,LYS
929,ASN,-,ASN,ASN,ASN,VAL,VAL,VAL,-,-,-,-,ASN,ASN,ASN,ASN,ASN
930,GLY,-,GLY,GLY,GLY,GLU,GLU,GLU,-,-,-,-,GLY,GLY,GLY,GLY,GLY
931,ILE,-,ILE,ILE,ILE,LEU,LEU,LEU,-,-,-,-,ILE,ILE,ILE,ILE,ILE
932,LEU,-,LEU,LEU,LEU,GLY,GLY,GLY,-,-,-,-,LEU,LEU,LEU,LEU,LEU
933,TYR,-,TYR,TYR,TYR,GLU,GLU,GLU,-,-,-,-,TYR,TYR,TYR,TYR,TYR
934,ARG,-,ARG,ARG,ARG,LYS,LYS,LYS,-,-,-,-,ARG,ARG,ARG,ARG,ARG
935,VAL,-,VAL,VAL,VAL,ALA,ALA,ALA,-,-,-,-,VAL,VAL,VAL,VAL,VAL
936,GLY,-,GLY,GLY,GLY,SER,SER,SER,-,-,-,-,GLY,GLY,GLY,GLY,GLY
937,ASP,-,ASP,ASP,ASP,GLY,GLY,GLY,-,-,-,-,ASP,ASP,ASP,ASP,ASP
938,GLY,-,GLY,GLY,GLY,LYS,LYS,LYS,-,-,-,-,GLY,GLY,GLY,GLY,GLY
939,VAL,-,VAL,VAL,VAL,LEU,LEU,LEU,-,-,-,-,VAL,VAL,VAL,VAL,VAL
940,TYR,-,TYR,TYR,TYR,ARG,ARG,ARG,-,-,-,-,TYR,TYR,TYR,TYR,TYR
941,LEU,-,LEU,LEU,LEU,LEU,LEU,LEU,-,-,-,-,LEU,LEU,LEU,LEU,LEU
942,PRO,-,PRO,PRO,PRO,LEU,LEU,LEU,-,-,-,-,PRO,PRO,PRO,PRO,PRO
943,PRO,-,PRO,PRO,PRO,GLU,GLU,GLU,-,-,-,-,PRO,PRO,PRO,PRO,PRO
944,GLU,-,GLU,GLU,GLU,ILE,ILE,ILE,-,-,-,-,GLU,GLU,GLU,GLU,GLU
945,ALA,-,ALA,ALA,ALA,VAL,VAL,VAL,-,-,-,-,ALA,ALA,ALA,ALA,ALA
946,PHE,-,PHE,PHE,PHE,SER,SER,SER,-,-,-,-,PHE,PHE,PHE,PHE,PHE
947,THR,-,THR,THR,THR,TYR,TYR,TYR,-,-,-,-,THR,THR,THR,THR,THR
948,PHE,-,PHE,PHE,PHE,LYS,LYS,LYS,-,-,-,-,PHE,PHE,PHE,PHE,PHE
949,ASN,-,ASN,ASN,ASN,ILE,ILE,ILE,-,-,-,-,ASN,ASN,ASN,ASN,ASN
950,ILE,-,ILE,ILE,ILE,ILE,ILE,ILE,-,-,-,-,ILE,ILE,ILE,ILE,ILE
951,LYS,-,LYS,LYS,LYS,GLY,GLY,GLY,-,-,-,-,LYS,LYS,LYS,LYS,LYS
952,LEU,-,LEU,LEU,-,VAL,VAL,VAL,-,-,-,-,LEU,LEU,LEU,LEU,-
953,SER,-,SER,SER,-,HIS,HIS,HIS,-,-,-,-,SER,SER,SER,SER,-
954,SER,-,SER,SER,-,GLN,GLN,GLN,-,-,-,-,SER,SER,SER,SER,-
955,PRO,-,PRO,PRO,-,GLU,GLU,GLU,-,-,-,-,PRO,PRO,PRO,PRO,-
956,VAL,-,-,VAL,-,ASP,ASP,ASP,-,-,-,-,VAL,VAL,VAL,VAL,-
957,LYS,-,-,LYS,-,GLU,GLU,GLU,-,-,-,-,LYS,LYS,LYS,LYS,-
958,ARG,-,-,ARG,-,LEU,LEU,LEU,-,-,-,-,ARG,ARG,ARG,ARG,-
959,PRO,-,-,PRO,-,LEU,LEU,LEU,-,-,-,-,PRO,PRO,PRO,PRO,-
960,ARG,-,-,ARG,ARG,GLU,GLU,GLU,-,-,-,-,ARG,ARG,ARG,ARG,-
961,LYS,-,LYS,LYS,LYS,CYS,CYS,CYS,-,-,-,-,LYS,LYS,LYS,LYS,-
962,GLU,-,GLU,GLU,GLU,LEU,LEU,LEU,-,-,-,-,GLU,GLU,GLU,GLU,-
963,PRO,-,PRO,PRO,PRO,SER,SER,SER,-,-,-,-,PRO,PRO,PRO,PRO,PRO
964,VAL,-,VAL,VAL,VAL,PRO,PRO,PRO,-,-,-,-,VAL,VAL,VAL,VAL,VAL
965,ASP,-,ASP,ASP,ASP,ALA,ALA,ALA,-,-,-,-,ASP,ASP,ASP,ASP,ASP
966,GLU,-,GLU,GLU,GLU,THR,THR,THR,-,-,-,-,GLU,GLU,GLU,GLU,GLU
967,ASP,-,ASP,ASP,ASP,SER,SER,SER,-,-,-,-,ASP,ASP,ASP,ASP,ASP
968,LEU,-,LEU,LEU,LEU,ARG,ARG,ARG,-,-,-,-,LEU,LEU,LEU,LEU,LEU
969,TYR,-,TYR,TYR,TYR,THR,THR,THR,-,-,-,-,TYR,TYR,TYR,TYR,TYR
970,PRO,-,PRO,PRO,PRO,PHE,PHE,PHE,-,-,-,-,PRO,PRO,PRO,PRO,PRO
971,GLU,-,GLU,GLU,GLU,ARG,ARG,ARG,-,-,-,-,GLU,GLU,GLU,GLU,GLU
972,HIS,-,HIS,HIS,HIS,ILE,ILE,ILE,-,-,-,-,HIS,HIS,HIS,HIS,HIS
973,TYR,-,TYR,TYR,TYR,GLU,GLU,GLU,-,-,-,-,TYR,TYR,TYR,TYR,TYR
974,ARG,-,ARG,ARG,ARG,GLU,GLU,GLU,-,-,-,-,ARG,ARG,ARG,ARG,ARG
975,LYS,-,LYS,LYS,LYS,ILE,ILE,ILE,-,-,-,-,LYS,LYS,LYS,LYS,LYS
976,TYR,-,TYR,TYR,TYR,PRO,PRO,PRO,-,-,-,-,TYR,TYR,TYR,TYR,TYR
977,SER,-,SER,SER,SER,LEU,LEU,LEU,-,-,-,-,SER,SER,SER,SER,SER
978,ASP,-,-,ASP,-,ASP,ASP,ASP,-,-,-,-,ASP,ASP,ASP,ASP,ASP
979,TYR,-,-,TYR,-,GLN,GLN,GLN,-,-,-,-,TYR,TYR,TYR,TYR,TYR
980,ILE,-,-,ILE,-,VAL,VAL,VAL,-,-,-,-,ILE,ILE,ILE,ILE,ILE
981,LYS,-,-,LYS,-,ASP,ASP,ASP,-,-,-,-,LYS,LYS,LYS,LYS,LYS
982,GLY,-,-,GLY,-,ILE,ILE,ILE,-,-,-,-,GLY,GLY,GLY,GLY,GLY
983,SER,-,-,SER,-,ASP,ASP,ASP,-,-,-,-,SER,SER,SER,SER,SER
984,ASN,-,ASN,ASN,-,LYS,-,-,-,-,-,-,ASN,ASN,ASN,ASN,ASN
985,LEU,-,LEU,LEU,LEU,GLU,-,GLU,-,-,-,-,LEU,LEU,LEU,LEU,LEU
986,ASP,-,ASP,ASP,ASP,ASN,ASN,ASN,-,-,-,-,ASP,ASP,ASP,ASP,ASP
987,ALA,-,ALA,ALA,ALA,GLU,GLU,GLU,-,-,-,-,ALA,ALA,ALA,ALA,ALA
988,PRO,-,PRO,PRO,PRO,MET,MET,MET,-,-,-,-,PRO,PRO,PRO,PRO,PRO
989,GLU,-,GLU,GLU,GLU,LEU,LEU,LEU,-,-,-,-,GLU,GLU,GLU,GLU,GLU
990,PRO,-,PRO,PRO,PRO,VAL,VAL,VAL,-,-,-,-,PRO,PRO,PRO,PRO,PRO
991,TYR,-,TYR,TYR,TYR,THR,THR,THR,-,-,-,-,TYR,TYR,TYR,TYR,TYR
992,ARG,-,ARG,ARG,ARG,VAL,VAL,VAL,-,-,-,-,ARG,ARG,ARG,ARG,ARG
993,ILE,-,ILE,ILE,ILE,ALA,ALA,ALA,-,-,-,-,ILE,ILE,ILE,ILE,ILE
994,GLY,-,GLY,GLY,GLY,HIS,HIS,HIS,-,-,-,-,GLY,GLY,GLY,GLY,GLY
995,ARG,-,ARG,ARG,ARG,PHE,PHE,PHE,-,-,-,-,ARG,ARG,ARG,ARG,ARG
996,ILE,-,ILE,ILE,ILE,HIS,HIS,HIS,-,-,-,-,ILE,ILE,ILE,ILE,ILE
997,LYS,-,LYS,LYS,LYS,LYS,LYS,LYS,-,-,-,-,LYS,LYS,LYS,LYS,LYS
998,GLU,-,GLU,GLU,GLU,GLU,GLU,GLU,-,-,-,-,GLU,GLU,GLU,GLU,GLU
999,ILE,-,ILE,ILE,ILE,VAL,VAL,VAL,-,-,-,-,ILE,ILE,ILE,ILE,ILE
1000,PHE,-,PHE,PHE,PHE,PHE,PHE,PHE,-,-,-,-,PHE,PHE,PHE,PHE,PHE
1001,CYS,-,CYS,CYS,CYS,GLY,GLY,GLY,-,-,-,-,CYS,CYS,CYS,CYS,CYS
1002,PRO,-,PRO,PRO,PRO,THR,THR,THR,-,-,-,-,PRO,PRO,PRO,PRO,PRO
1003,LYS,-,LYS,LYS,LYS,PHE,PHE,PHE,-,-,-,-,LYS,LYS,LYS,LYS,LYS
1004,LYS,-,LYS,LYS,LYS,GLY,GLY,GLY,-,-,-,-,LYS,LYS,LYS,LYS,LYS
1005,SER,-,SER,SER,SER,ILE,ILE,ILE,-,-,-,-,SER,SER,SER,SER,SER
1006,ASN,-,ASN,ASN,ASN,PRO,PRO,PRO,-,-,-,-,ASN,ASN,ASN,ASN,ASN
1007,GLY,-,GLY,GLY,GLY,PHE,PHE,PHE,-,-,-,-,GLY,GLY,GLY,GLY,GLY
1008,ARG,-,ARG,ARG,ARG,LEU,LEU,LEU,-,-,-,-,ARG,ARG,ARG,ARG,ARG
1009,PRO,-,PRO,PRO,PRO,LEU,LEU,LEU,-,-,-,-,PRO,PRO,PRO,PRO,PRO
1010,ASN,-,ASN,ASN,ASN,ARG,ARG,ARG,-,-,-,-,ASN,ASN,ASN,ASN,ASN
1011,GLU,-,GLU,GLU,GLU,ILE,ILE,ILE,-,-,-,-,GLU,GLU,GLU,GLU,GLU
1012,THR,-,THR,THR,THR,HIS,-,-,-,-,-,-,THR,THR,THR,THR,THR
1013,ASP,-,ASP,ASP,ASP,GLN,GLN,-,-,-,-,-,ASP,ASP,ASP,ASP,ASP
1014,ILE,-,ILE,ILE,ILE,GLY,GLY,GLY,-,-,-,-,ILE,ILE,ILE,ILE,ILE
1015,LYS,-,LYS,LYS,LYS,GLU,GLU,GLU,-,-,-,-,LYS,LYS,LYS,LYS,LYS
1016,ILE,-,ILE,ILE,ILE,HIS,HIS,HIS,-,-,-,-,ILE,ILE,ILE,ILE,ILE
1017,ARG,-,ARG,ARG,ARG,PHE,PHE,PHE,-,-,-,-,ARG,ARG,ARG,ARG,ARG
1018,VAL,-,VAL,VAL,VAL,ARG,ARG,ARG,-,-,-,-,VAL,VAL,VAL,VAL,VAL
1019,ASN,-,ASN,ASN,ASN,GLU,GLU,GLU,-,-,-,-,ASN,ASN,ASN,ASN,ASN
1020,LYS,-,LYS,LYS,LYS,VAL,VAL,VAL,-,-,-,-,LYS,LYS,LYS,LYS,LYS
1021,PHE,-,PHE,PHE,PHE,MET,MET,MET,-,-,-,-,PHE,PHE,PHE,PHE,PHE
1022,TYR,-,TYR,TYR,TYR,LYS,LYS,LYS,-,-,-,-,TYR,TYR,TYR,TYR,TYR
1023,ARG,-,ARG,ARG,ARG,ARG,ARG,ARG,-,-,-,-,ARG,ARG,ARG,ARG,ARG
1024,PRO,-,PRO,PRO,PRO,ILE,ILE,ILE,-,-,-,-,PRO,PRO,PRO,PRO,PRO
1025,GLU,-,GLU,GLU,GLU,GLN,GLN,GLN,-,-,-,-,GLU,GLU,GLU,GLU,GLU
1026,ASN,-,ASN,ASN,ASN,SER,SER,SER,-,-,-,-,ASN,ASN,ASN,ASN,ASN
1027,THR,-,THR,THR,THR,LEU,LEU,LEU,-,-,-,-,THR,THR,THR,THR,THR
1028,HIS,-,HIS,HIS,HIS,LEU,LEU,LEU,-,-,-,-,HIS,HIS,HIS,HIS,HIS
1029,LYS,-,LYS,LYS,LYS,ASP,ASP,ASP,-,-,-,-,LYS,LYS,LYS,LYS,LYS
1030,SER,-,SER,SER,SER,ILE,ILE,ILE,-,-,-,-,SER,SER,SER,SER,SER
1031,THR,-,THR,THR,THR,GLN,GLN,GLN,-,-,-,-,THR,THR,THR,THR,THR
1032,PRO,-,PRO,PRO,PRO,GLU,GLU,-,-,-,-,-,PRO,PRO,PRO,PRO,PRO
1033,ALA,-,ALA,ALA,ALA,LYS,-,-,-,-,-,-,ALA,ALA,ALA,ALA,ALA
1034,SER,-,SER,SER,SER,GLU,GLU,-,-,-,-,-,SER,SER,SER,SER,SER
1035,TYR,-,TYR,TYR,TYR,PHE,PHE,PHE,-,-,-,-,TYR,TYR,TYR,TYR,TYR
1036,HIS,-,HIS,HIS,HIS,GLU,GLU,GLU,-,-,-,-,HIS,HIS,HIS,HIS,HIS
1037,ALA,-,ALA,ALA,ALA,LYS,LYS,LYS,-,-,-,-,ALA,ALA,ALA,ALA,ALA
1038,ASP,-,ASP,ASP,ASP,PHE,PHE,PHE,-,-,-,-,ASP,ASP,ASP,ASP,ASP
1039,ILE,-,ILE,ILE,ILE,LYS,LYS,LYS,-,-,-,-,ILE,ILE,ILE,ILE,ILE
1040,ASN,-,ASN,ASN,ASN,PHE,PHE,PHE,-,-,-,-,ASN,ASN,ASN,ASN,ASN
1041,LEU,-,LEU,LEU,LEU,ALA,ALA,ALA,-,-,-,-,LEU,LEU,LEU,LEU,LEU
1042,LEU,-,LEU,LEU,LEU,ILE,ILE,ILE,-,-,-,-,LEU,LEU,LEU,LEU,LEU
1043,TYR,-,TYR,TYR,TYR,VAL,VAL,VAL,-,-,-,-,TYR,TYR,TYR,TYR,TYR
1044,TRP,-,TRP,TRP,TRP,MET,MET,MET,-,-,-,-,TRP,TRP,TRP,TRP,TRP
1045,SER,-,SER,SER,SER,MET,MET,MET,-,-,-,-,SER,SER,SER,SER,SER
1046,ASP,-,ASP,ASP,ASP,GLY,GLY,GLY,-,-,-,-,ASP,ASP,ASP,ASP,ASP
1047,GLU,-,GLU,GLU,GLU,ARG,ARG,ARG,-,-,-,-,GLU,GLU,GLU,GLU,GLU
1048,GLU,-,GLU,GLU,GLU,HIS,HIS,HIS,-,-,-,-,GLU,GLU,GLU,GLU,GLU
1049,ALA,-,ALA,ALA,ALA,GLN,GLN,GLN,-,-,-,-,ALA,ALA,ALA,ALA,ALA
1050,VAL,-,VAL,VAL,VAL,TYR,TYR,TYR,-,-,-,-,VAL,VAL,VAL,VAL,VAL
1051,VAL,-,VAL,VAL,VAL,ILE,ILE,ILE,-,-,-,-,VAL,VAL,VAL,VAL,VAL
1052,ASP,-,ASP,ASP,ASP,ASN,ASN,ASN,-,-,-,-,ASP,ASP,ASP,ASP,ASP
1053,PHE,-,PHE,PHE,PHE,GLU,GLU,GLU,-,-,-,-,PHE,PHE,PHE,PHE,PHE
1054,LYS,-,LYS,LYS,LYS,ASP,ASP,ASP,-,-,-,-,LYS,LYS,LYS,LYS,LYS
1055,ALA,-,ALA,ALA,ALA,GLU,GLU,GLU,-,-,-,-,ALA,ALA,ALA,ALA,ALA
1056,VAL,-,VAL,VAL,VAL,TYR,TYR,TYR,-,-,-,-,VAL,VAL,VAL,VAL,VAL
1057,GLN,-,GLN,GLN,GLN,GLU,GLU,GLU,-,-,-,-,GLN,GLN,GLN,GLN,GLN
1058,GLY,-,GLY,GLY,GLY,VAL,-,-,-,-,-,-,GLY,GLY,GLY,GLY,GLY
1059,ARG,-,ARG,ARG,ARG,ASN,ASN,ASN,-,-,-,-,ARG,ARG,ARG,ARG,ARG
1060,CYS,-,CYS,CYS,CYS,LEU,LEU,LEU,-,-,-,-,CYS,CYS,CYS,CYS,CYS
1061,THR,-,THR,THR,THR,LYS,LYS,LYS,-,-,-,-,THR,THR,THR,THR,THR
1062,VAL,-,VAL,VAL,VAL,ASP,ASP,ASP,-,-,-,-,VAL,VAL,VAL,VAL,VAL
1063,GLU,-,GLU,GLU,GLU,PHE,PHE,PHE,-,-,-,-,GLU,GLU,GLU,GLU,GLU
1064,TYR,-,TYR,TYR,TYR,GLU,GLU,GLU,-,-,-,-,TYR,TYR,TYR,TYR,TYR
1065,GLY,-,GLY,GLY,GLY,PRO,PRO,PRO,-,-,-,-,GLY,GLY,GLY,GLY,GLY
1066,GLU,-,GLU,GLU,GLU,GLN,GLN,GLN,-,-,-,-,GLU,GLU,GLU,GLU,GLU
1067,ASP,-,ASP,ASP,ASP,PRO,PRO,PRO,-,-,-,-,ASP,ASP,ASP,ASP,ASP
1068,LEU,-,LEU,LEU,LEU,GLY,GLY,GLY,-,-,-,-,LEU,LEU,LEU,LEU,LEU
1069,PRO,-,PRO,PRO,PRO,ASN,-,-,-,-,-,-,PRO,PRO,PRO,PRO,PRO
1070,GLU,-,GLU,GLU,GLU,MET,MET,MET,-,-,-,-,GLU,GLU,GLU,GLU,GLU
1071,CYS,-,CYS,CYS,CYS,SER,SER,SER,-,-,-,-,CYS,CYS,CYS,CYS,CYS
1072,VAL,-,VAL,VAL,VAL,HIS,HIS,HIS,-,-,-,-,VAL,VAL,VAL,VAL,VAL
1073,GLN,-,GLN,GLN,GLN,PRO,PRO,PRO,-,-,-,-,GLN,GLN,GLN,GLN,GLN
1074,VAL,-,VAL,VAL,VAL,ARG,ARG,ARG,-,-,-,-,VAL,VAL,VAL,VAL,VAL
1075,TYR,-,TYR,TYR,TYR,PRO,PRO,PRO,-,-,-,-,TYR,TYR,TYR,TYR,TYR
1076,SER,-,SER,SER,SER,TRP,TRP,TRP,-,-,-,-,SER,SER,SER,SER,SER
1077,MET,-,MET,MET,MET,LEU,LEU,LEU,-,-,-,-,MET,MET,MET,MET,MET
1078,GLY,-,GLY,GLY,GLY,GLY,GLY,GLY,-,-,-,-,GLY,GLY,GLY,GLY,GLY
1079,GLY,-,GLY,GLY,GLY,LEU,LEU,LEU,-,-,-,-,GLY,GLY,GLY,GLY,GLY
1080,PRO,-,PRO,PRO,PRO,ASP,ASP,ASP,-,-,-,-,PRO,PRO,PRO,PRO,PRO
1081,ASN,-,ASN,ASN,ASN,HIS,HIS,HIS,-,-,-,-,ASN,ASN,ASN,ASN,ASN
1082,ARG,-,ARG,ARG,ARG,PHE,PHE,PHE,-,-,-,-,ARG,ARG,ARG,ARG,ARG
1083,PHE,-,PHE,PHE,PHE,ASN,ASN,ASN,-,-,-,-,PHE,PHE,PHE,PHE,PHE
1084,TYR,-,TYR,TYR,TYR,TYR,-,-,-,-,-,-,TYR,TYR,TYR,TYR,TYR
1085,PHE,-,PHE,PHE,PHE,PHE,-,-,-,-,-,-,PHE,PHE,PHE,PHE,PHE
1086,LEU,-,LEU,LEU,LEU,LEU,-,-,-,-,-,-,LEU,LEU,LEU,LEU,LEU
1087,GLU,-,GLU,GLU,GLU,GLU,-,-,-,-,-,-,GLU,GLU,GLU,GLU,GLU
1088,ALA,-,ALA,ALA,ALA,ALA,-,-,-,-,-,-,ALA,ALA,ALA,ALA,ALA
1089,TYR,-,TYR,TYR,TYR,TYR,-,-,-,-,-,-,TYR,TYR,TYR,TYR,TYR
1090,ASN,-,ASN,ASN,ASN,ASN,-,-,-,-,-,-,ASN,ASN,ASN,ASN,ASN
1091,ALA,-,ALA,ALA,ALA,ALA,-,-,-,-,-,-,ALA,ALA,ALA,ALA,ALA
1092,LYS,-,LYS,LYS,LYS,LYS,-,-,-,-,-,-,LYS,LYS,LYS,LYS,LYS
1093,SER,-,SER,SER,SER,SER,-,-,-,-,-,-,SER,SER,SER,SER,SER
1094,LYS,-,LYS,LYS,LYS,LYS,-,-,-,-,-,-,LYS,LYS,LYS,LYS,LYS
1095,SER,-,SER,SER,SER,SER,-,-,-,-,-,-,SER,SER,SER,SER,SER
1096,PHE,-,PHE,PHE,PHE,PHE,-,-,-,-,-,-,PHE,PHE,PHE,PHE,PHE
1097,GLU,-,GLU,GLU,GLU,GLU,-,-,-,-,-,-,GLU,GLU,GLU,GLU,GLU
1098,ASP,-,ASP,ASP,ASP,ASP,-,-,-,-,-,-,ASP,ASP,ASP,ASP,ASP
1099,PRO,-,PRO,PRO,PRO,PRO,-,-,-,-,-,-,PRO,PRO,PRO,PRO,PRO
1100,PRO,-,PRO,PRO,PRO,PRO,-,-,-,-,-,-,PRO,PRO,PRO,PRO,PRO
1101,ASN,-,ASN,ASN,ASN,ASN,-,-,-,-,-,-,ASN,ASN,ASN,ASN,ASN
1102,HIS,-,HIS,HIS,HIS,HIS,-,-,-,-,-,-,HIS,HIS,HIS,HIS,HIS
1103,ALA,-,ALA,ALA,ALA,ALA,-,-,-,-,-,-,ALA,ALA,ALA,ALA,ALA
1104,ARG,-,ARG,ARG,ARG,ARG,-,-,-,-,-,-,ARG,ARG,ARG,ARG,ARG
1105,SER,-,SER,SER,SER,SER,-,-,-,-,-,-,SER,SER,SER,SER,-
1106,PRO,-,PRO,PRO,-,PRO,-,-,-,-,-,-,-,-,-,-,-
1107,GLY,-,GLY,-,-,GLY,-,-,-,-,-,-,-,-,-,-,-
1108,ASN,-,-,-,-,ASN,ASN,-,-,-,-,-,-,-,-,-,-
1109,LYS,-,-,-,-,LYS,LYS,-,-,-,-,-,-,-,-,-,-
1110,GLY,-,-,-,-,GLY,GLY,GLY,-,-,-,-,-,-,-,-,-
1111,LYS,-,-,-,-,LYS,LYS,LYS,-,-,-,-,-,-,-,-,-
1112,GLY,-,-,-,-,GLY,GLY,GLY,-,-,-,-,-,-,-,-,-
1113,LYS,-,-,-,-,LYS,LYS,LYS,-,-,-,-,-,-,-,-,-
1114,GLY,-,-,-,-,GLY,GLY,GLY,-,-,-,-,-,-,-,-,-
1115,LYS,-,-,-,-,LYS,LYS,GLN,-,-,-,-,-,-,-,-,-
1116,GLY,-,-,-,-,-,-,GLY,-,-,-,-,-,-,-,-,-
1117,LYS,-,-,-,-,-,-,LYS,-,-,-,-,-,-,-,-,-
1118,GLY,-,-,-,-,-,-,-,-,-,-,-,-,-,-,-,-
1119,LYS,-,-,-,-,-,-,-,-,-,-,-,-,-,-,-,-
1120,PRO,-,-,-,-,-,-,-,-,-,-,-,-,-,-,-,-
1121,LYS,-,-,-,-,-,-,-,-,-,-,-,-,-,-,-,-
1122,SER,-,-,-,-,-,-,-,-,-,-,-,-,-,-,-,-
1123,GLN,-,-,-,-,-,-,-,-,-,-,-,-,-,-,-,-
1124,ALA,-,-,-,-,-,-,-,-,-,-,-,-,-,-,-,-
1125,CYS,-,-,-,-,-,-,-,-,-,-,-,-,-,-,-,-
1126,GLU,-,-,-,-,-,-,-,-,-,-,-,-,-,-,-,-
1127,PRO,-,-,-,-,-,-,-,-,-,-,-,-,-,-,-,-
1128,SER,-,-,-,-,-,-,-,-,-,-,-,-,-,-,-,-
1129,GLU,-,-,GLU,-,-,-,-,-,-,-,-,-,-,-,-,-
1130,PRO,-,-,PRO,-,-,-,-,-,-,-,-,-,-,-,-,-
1131,GLU,-,-,GLU,-,-,-,-,-,-,-,-,-,-,-,-,-
1132,ILE,-,-,ILE,-,-,-,-,-,-,-,-,-,-,-,-,-
1133,GLU,-,-,GLU,-,GLU,-,-,-,-,-,-,-,-,-,-,-
1134,ILE,-,-,ILE,-,ILE,-,-,-,-,-,-,-,-,-,-,-
1135,LYS,-,LYS,LYS,LYS,LYS,-,-,-,-,-,-,LYS,LYS,LYS,LYS,LYS
1136,LEU,-,LEU,LEU,LEU,LEU,-,-,-,-,-,-,LEU,LEU,LEU,LEU,LEU
1137,PRO,-,PRO,PRO,PRO,PRO,-,-,-,-,-,-,PRO,PRO,PRO,PRO,PRO
1138,LYS,-,LYS,LYS,LYS,LYS,-,-,-,-,-,-,LYS,LYS,LYS,LYS,LYS
1139,LEU,-,LEU,LEU,LEU,LEU,-,-,-,-,-,-,LEU,LEU,LEU,LEU,LEU
1140,ARG,-,ARG,ARG,ARG,ARG,-,-,-,-,-,-,ARG,ARG,ARG,ARG,ARG
1141,THR,-,THR,THR,THR,THR,-,-,-,-,-,-,THR,THR,THR,THR,THR
1142,LEU,-,LEU,LEU,LEU,LEU,-,-,-,-,-,-,LEU,LEU,LEU,LEU,LEU
1143,ASP,-,ASP,ASP,ASP,ASP,-,-,-,-,-,-,ASP,ASP,ASP,ASP,ASP
1144,VAL,-,VAL,VAL,VAL,VAL,-,-,-,-,-,-,VAL,VAL,VAL,VAL,VAL
1145,PHE,-,PHE,PHE,PHE,PHE,-,-,-,-,-,-,PHE,PHE,PHE,PHE,PHE
1146,SER,-,SER,SER,SER,SER,-,-,-,-,-,-,SER,SER,SER,SER,SER
1147,GLY,-,GLY,GLY,GLY,GLY,-,-,-,-,-,-,GLY,GLY,GLY,GLY,GLY
1148,CYS,-,CYS,CYS,CYS,CYS,-,-,-,-,-,-,CYS,CYS,CYS,CYS,CYS
1149,GLY,-,GLY,GLY,GLY,GLY,-,-,-,-,-,-,GLY,GLY,GLY,GLY,GLY
1150,GLY,-,GLY,GLY,GLY,GLY,-,-,-,-,-,-,GLY,GLY,GLY,GLY,GLY
1151,LEU,-,LEU,LEU,LEU,LEU,-,-,-,-,-,-,LEU,LEU,LEU,LEU,LEU
1152,SER,-,SER,SER,SER,SER,-,-,-,-,-,-,SER,SER,SER,SER,SER
1153,GLU,-,GLU,GLU,GLU,GLU,-,-,-,-,-,-,GLU,GLU,GLU,GLU,GLU
1154,GLY,-,GLY,GLY,GLY,GLY,-,-,-,-,-,-,GLY,GLY,GLY,GLY,GLY
1155,PHE,-,PHE,PHE,PHE,PHE,-,-,-,-,-,-,PHE,PHE,PHE,PHE,PHE
1156,HIS,-,HIS,HIS,HIS,HIS,-,-,-,-,-,-,HIS,HIS,HIS,HIS,HIS
1157,GLN,-,GLN,GLN,GLN,GLN,-,-,-,-,-,-,GLN,GLN,GLN,GLN,GLN
1158,ALA,-,ALA,ALA,ALA,ALA,-,-,-,-,-,-,ALA,ALA,ALA,ALA,ALA
1159,GLY,-,GLY,GLY,GLY,GLY,-,-,-,-,-,-,GLY,GLY,GLY,GLY,GLY
1160,ILE,-,ILE,ILE,ILE,ILE,-,-,-,-,-,-,ILE,ILE,ILE,ILE,ILE
1161,SER,-,SER,SER,SER,SER,-,-,-,-,-,-,SER,SER,SER,SER,SER
1162,ASP,-,ASP,ASP,ASP,ASP,-,-,-,-,-,-,ASP,ASP,ASP,ASP,ASP
1163,THR,-,THR,THR,THR,THR,-,-,-,-,-,-,THR,THR,THR,THR,THR
1164,LEU,-,LEU,LEU,LEU,LEU,-,-,-,-,-,-,LEU,LEU,LEU,LEU,LEU
1165,TRP,-,TRP,TRP,TRP,TRP,-,-,-,-,-,-,TRP,TRP,TRP,TRP,TRP
1166,ALA,-,ALA,ALA,ALA,ALA,-,-,-,-,-,-,ALA,ALA,ALA,ALA,ALA
1167,ILE,-,ILE,ILE,ILE,ILE,-,-,-,-,-,-,ILE,ILE,ILE,ILE,ILE
1168,GLU,-,GLU,GLU,GLU,GLU,-,-,-,-,-,-,GLU,GLU,GLU,GLU,GLU
1169,MET,-,MET,MET,MET,MET,-,-,-,-,-,-,MET,MET,MET,MET,MET
1170,TRP,-,TRP,TRP,TRP,TRP,-,-,-,-,-,-,TRP,TRP,TRP,TRP,TRP
1171,ASP,-,ASP,ASP,ASP,ASP,-,-,-,-,-,-,ASP,ASP,ASP,ASP,ASP
1172,PRO,-,PRO,PRO,PRO,PRO,-,-,-,-,-,-,PRO,PRO,PRO,PRO,PRO
1173,ALA,-,ALA,ALA,ALA,ALA,-,-,-,-,-,-,ALA,ALA,ALA,ALA,ALA
1174,ALA,-,ALA,ALA,ALA,ALA,-,-,-,-,-,-,ALA,ALA,ALA,ALA,ALA
1175,GLN,-,GLN,GLN,GLN,GLN,-,-,-,-,-,-,GLN,GLN,GLN,GLN,GLN
1176,ALA,-,ALA,ALA,ALA,ALA,-,-,-,-,-,-,ALA,ALA,ALA,ALA,ALA
1177,PHE,-,PHE,PHE,PHE,PHE,-,-,-,-,-,-,PHE,PHE,PHE,PHE,PHE
1178,ARG,-,ARG,ARG,ARG,ARG,-,-,-,-,-,-,ARG,ARG,ARG,ARG,ARG
1179,LEU,-,LEU,LEU,LEU,LEU,-,-,-,-,-,-,LEU,LEU,LEU,LEU,LEU
1180,ASN,-,ASN,ASN,ASN,ASN,-,-,-,-,-,-,ASN,ASN,ASN,ASN,ASN
1181,ASN,-,ASN,ASN,ASN,ASN,-,-,-,-,-,-,ASN,ASN,ASN,ASN,ASN
1182,PRO,-,PRO,PRO,PRO,PRO,-,-,-,-,-,-,PRO,PRO,PRO,PRO,PRO
1183,GLY,-,GLY,GLY,GLY,GLY,-,-,-,-,-,-,GLY,GLY,GLY,GLY,GLY
1184,SER,-,SER,SER,SER,SER,-,-,-,-,-,-,SER,SER,SER,SER,SER
1185,THR,-,THR,THR,THR,THR,-,-,-,-,-,-,THR,THR,THR,THR,THR
1186,VAL,-,VAL,VAL,VAL,VAL,-,-,-,-,-,-,VAL,VAL,VAL,VAL,VAL
1187,PHE,-,PHE,PHE,PHE,PHE,-,-,-,-,-,-,PHE,PHE,PHE,PHE,PHE
1188,THR,-,THR,THR,THR,THR,-,-,-,-,-,-,THR,THR,THR,THR,THR
1189,GLU,-,GLU,GLU,GLU,GLU,-,-,-,-,-,-,GLU,GLU,GLU,GLU,GLU
1190,ASP,-,ASP,ASP,ASP,ASP,-,-,-,-,-,-,ASP,ASP,ASP,ASP,ASP
1191,CYS,-,CYS,CYS,CYS,CYS,-,-,-,-,-,-,CYS,CYS,CYS,CYS,CYS
1192,ASN,-,ASN,ASN,ASN,ASN,-,-,-,-,-,-,ASN,ASN,ASN,ASN,ASN
1193,ILE,-,ILE,ILE,ILE,ILE,-,-,-,-,-,-,ILE,ILE,ILE,ILE,ILE
1194,LEU,-,LEU,LEU,LEU,LEU,-,-,-,-,-,-,LEU,LEU,LEU,LEU,LEU
1195,LEU,-,LEU,LEU,LEU,LEU,-,-,-,-,-,-,LEU,LEU,LEU,LEU,LEU
1196,LYS,-,LYS,LYS,LYS,LYS,-,-,-,-,-,-,LYS,LYS,LYS,LYS,LYS
1197,LEU,-,LEU,LEU,LEU,LEU,-,-,-,-,-,-,LEU,LEU,LEU,LEU,LEU
1198,VAL,-,VAL,VAL,VAL,VAL,-,-,-,-,-,-,VAL,VAL,VAL,VAL,VAL
1199,MET,-,MET,MET,MET,MET,-,-,-,-,-,-,MET,MET,MET,MET,MET
1200,ALA,-,ALA,ALA,ALA,ALA,-,-,-,-,-,-,ALA,ALA,ALA,ALA,ALA
1201,GLY,-,GLY,GLY,GLY,GLY,-,-,-,-,-,-,GLY,GLY,GLY,GLY,GLY
1202,GLU,-,GLU,GLU,GLU,GLU,-,-,-,-,-,-,GLU,GLU,GLU,GLU,GLU
1203,THR,-,THR,THR,THR,THR,-,-,-,-,-,-,THR,THR,THR,THR,THR
1204,THR,-,THR,THR,THR,THR,-,-,-,-,-,-,THR,THR,THR,THR,THR
1205,ASN,-,ASN,ASN,ASN,ASN,-,-,-,-,-,-,ASN,ASN,ASN,ASN,ASN
1206,SER,-,SER,SER,SER,SER,-,-,-,-,-,-,SER,SER,SER,SER,SER
1207,ARG,-,ARG,ARG,ARG,ARG,-,-,-,-,-,-,ARG,ARG,ARG,ARG,ARG
1208,GLY,-,GLY,GLY,GLY,GLY,-,-,-,-,-,-,GLY,GLY,GLY,GLY,GLY
1209,GLN,-,GLN,GLN,GLN,GLN,-,-,-,-,-,-,GLN,GLN,GLN,GLN,GLN
1210,ARG,-,ARG,ARG,ARG,ARG,-,-,-,-,-,-,ARG,ARG,ARG,ARG,ARG
1211,LEU,-,LEU,LEU,LEU,LEU,-,-,-,-,-,-,LEU,LEU,LEU,LEU,LEU
1212,PRO,-,PRO,PRO,PRO,PRO,-,-,-,-,-,-,PRO,PRO,PRO,PRO,PRO
1213,GLN,-,GLN,GLN,GLN,GLN,-,-,-,-,-,-,GLN,GLN,GLN,GLN,GLN
1214,LYS,-,LYS,LYS,LYS,LYS,-,-,-,-,-,-,LYS,LYS,LYS,LYS,LYS
1215,GLY,-,GLY,GLY,GLY,GLY,-,-,-,-,-,-,GLY,GLY,GLY,GLY,GLY
1216,ASP,-,ASP,ASP,ASP,ASP,-,-,-,-,-,-,ASP,ASP,ASP,ASP,ASP
1217,VAL,-,VAL,VAL,VAL,VAL,-,-,-,-,-,-,VAL,VAL,VAL,VAL,VAL
1218,GLU,-,GLU,GLU,GLU,GLU,-,-,-,-,-,-,GLU,GLU,GLU,GLU,GLU
1219,MET,-,MET,MET,MET,MET,-,-,-,-,-,-,MET,MET,MET,MET,MET
1220,LEU,-,LEU,LEU,LEU,LEU,-,-,-,-,-,-,LEU,LEU,LEU,LEU,LEU
1221,CYS,-,CYS,CYS,CYS,CYS,-,-,-,-,-,-,CYS,CYS,CYS,CYS,CYS
1222,GLY,-,GLY,GLY,GLY,GLY,-,-,-,-,-,-,GLY,GLY,GLY,GLY,GLY
1223,GLY,-,GLY,GLY,GLY,GLY,-,-,-,-,-,-,GLY,GLY,GLY,GLY,GLY
1224,PRO,-,PRO,PRO,PRO,PRO,-,-,-,-,-,-,PRO,PRO,PRO,PRO,PRO
1225,PRO,-,PRO,PRO,PRO,PRO,-,-,-,-,-,-,PRO,PRO,PRO,PRO,PRO
1226,CYS,-,CYS,CYS,CYS,CYS,-,-,-,-,-,-,CYS,CYS,CYS,CYS,CYS
1227,GLN,-,GLN,GLN,GLN,GLN,-,-,-,-,-,-,GLN,GLN,GLN,GLN,GLN
1228,GLY,-,GLY,GLY,GLY,GLY,-,-,-,-,-,-,GLY,GLY,GLY,GLY,GLY
1229,PHE,-,PHE,PHE,PHE,PHE,-,-,-,-,-,-,PHE,PHE,PHE,PHE,PHE
1230,SER,-,SER,SER,SER,SER,-,-,-,-,-,-,SER,SER,SER,SER,SER
1231,GLY,-,GLY,GLY,GLY,GLY,-,-,-,-,-,-,GLY,GLY,GLY,GLY,GLY
1232,MET,-,MET,MET,MET,MET,-,-,-,-,-,-,MET,MET,MET,MET,MET
1233,ASN,-,ASN,ASN,ASN,ASN,-,-,-,-,-,-,ASN,ASN,ASN,ASN,ASN
1234,ARG,-,ARG,ARG,ARG,ARG,-,-,-,-,-,-,ARG,ARG,ARG,ARG,ARG
1235,PHE,-,PHE,PHE,PHE,PHE,-,-,-,-,-,-,PHE,PHE,PHE,PHE,PHE
1236,ASN,-,ASN,ASN,ASN,ASN,-,-,-,-,-,-,ASN,ASN,ASN,ASN,ASN
1237,SER,-,SER,SER,SER,SER,-,-,-,-,-,-,SER,SER,SER,SER,SER
1238,ARG,-,ARG,ARG,ARG,ARG,-,-,-,-,-,-,ARG,ARG,ARG,ARG,ARG
1239,THR,-,THR,THR,THR,THR,-,-,-,-,-,-,THR,THR,THR,THR,THR
1240,TYR,-,TYR,TYR,TYR,TYR,-,-,-,-,-,-,TYR,TYR,TYR,TYR,TYR
1241,SER,-,SER,SER,SER,SER,-,-,-,-,-,-,SER,SER,SER,SER,SER
1242,LYS,-,LYS,LYS,LYS,LYS,-,-,-,-,-,-,LYS,LYS,LYS,LYS,LYS
1243,PHE,-,PHE,PHE,PHE,PHE,-,-,-,-,-,-,PHE,PHE,PHE,PHE,PHE
1244,LYS,-,LYS,LYS,LYS,LYS,-,-,-,-,-,-,LYS,LYS,LYS,LYS,LYS
1245,ASN,-,ASN,ASN,ASN,ASN,-,-,-,-,-,-,ASN,ASN,ASN,ASN,ASN
1246,SER,-,SER,SER,SER,SER,-,-,-,-,-,-,SER,SER,SER,SER,SER
1247,LEU,-,LEU,LEU,LEU,LEU,-,-,-,-,-,-,LEU,LEU,LEU,LEU,LEU
1248,VAL,-,VAL,VAL,VAL,VAL,-,-,-,-,-,-,VAL,VAL,VAL,VAL,VAL
1249,VAL,-,VAL,VAL,VAL,VAL,-,-,-,-,-,-,VAL,VAL,VAL,VAL,VAL
1250,SER,-,SER,SER,SER,SER,-,-,-,-,-,-,SER,SER,SER,SER,SER
1251,PHE,-,PHE,PHE,PHE,PHE,-,-,-,-,-,-,PHE,PHE,PHE,PHE,PHE
1252,LEU,-,LEU,LEU,LEU,LEU,-,-,-,-,-,-,LEU,LEU,LEU,LEU,LEU
1253,SER,-,SER,SER,SER,SER,-,-,-,-,-,-,SER,SER,SER,SER,SER
1254,TYR,-,TYR,TYR,TYR,TYR,-,-,-,-,-,-,TYR,TYR,TYR,TYR,TYR
1255,CYS,-,CYS,CYS,CYS,CYS,-,-,-,-,-,-,CYS,CYS,CYS,CYS,CYS
1256,ASP,-,ASP,ASP,ASP,ASP,-,-,-,-,-,-,ASP,ASP,ASP,ASP,ASP
1257,TYR,-,TYR,TYR,TYR,TYR,-,-,-,-,-,-,TYR,TYR,TYR,TYR,TYR
1258,TYR,-,TYR,TYR,TYR,TYR,-,-,-,-,-,-,TYR,TYR,TYR,TYR,TYR
1259,ARG,-,ARG,ARG,ARG,ARG,-,-,-,-,-,-,ARG,ARG,ARG,ARG,ARG
1260,PRO,-,PRO,PRO,PRO,PRO,-,-,-,-,-,-,PRO,PRO,PRO,PRO,PRO
1261,ARG,-,ARG,ARG,ARG,ARG,-,-,-,-,-,-,ARG,ARG,ARG,ARG,ARG
1262,PHE,-,PHE,PHE,PHE,PHE,-,-,-,-,-,-,PHE,PHE,PHE,PHE,PHE
1263,PHE,-,PHE,PHE,PHE,PHE,-,-,-,-,-,-,PHE,PHE,PHE,PHE,PHE
1264,LEU,-,LEU,LEU,LEU,LEU,-,-,-,-,-,-,LEU,LEU,LEU,LEU,LEU
1265,LEU,-,LEU,LEU,LEU,LEU,-,-,-,-,-,-,LEU,LEU,LEU,LEU,LEU
1266,GLU,-,GLU,GLU,GLU,GLU,-,-,-,-,-,-,GLU,GLU,GLU,GLU,GLU
1267,ASN,-,ASN,ASN,ASN,ASN,-,-,-,-,-,-,ASN,ASN,ASN,ASN,ASN
1268,VAL,-,VAL,VAL,VAL,VAL,-,-,-,-,-,-,VAL,VAL,VAL,VAL,VAL
1269,ARG,-,ARG,ARG,ARG,ARG,-,-,-,-,-,-,ARG,ARG,ARG,ARG,ARG
1270,ASN,-,ASN,ASN,ASN,ASN,-,-,-,-,-,-,ASN,ASN,ASN,ASN,ASN
1271,PHE,-,PHE,PHE,PHE,PHE,-,-,-,-,-,-,PHE,PHE,PHE,PHE,PHE
1272,VAL,-,VAL,VAL,VAL,VAL,-,-,-,-,-,-,VAL,VAL,VAL,VAL,VAL
1273,SER,-,SER,SER,SER,SER,-,-,-,-,-,-,SER,SER,SER,SER,SER
1274,PHE,-,PHE,PHE,PHE,PHE,-,-,-,-,-,-,PHE,PHE,PHE,PHE,PHE
1275,LYS,-,LYS,LYS,LYS,LYS,-,-,-,-,-,-,LYS,LYS,LYS,LYS,LYS
1276,ARG,-,ARG,ARG,ARG,ARG,-,-,-,-,-,-,ARG,ARG,ARG,ARG,ARG
1277,SER,-,SER,SER,SER,SER,-,-,-,-,-,-,SER,SER,SER,SER,SER
1278,MET,-,MET,MET,MET,MET,-,-,-,-,-,-,MET,MET,MET,MET,MET
1279,VAL,-,VAL,VAL,VAL,VAL,-,-,-,-,-,-,VAL,VAL,VAL,VAL,VAL
1280,LEU,-,LEU,LEU,LEU,LEU,-,-,-,-,-,-,LEU,LEU,LEU,LEU,LEU
1281,LYS,-,LYS,LYS,LYS,LYS,-,-,-,-,-,-,LYS,LYS,LYS,LYS,LYS
1282,LEU,-,LEU,LEU,LEU,LEU,-,-,-,-,-,-,LEU,LEU,LEU,LEU,LEU
1283,THR,-,THR,THR,THR,THR,-,-,-,-,-,-,THR,THR,THR,THR,THR
1284,LEU,-,LEU,LEU,LEU,LEU,-,-,-,-,-,-,LEU,LEU,LEU,LEU,LEU
1285,ARG,-,ARG,ARG,ARG,ARG,-,-,-,-,-,-,ARG,ARG,ARG,ARG,ARG
1286,CYS,-,CYS,CYS,CYS,CYS,-,-,-,-,-,-,CYS,CYS,CYS,CYS,CYS
1287,LEU,-,LEU,LEU,LEU,LEU,-,-,-,-,-,-,LEU,LEU,LEU,LEU,LEU
1288,VAL,-,VAL,VAL,VAL,VAL,-,-,-,-,-,-,VAL,VAL,VAL,VAL,VAL
1289,ARG,-,ARG,ARG,ARG,ARG,-,-,-,-,-,-,ARG,ARG,ARG,ARG,ARG
1290,MET,-,MET,MET,MET,MET,-,-,-,-,-,-,MET,MET,MET,MET,MET
1291,GLY,-,GLY,GLY,GLY,GLY,-,-,-,-,-,-,GLY,GLY,GLY,GLY,GLY
1292,TYR,-,TYR,TYR,TYR,TYR,-,-,-,-,-,-,TYR,TYR,TYR,TYR,TYR
1293,GLN,-,GLN,GLN,GLN,GLN,-,-,-,-,-,-,GLN,GLN,GLN,GLN,GLN
1294,CYS,-,CYS,CYS,CYS,CYS,-,-,-,-,-,-,CYS,CYS,CYS,CYS,CYS
1295,THR,-,THR,THR,THR,THR,-,-,-,-,-,-,THR,THR,THR,THR,THR
1296,PHE,-,PHE,PHE,PHE,PHE,-,-,-,-,-,-,PHE,PHE,PHE,PHE,PHE
1297,GLY,-,GLY,GLY,GLY,GLY,-,-,-,-,-,-,GLY,GLY,GLY,GLY,GLY
1298,VAL,-,VAL,VAL,VAL,VAL,-,-,-,-,-,-,VAL,VAL,VAL,VAL,VAL
1299,LEU,-,LEU,LEU,LEU,LEU,-,-,-,-,-,-,LEU,LEU,LEU,LEU,LEU
1300,GLN,-,GLN,GLN,GLN,GLN,-,-,-,-,-,-,GLN,GLN,GLN,GLN,GLN
1301,ALA,-,ALA,ALA,ALA,ALA,-,-,-,-,-,-,ALA,ALA,ALA,ALA,ALA
1302,GLY,-,GLY,GLY,GLY,GLY,-,-,-,-,-,-,GLY,GLY,GLY,GLY,GLY
1303,GLN,-,GLN,GLN,GLN,GLN,-,-,-,-,-,-,GLN,GLN,GLN,GLN,GLN
1304,TYR,-,TYR,TYR,TYR,TYR,-,-,-,-,-,-,TYR,TYR,TYR,TYR,TYR
1305,GLY,-,GLY,GLY,GLY,GLY,-,-,-,-,-,-,GLY,GLY,GLY,GLY,GLY
1306,VAL,-,VAL,VAL,VAL,VAL,-,-,-,-,-,-,VAL,VAL,VAL,VAL,VAL
1307,ALA,-,ALA,ALA,ALA,ALA,-,-,-,-,-,-,ALA,ALA,ALA,ALA,ALA
1308,GLN,-,GLN,GLN,GLN,GLN,-,-,-,-,-,-,GLN,GLN,GLN,GLN,GLN
1309,THR,-,THR,THR,THR,THR,-,-,-,-,-,-,THR,THR,THR,THR,THR
1310,ARG,-,ARG,ARG,ARG,ARG,-,-,-,-,-,-,ARG,ARG,ARG,ARG,ARG
1311,ARG,-,ARG,ARG,ARG,ARG,-,-,-,-,-,-,ARG,ARG,ARG,ARG,ARG
1312,ARG,-,ARG,ARG,ARG,ARG,-,-,-,-,-,-,ARG,ARG,ARG,ARG,ARG
1313,ALA,-,ALA,ALA,ALA,ALA,-,-,-,-,-,-,ALA,ALA,ALA,ALA,ALA
1314,ILE,-,ILE,ILE,ILE,ILE,-,-,-,-,-,-,ILE,ILE,ILE,ILE,ILE
1315,ILE,-,ILE,ILE,ILE,ILE,-,-,-,-,-,-,ILE,ILE,ILE,ILE,ILE
1316,LEU,-,LEU,LEU,LEU,LEU,-,-,-,-,-,-,LEU,LEU,LEU,LEU,LEU
1317,ALA,-,ALA,ALA,ALA,ALA,-,-,-,-,-,-,ALA,ALA,ALA,ALA,ALA
1318,ALA,-,ALA,ALA,ALA,ALA,-,-,-,-,-,-,ALA,ALA,ALA,ALA,ALA
1319,ALA,-,ALA,ALA,ALA,ALA,-,-,-,-,-,-,ALA,ALA,ALA,ALA,ALA
1320,PRO,-,PRO,PRO,PRO,PRO,-,-,-,-,-,-,PRO,PRO,PRO,PRO,PRO
1321,GLY,-,GLY,GLY,GLY,GLY,-,-,-,-,-,-,GLY,GLY,GLY,GLY,GLY
1322,GLU,-,GLU,GLU,GLU,GLU,-,-,-,-,-,-,GLU,GLU,GLU,GLU,GLU
1323,LYS,-,LYS,LYS,LYS,LYS,-,-,-,-,-,-,LYS,LYS,LYS,LYS,LYS
1324,LEU,-,LEU,LEU,LEU,LEU,-,-,-,-,-,-,LEU,LEU,LEU,LEU,LEU
1325,PRO,-,PRO,PRO,PRO,PRO,-,-,-,-,-,-,PRO,PRO,PRO,PRO,PRO
1326,LEU,-,LEU,LEU,LEU,LEU,-,-,-,-,-,-,LEU,LEU,LEU,LEU,LEU
1327,PHE,-,PHE,PHE,PHE,PHE,-,-,-,-,-,-,PHE,PHE,PHE,PHE,PHE
1328,PRO,-,PRO,PRO,PRO,PRO,-,-,-,-,-,-,PRO,PRO,PRO,PRO,PRO
1329,GLU,-,GLU,GLU,GLU,GLU,-,-,-,-,-,-,GLU,GLU,GLU,GLU,GLU
1330,PRO,-,PRO,PRO,PRO,PRO,-,-,-,-,-,-,PRO,PRO,PRO,PRO,PRO
1331,LEU,-,LEU,LEU,LEU,LEU,-,-,-,-,-,-,LEU,LEU,LEU,LEU,LEU
1332,HIS,-,HIS,HIS,HIS,HIS,-,-,-,-,-,-,HIS,HIS,HIS,HIS,HIS
1333,VAL,-,VAL,VAL,VAL,VAL,-,-,-,-,-,-,VAL,VAL,VAL,VAL,VAL
1334,PHE,-,PHE,PHE,PHE,PHE,-,-,-,-,-,-,PHE,PHE,PHE,PHE,PHE
1335,ALA,-,ALA,ALA,ALA,ALA,-,-,-,-,-,-,ALA,ALA,ALA,ALA,ALA
1336,PRO,-,PRO,PRO,PRO,PRO,-,-,-,-,-,-,PRO,PRO,PRO,PRO,PRO
1337,ARG,-,ARG,ARG,ARG,ARG,-,-,-,-,-,-,ARG,ARG,ARG,ARG,ARG
1338,ALA,-,ALA,ALA,ALA,ALA,-,-,-,-,-,-,ALA,ALA,ALA,ALA,ALA
1339,CYS,-,CYS,CYS,CYS,CYS,-,-,-,-,-,-,CYS,CYS,CYS,CYS,CYS
1340,GLN,-,GLN,GLN,GLN,GLN,-,-,-,-,-,-,GLN,GLN,GLN,GLN,GLN
1341,LEU,-,LEU,LEU,LEU,LEU,-,-,-,-,-,-,LEU,LEU,LEU,LEU,LEU
1342,SER,-,SER,SER,SER,SER,-,-,-,-,-,-,SER,SER,SER,SER,SER
1343,VAL,-,VAL,VAL,VAL,VAL,-,-,-,-,-,-,VAL,VAL,VAL,VAL,VAL
1344,VAL,-,VAL,VAL,VAL,VAL,-,-,-,-,-,-,VAL,VAL,VAL,VAL,VAL
1345,VAL,-,VAL,VAL,VAL,VAL,-,-,-,-,-,-,VAL,VAL,VAL,VAL,VAL
1346,ASP,-,ASP,ASP,ASP,ASP,-,-,-,-,-,-,ASP,ASP,ASP,ASP,ASP
1347,ASP,-,ASP,ASP,ASP,ASP,-,-,-,-,-,-,ASP,ASP,ASP,ASP,ASP
1348,LYS,-,LYS,LYS,LYS,LYS,-,-,-,-,-,-,LYS,LYS,LYS,LYS,LYS
1349,LYS,-,LYS,LYS,LYS,LYS,-,-,-,-,-,-,LYS,LYS,LYS,LYS,LYS
1350,PHE,-,PHE,PHE,PHE,PHE,-,-,-,-,-,-,PHE,PHE,PHE,PHE,PHE
1351,VAL,-,VAL,VAL,VAL,VAL,-,-,-,-,-,-,VAL,VAL,VAL,VAL,VAL
1352,SER,-,SER,SER,SER,SER,-,-,-,-,-,-,SER,SER,SER,SER,SER
1353,ASN,-,ASN,ASN,ASN,ASN,-,-,-,-,-,-,ASN,ASN,ASN,ASN,ASN
1354,ILE,-,ILE,ILE,ILE,ILE,-,-,-,-,-,-,ILE,ILE,ILE,ILE,ILE
1355,THR,-,THR,THR,THR,THR,-,-,-,-,-,-,THR,THR,THR,THR,THR
1356,ARG,-,ARG,ARG,ARG,ARG,-,-,-,-,-,-,ARG,ARG,ARG,ARG,ARG
1357,LEU,-,LEU,LEU,LEU,LEU,-,-,-,-,-,-,LEU,LEU,LEU,LEU,LEU
1358,SER,-,SER,SER,SER,SER,-,-,-,-,-,-,SER,SER,SER,SER,SER
1359,SER,-,SER,SER,SER,SER,-,-,-,-,-,-,SER,SER,SER,SER,SER
1360,GLY,-,GLY,GLY,GLY,GLY,-,-,-,-,-,-,GLY,GLY,GLY,GLY,GLY
1361,PRO,-,PRO,PRO,PRO,PRO,-,-,-,-,-,-,PRO,PRO,PRO,PRO,PRO
1362,PHE,-,PHE,PHE,PHE,PHE,-,-,-,-,-,-,PHE,PHE,PHE,PHE,PHE
1363,ARG,-,ARG,ARG,ARG,ARG,-,-,-,-,-,-,ARG,ARG,ARG,ARG,ARG
1364,THR,-,THR,THR,THR,THR,-,-,-,-,-,-,THR,THR,THR,THR,THR
1365,ILE,-,ILE,ILE,ILE,ILE,-,-,-,-,-,-,ILE,ILE,ILE,ILE,ILE
1366,THR,-,THR,THR,THR,THR,-,-,-,-,-,-,THR,THR,THR,THR,THR
1367,VAL,-,VAL,VAL,VAL,VAL,-,-,-,-,-,-,VAL,VAL,VAL,VAL,VAL
1368,ARG,-,ARG,ARG,ARG,ARG,-,-,-,-,-,-,ARG,ARG,ARG,ARG,ARG
1369,ASP,-,ASP,ASP,ASP,ASP,-,-,-,-,-,-,ASP,ASP,ASP,ASP,ASP
1370,THR,-,THR,THR,THR,THR,-,-,-,-,-,-,THR,THR,THR,THR,THR
1371,MET,-,MET,MET,MET,MET,-,-,-,-,-,-,MET,MET,MET,MET,MET
1372,SER,-,SER,SER,SER,SER,-,-,-,-,-,-,SER,SER,SER,SER,SER
1373,ASP,-,ASP,ASP,ASP,ASP,-,-,-,-,-,-,ASP,ASP,ASP,ASP,ASP
1374,LEU,-,LEU,LEU,LEU,LEU,-,-,-,-,-,-,LEU,LEU,LEU,LEU,LEU
1375,PRO,-,PRO,PRO,PRO,PRO,-,-,-,-,-,-,PRO,PRO,PRO,PRO,PRO
1376,GLU,-,GLU,GLU,GLU,GLU,-,-,-,-,-,-,GLU,GLU,GLU,GLU,GLU
1377,VAL,-,VAL,VAL,VAL,VAL,-,-,-,-,-,-,VAL,VAL,VAL,VAL,VAL
1378,ARG,-,ARG,ARG,ARG,ARG,-,-,-,-,-,-,ARG,ARG,ARG,ARG,ARG
1379,ASN,-,ASN,ASN,ASN,ASN,-,-,-,-,-,-,ASN,ASN,ASN,ASN,ASN
1380,GLY,-,GLY,GLY,GLY,GLY,-,-,-,-,-,-,GLY,GLY,GLY,GLY,GLY
1381,ALA,-,ALA,ALA,ALA,ALA,-,-,-,-,-,-,ALA,ALA,ALA,ALA,ALA
1382,SER,-,SER,SER,SER,SER,-,-,-,-,-,-,SER,SER,SER,SER,SER
1383,ALA,-,ALA,ALA,ALA,ALA,-,-,-,-,-,-,ALA,ALA,ALA,ALA,ALA
1384,LEU,-,LEU,LEU,LEU,LEU,-,-,-,-,-,-,LEU,LEU,LEU,LEU,LEU
1385,GLU,-,GLU,GLU,GLU,GLU,-,-,-,-,-,-,GLU,GLU,GLU,GLU,GLU
1386,ILE,-,ILE,ILE,ILE,ILE,-,-,-,-,-,-,ILE,ILE,ILE,ILE,ILE
1387,SER,-,SER,SER,SER,SER,-,-,-,-,-,-,SER,SER,SER,SER,SER
1388,TYR,-,TYR,TYR,TYR,TYR,-,-,-,-,-,-,TYR,TYR,TYR,TYR,TYR
1389,ASN,-,ASN,ASN,ASN,ASN,-,-,-,-,-,-,ASN,ASN,ASN,ASN,ASN
1390,GLY,-,GLY,GLY,GLY,GLY,-,-,-,-,-,-,GLY,GLY,GLY,GLY,GLY
1391,GLU,-,GLU,GLU,GLU,GLU,-,-,-,-,-,-,GLU,GLU,GLU,GLU,GLU
1392,PRO,-,PRO,PRO,PRO,PRO,-,-,-,-,-,-,PRO,PRO,PRO,PRO,PRO
1393,GLN,-,GLN,GLN,GLN,GLN,-,-,-,-,-,-,GLN,GLN,GLN,GLN,GLN
1394,SER,-,SER,SER,SER,SER,-,-,-,-,-,-,SER,SER,SER,SER,SER
1395,TRP,-,TRP,TRP,TRP,TRP,-,-,-,-,-,-,TRP,TRP,TRP,TRP,TRP
1396,PHE,-,PHE,PHE,PHE,PHE,-,-,-,-,-,-,PHE,PHE,PHE,PHE,PHE
1397,GLN,-,GLN,GLN,GLN,GLN,-,-,-,-,-,-,GLN,GLN,GLN,GLN,GLN
1398,ARG,-,ARG,ARG,ARG,ARG,-,-,-,-,-,-,ARG,ARG,ARG,ARG,ARG
1399,GLN,-,GLN,GLN,GLN,GLN,-,-,-,-,-,-,GLN,GLN,GLN,GLN,GLN
1400,LEU,-,LEU,LEU,LEU,LEU,-,-,-,-,-,-,LEU,LEU,LEU,LEU,LEU
1401,ARG,-,ARG,ARG,ARG,ARG,-,-,-,-,-,-,ARG,ARG,ARG,ARG,ARG
1402,GLY,-,GLY,GLY,GLY,GLY,-,-,-,-,-,-,GLY,GLY,GLY,GLY,GLY
1403,ALA,-,ALA,ALA,ALA,ALA,-,-,-,-,-,-,ALA,ALA,ALA,ALA,ALA
1404,GLN,-,GLN,GLN,GLN,GLN,-,-,-,-,-,-,GLN,GLN,GLN,GLN,GLN
1405,TYR,-,TYR,TYR,TYR,TYR,-,-,-,-,-,-,TYR,TYR,TYR,TYR,TYR
1406,GLN,-,GLN,GLN,GLN,GLN,-,-,-,-,-,-,GLN,GLN,GLN,GLN,GLN
1407,PRO,-,PRO,PRO,PRO,PRO,-,-,-,-,-,-,PRO,PRO,PRO,PRO,PRO
1408,ILE,-,ILE,ILE,ILE,ILE,-,-,-,-,-,-,ILE,ILE,ILE,ILE,ILE
1409,LEU,-,LEU,LEU,LEU,LEU,-,-,-,-,-,-,LEU,LEU,LEU,LEU,LEU
1410,ARG,-,ARG,ARG,ARG,ARG,-,-,-,-,-,-,ARG,ARG,ARG,ARG,ARG
1411,ASP,-,ASP,ASP,ASP,ASP,-,-,-,-,-,-,ASP,ASP,ASP,ASP,ASP
1412,HIS,-,HIS,HIS,HIS,HIS,-,-,-,-,-,-,HIS,HIS,HIS,HIS,HIS
1413,ILE,-,ILE,ILE,ILE,ILE,-,-,-,-,-,-,ILE,ILE,ILE,ILE,ILE
1414,CYS,-,CYS,CYS,CYS,CYS,-,-,-,-,-,-,CYS,CYS,CYS,CYS,CYS
1415,LYS,-,LYS,LYS,LYS,LYS,-,-,-,-,-,-,LYS,LYS,LYS,LYS,LYS
1416,ASP,-,ASP,ASP,ASP,ASP,-,-,-,-,-,-,ASP,ASP,ASP,ASP,ASP
1417,MET,-,MET,MET,MET,MET,-,-,-,-,-,-,MET,MET,MET,MET,MET
1418,SER,-,SER,SER,SER,SER,-,-,-,-,-,-,SER,SER,SER,SER,SER
1419,ALA,-,ALA,ALA,ALA,ALA,-,-,-,-,-,-,ALA,ALA,ALA,ALA,ALA
1420,LEU,-,LEU,LEU,LEU,LEU,-,-,-,-,-,-,LEU,LEU,LEU,LEU,LEU
1421,VAL,-,VAL,VAL,VAL,VAL,-,-,-,-,-,-,VAL,VAL,VAL,VAL,VAL
1422,ALA,-,ALA,ALA,ALA,ALA,-,-,-,-,-,-,ALA,ALA,ALA,ALA,ALA
1423,ALA,-,ALA,ALA,ALA,ALA,-,-,-,-,-,-,ALA,ALA,ALA,ALA,ALA
1424,ARG,-,ARG,ARG,ARG,ARG,-,-,-,-,-,-,ARG,ARG,ARG,ARG,ARG
1425,MET,-,MET,MET,MET,MET,-,-,-,-,-,-,MET,MET,MET,MET,MET
1426,ARG,-,ARG,ARG,ARG,ARG,-,-,-,-,-,-,ARG,ARG,ARG,ARG,ARG
1427,HIS,-,HIS,HIS,HIS,HIS,-,-,-,-,-,-,HIS,HIS,HIS,HIS,HIS
1428,ILE,-,ILE,ILE,ILE,ILE,-,-,-,-,-,-,ILE,ILE,ILE,ILE,ILE
1429,PRO,-,PRO,PRO,PRO,PRO,-,-,-,-,-,-,PRO,PRO,PRO,PRO,PRO
1430,LEU,-,LEU,LEU,LEU,LEU,-,-,-,-,-,-,LEU,LEU,LEU,LEU,LEU
1431,ALA,-,ALA,ALA,ALA,ALA,-,-,-,-,-,-,ALA,ALA,ALA,ALA,ALA
1432,PRO,-,PRO,PRO,PRO,PRO,-,-,-,-,-,-,PRO,PRO,PRO,PRO,PRO
1433,GLY,-,GLY,GLY,GLY,GLY,-,-,-,-,-,-,GLY,GLY,GLY,GLY,GLY
1434,SER,-,SER,SER,SER,SER,-,-,-,-,-,-,SER,SER,SER,SER,SER
1435,ASP,-,ASP,ASP,ASP,ASP,-,-,-,-,-,-,ASP,ASP,ASP,ASP,ASP
1436,TRP,-,TRP,TRP,TRP,TRP,-,-,-,-,-,-,TRP,TRP,TRP,TRP,TRP
1437,ARG,-,ARG,ARG,ARG,ARG,-,-,-,-,-,-,ARG,ARG,ARG,ARG,ARG
1438,ASP,-,ASP,ASP,ASP,ASP,-,-,-,-,-,-,ASP,ASP,ASP,ASP,ASP
1439,LEU,-,LEU,LEU,LEU,LEU,-,-,-,-,-,-,LEU,LEU,LEU,LEU,LEU
1440,PRO,-,PRO,PRO,PRO,PRO,-,-,-,-,-,-,PRO,PRO,PRO,PRO,PRO
1441,ASN,-,ASN,ASN,ASN,ASN,-,-,-,-,-,-,ASN,ASN,ASN,ASN,ASN
1442,ILE,-,ILE,ILE,ILE,ILE,-,-,-,-,-,-,ILE,ILE,ILE,ILE,ILE
1443,GLU,-,GLU,GLU,GLU,GLU,-,-,-,-,-,-,GLU,GLU,GLU,GLU,GLU
1444,VAL,-,VAL,VAL,VAL,VAL,-,-,-,-,-,-,VAL,VAL,VAL,VAL,VAL
1445,ARG,-,ARG,ARG,ARG,ARG,-,-,-,-,-,-,ARG,ARG,ARG,ARG,ARG
1446,LEU,-,LEU,LEU,LEU,LEU,-,-,-,-,-,-,LEU,LEU,LEU,LEU,LEU
1447,SER,-,SER,SER,SER,SER,-,-,-,-,-,-,SER,SER,SER,SER,SER
1448,ASP,-,ASP,ASP,ASP,ASP,-,-,-,-,-,-,ASP,ASP,ASP,ASP,ASP
1449,GLY,-,GLY,GLY,GLY,GLY,-,-,-,-,-,-,GLY,GLY,GLY,GLY,GLY
1450,THR,-,THR,THR,THR,THR,-,-,-,-,-,-,THR,THR,THR,THR,THR
1451,MET,-,MET,MET,MET,MET,-,-,-,-,-,-,MET,MET,MET,MET,MET
1452,ALA,-,ALA,ALA,ALA,ALA,-,-,-,-,-,-,ALA,ALA,ALA,ALA,ALA
1453,ARG,-,ARG,ARG,ARG,ARG,-,-,-,-,-,-,ARG,ARG,ARG,ARG,ARG
1454,LYS,-,LYS,LYS,LYS,LYS,-,-,-,-,-,-,LYS,LYS,LYS,LYS,LYS
1455,LEU,-,LEU,LEU,LEU,LEU,-,-,-,-,-,-,LEU,LEU,LEU,LEU,LEU
1456,ARG,-,ARG,ARG,ARG,ARG,-,-,-,-,-,-,ARG,ARG,ARG,ARG,ARG
1457,TYR,-,TYR,TYR,TYR,TYR,-,-,-,-,-,-,TYR,TYR,TYR,TYR,TYR
1458,THR,-,THR,THR,THR,THR,-,-,-,-,-,-,THR,THR,THR,THR,THR
1459,HIS,-,HIS,HIS,HIS,HIS,-,-,-,-,-,-,HIS,HIS,HIS,HIS,HIS
1460,HIS,-,HIS,HIS,HIS,HIS,-,-,-,-,-,-,HIS,HIS,HIS,HIS,HIS
1461,ASP,-,ASP,ASP,ASP,ASP,-,-,-,-,-,-,ASP,ASP,ASP,ASP,ASP
1462,ARG,-,ARG,ARG,ARG,ARG,-,-,-,-,-,-,ARG,ARG,ARG,ARG,ARG
1463,LYS,-,LYS,LYS,LYS,LYS,-,-,-,-,-,-,LYS,LYS,LYS,LYS,LYS
1464,ASN,-,ASN,ASN,ASN,ASN,-,-,-,-,-,-,ASN,ASN,ASN,ASN,ASN
1465,GLY,-,GLY,GLY,GLY,GLY,-,-,-,-,-,-,GLY,GLY,GLY,GLY,GLY
1466,ARG,-,ARG,ARG,ARG,ARG,-,-,-,-,-,-,ARG,ARG,ARG,ARG,ARG
1467,SER,-,SER,SER,SER,SER,-,-,-,-,-,-,SER,SER,SER,SER,SER
1468,SER,-,SER,SER,SER,SER,-,-,-,-,-,-,SER,SER,SER,SER,SER
1469,SER,-,SER,SER,SER,SER,-,-,-,-,-,-,SER,SER,SER,SER,SER
1470,GLY,-,GLY,GLY,GLY,GLY,-,-,-,-,-,-,GLY,GLY,GLY,GLY,GLY
1471,ALA,-,ALA,ALA,ALA,ALA,-,-,-,-,-,-,ALA,ALA,ALA,ALA,ALA
1472,LEU,-,LEU,LEU,LEU,LEU,-,-,-,-,-,-,LEU,LEU,LEU,LEU,LEU
1473,ARG,-,ARG,ARG,ARG,ARG,-,-,-,-,-,-,ARG,ARG,ARG,ARG,ARG
1474,GLY,-,GLY,GLY,GLY,GLY,-,-,-,-,-,-,GLY,GLY,GLY,GLY,GLY
1475,VAL,-,VAL,VAL,VAL,VAL,-,-,-,-,-,-,VAL,VAL,VAL,VAL,VAL
1476,CYS,-,CYS,CYS,CYS,CYS,-,-,-,-,-,-,CYS,CYS,CYS,CYS,CYS
1477,SER,-,SER,SER,SER,SER,-,-,-,-,-,-,SER,SER,SER,SER,SER
1478,CYS,-,CYS,CYS,CYS,CYS,-,-,-,-,-,-,CYS,CYS,CYS,CYS,CYS
1479,VAL,-,VAL,VAL,VAL,VAL,-,-,-,-,-,-,VAL,VAL,VAL,VAL,VAL
1480,GLU,-,-,GLU,GLU,GLU,-,-,-,-,-,-,GLU,GLU,GLU,GLU,GLU
1481,ALA,-,-,ALA,ALA,ALA,-,-,-,-,-,-,ALA,ALA,ALA,ALA,ALA
1482,GLY,-,-,GLY,GLY,GLY,-,-,-,-,-,-,GLY,GLY,GLY,GLY,GLY
1483,LYS,-,-,LYS,LYS,LYS,-,-,-,-,-,-,LYS,LYS,LYS,LYS,LYS
1484,ALA,-,ALA,ALA,ALA,ALA,-,-,-,-,-,-,ALA,ALA,ALA,ALA,ALA
1485,CYS,-,CYS,CYS,CYS,CYS,-,-,-,-,-,-,CYS,CYS,CYS,CYS,CYS
1486,ASP,-,ASP,ASP,ASP,ASP,-,-,-,-,-,-,ASP,ASP,ASP,ASP,ASP
1487,PRO,-,PRO,PRO,PRO,PRO,-,-,-,-,-,-,PRO,PRO,PRO,PRO,PRO
1488,ALA,-,ALA,ALA,ALA,ALA,-,-,-,-,-,-,ALA,ALA,ALA,ALA,ALA
1489,ALA,-,ALA,ALA,ALA,ALA,-,-,-,-,-,-,ALA,ALA,ALA,ALA,ALA
1490,ARG,-,ARG,ARG,ARG,ARG,-,-,-,-,-,-,ARG,ARG,ARG,ARG,ARG
1491,GLN,-,GLN,GLN,GLN,GLN,-,-,-,-,-,-,GLN,GLN,GLN,GLN,GLN
1492,PHE,-,PHE,PHE,PHE,PHE,-,-,-,-,-,-,PHE,PHE,PHE,PHE,PHE
1493,ASN,-,ASN,ASN,ASN,ASN,-,-,-,-,-,-,ASN,ASN,ASN,ASN,ASN
1494,THR,-,THR,THR,THR,THR,-,-,-,-,-,-,THR,THR,THR,THR,THR
1495,LEU,-,LEU,LEU,LEU,LEU,-,-,-,-,-,-,LEU,LEU,LEU,LEU,LEU
1496,ILE,-,ILE,ILE,ILE,ILE,-,-,-,-,-,-,ILE,ILE,ILE,ILE,ILE
1497,PRO,-,PRO,PRO,PRO,PRO,-,-,-,-,-,-,PRO,PRO,PRO,PRO,PRO
1498,TRP,-,TRP,TRP,TRP,TRP,-,-,-,-,-,-,TRP,TRP,TRP,TRP,TRP
1499,CYS,-,CYS,CYS,CYS,CYS,-,-,-,-,-,-,CYS,CYS,CYS,CYS,CYS
1500,LEU,-,LEU,LEU,LEU,LEU,-,-,-,-,-,-,LEU,LEU,LEU,LEU,LEU
1501,PRO,-,PRO,PRO,PRO,PRO,-,-,-,-,-,-,PRO,PRO,PRO,PRO,PRO
1502,HIS,-,HIS,HIS,HIS,HIS,-,-,-,-,-,-,HIS,HIS,HIS,HIS,HIS
1503,THR,-,THR,THR,THR,THR,-,-,-,-,-,-,THR,THR,THR,THR,THR
1504,GLY,-,GLY,GLY,GLY,GLY,-,-,-,-,-,-,GLY,GLY,GLY,GLY,GLY
1505,ASN,-,ASN,ASN,ASN,ASN,-,-,-,-,-,-,ASN,ASN,ASN,ASN,ASN
1506,ARG,-,ARG,ARG,ARG,ARG,-,-,-,-,-,-,ARG,ARG,ARG,ARG,ARG
1507,HIS,-,HIS,HIS,HIS,HIS,-,-,-,-,-,-,HIS,HIS,HIS,HIS,HIS
1508,ASN,-,ASN,ASN,ASN,ASN,-,-,-,-,-,-,ASN,ASN,ASN,ASN,ASN
1509,HIS,-,HIS,HIS,HIS,HIS,-,-,-,-,-,-,HIS,HIS,HIS,HIS,HIS
1510,TRP,-,TRP,TRP,TRP,TRP,-,-,-,-,-,-,TRP,TRP,TRP,TRP,TRP
1511,ALA,-,ALA,ALA,ALA,ALA,-,-,-,-,-,-,ALA,ALA,ALA,ALA,ALA
1512,GLY,-,GLY,GLY,GLY,GLY,-,-,-,-,-,-,GLY,GLY,GLY,GLY,GLY
1513,LEU,-,LEU,LEU,LEU,LEU,-,-,-,-,-,-,LEU,LEU,LEU,LEU,LEU
1514,TYR,-,TYR,TYR,TYR,TYR,-,-,-,-,-,-,TYR,TYR,TYR,TYR,TYR
1515,GLY,-,GLY,GLY,GLY,GLY,-,-,-,-,-,-,GLY,GLY,GLY,GLY,GLY
1516,ARG,-,ARG,ARG,ARG,ARG,-,-,-,-,-,-,ARG,ARG,ARG,ARG,ARG
1517,LEU,-,LEU,LEU,LEU,LEU,-,-,-,-,-,-,LEU,LEU,LEU,LEU,LEU
1518,GLU,-,GLU,GLU,GLU,GLU,-,-,-,-,-,-,GLU,GLU,GLU,GLU,GLU
1519,TRP,-,TRP,TRP,TRP,TRP,-,-,-,-,-,-,TRP,TRP,TRP,TRP,TRP
1520,ASP,-,ASP,ASP,ASP,ASP,-,-,-,-,-,-,ASP,ASP,ASP,ASP,ASP
1521,GLY,-,GLY,GLY,GLY,GLY,-,-,-,-,-,-,GLY,GLY,GLY,GLY,GLY
1522,PHE,-,PHE,PHE,PHE,PHE,-,-,-,-,-,-,PHE,PHE,PHE,PHE,PHE
1523,PHE,-,PHE,PHE,PHE,PHE,-,-,-,-,-,-,PHE,PHE,PHE,PHE,PHE
1524,SER,-,SER,SER,SER,SER,-,-,-,-,-,-,SER,SER,SER,SER,SER
1525,THR,-,THR,THR,THR,THR,-,-,-,-,-,-,THR,THR,THR,THR,THR
1526,THR,-,THR,THR,THR,THR,-,-,-,-,-,-,THR,THR,THR,THR,THR
1527,VAL,-,VAL,VAL,VAL,VAL,-,-,-,-,-,-,VAL,VAL,VAL,VAL,VAL
1528,THR,-,THR,THR,THR,THR,-,-,-,-,-,-,THR,THR,THR,THR,THR
1529,ASN,-,ASN,ASN,ASN,ASN,-,-,-,-,-,-,ASN,ASN,ASN,ASN,ASN
1530,PRO,-,PRO,PRO,PRO,PRO,-,-,-,-,-,-,PRO,PRO,PRO,PRO,PRO
1531,GLU,-,GLU,GLU,GLU,GLU,-,-,-,-,-,-,GLU,GLU,GLU,GLU,GLU
1532,PRO,-,PRO,PRO,PRO,PRO,-,-,-,-,-,-,PRO,PRO,PRO,PRO,PRO
1533,MET,-,MET,MET,MET,MET,-,-,-,-,-,-,MET,MET,MET,MET,MET
1534,GLY,-,GLY,GLY,GLY,GLY,-,-,-,-,-,-,GLY,GLY,GLY,GLY,GLY
1535,LYS,-,LYS,LYS,LYS,LYS,-,-,-,-,-,-,LYS,LYS,LYS,LYS,LYS
1536,GLN,-,GLN,GLN,GLN,GLN,-,-,-,-,-,-,GLN,GLN,GLN,GLN,GLN
1537,GLY,-,GLY,GLY,GLY,GLY,-,-,-,-,-,-,GLY,GLY,GLY,GLY,GLY
1538,ARG,-,ARG,ARG,ARG,ARG,-,-,-,-,-,-,ARG,ARG,ARG,ARG,ARG
1539,VAL,-,VAL,VAL,VAL,VAL,-,-,-,-,-,-,VAL,VAL,VAL,VAL,VAL
1540,LEU,-,LEU,LEU,LEU,LEU,-,-,-,-,-,-,LEU,LEU,LEU,LEU,LEU
1541,HIS,-,HIS,HIS,HIS,HIS,-,-,-,-,-,-,HIS,HIS,HIS,HIS,HIS
1542,PRO,-,PRO,PRO,PRO,PRO,-,-,-,-,-,-,PRO,PRO,PRO,PRO,PRO
1543,GLU,-,GLU,GLU,GLU,GLU,-,-,-,-,-,-,GLU,GLU,GLU,GLU,GLU
1544,GLN,-,GLN,GLN,GLN,GLN,-,-,-,-,-,-,GLN,GLN,GLN,GLN,GLN
1545,HIS,-,HIS,HIS,HIS,HIS,-,-,-,-,-,-,HIS,HIS,HIS,HIS,HIS
1546,ARG,-,ARG,ARG,ARG,ARG,-,-,-,-,-,-,ARG,ARG,ARG,ARG,ARG
1547,VAL,-,VAL,VAL,VAL,VAL,-,-,-,-,-,-,VAL,VAL,VAL,VAL,VAL
1548,VAL,-,VAL,VAL,VAL,VAL,-,-,-,-,-,-,VAL,VAL,VAL,VAL,VAL
1549,SER,-,SER,SER,SER,SER,-,-,-,-,-,-,SER,SER,SER,SER,SER
1550,VAL,-,VAL,VAL,VAL,VAL,-,-,-,-,-,-,VAL,VAL,VAL,VAL,VAL
1551,ARG,-,ARG,ARG,ARG,ARG,-,-,-,-,-,-,ARG,ARG,ARG,ARG,ARG
1552,GLU,-,GLU,GLU,GLU,GLU,-,-,-,-,-,-,GLU,GLU,GLU,GLU,GLU
1553,CYS,-,CYS,CYS,CYS,CYS,-,-,-,-,-,-,CYS,CYS,CYS,CYS,CYS
1554,ALA,-,ALA,ALA,ALA,ALA,-,-,-,-,-,-,ALA,ALA,ALA,ALA,ALA
1555,ARG,-,ARG,ARG,ARG,ARG,-,-,-,-,-,-,ARG,ARG,ARG,ARG,ARG
1556,SER,-,SER,SER,SER,SER,-,-,-,-,-,-,SER,SER,SER,SER,SER
1557,GLN,-,GLN,GLN,GLN,GLN,-,-,-,-,-,-,GLN,GLN,GLN,GLN,GLN
1558,GLY,-,GLY,GLY,GLY,GLY,-,-,-,-,-,-,GLY,GLY,GLY,GLY,GLY
1559,PHE,-,PHE,PHE,PHE,PHE,-,-,-,-,-,-,PHE,PHE,PHE,PHE,PHE
1560,PRO,-,PRO,PRO,PRO,PRO,-,-,-,-,-,-,PRO,PRO,PRO,PRO,PRO
1561,ASP,-,ASP,ASP,ASP,ASP,-,-,-,-,-,-,ASP,ASP,ASP,ASP,ASP
1562,THR,-,THR,THR,THR,THR,-,-,-,-,-,-,THR,THR,THR,THR,THR
1563,TYR,-,TYR,TYR,TYR,TYR,-,-,-,-,-,-,TYR,TYR,TYR,TYR,TYR
1564,ARG,-,ARG,ARG,ARG,ARG,-,-,-,-,-,-,ARG,ARG,ARG,ARG,ARG
1565,LEU,-,LEU,LEU,LEU,LEU,-,-,-,-,-,-,LEU,LEU,LEU,LEU,LEU
1566,PHE,-,PHE,PHE,PHE,PHE,-,-,-,-,-,-,PHE,PHE,PHE,PHE,PHE
1567,GLY,-,GLY,GLY,GLY,GLY,-,-,-,-,-,-,GLY,GLY,GLY,GLY,GLY
1568,ASN,-,ASN,ASN,ASN,ASN,-,-,-,-,-,-,ASN,ASN,ASN,ASN,ASN
1569,ILE,-,ILE,ILE,ILE,ILE,-,-,-,-,-,-,ILE,ILE,ILE,ILE,ILE
1570,LEU,-,LEU,LEU,LEU,LEU,-,-,-,-,-,-,LEU,LEU,LEU,LEU,LEU
1571,ASP,-,ASP,ASP,ASP,ASP,-,-,-,-,-,-,ASP,ASP,ASP,ASP,ASP
1572,LYS,-,LYS,LYS,LYS,LYS,-,-,-,-,-,-,LYS,LYS,LYS,LYS,LYS
1573,HIS,-,HIS,HIS,HIS,HIS,-,-,-,-,-,-,HIS,HIS,HIS,HIS,HIS
1574,ARG,-,ARG,ARG,ARG,ARG,-,-,-,-,-,-,ARG,ARG,ARG,ARG,ARG
1575,GLN,-,GLN,GLN,GLN,GLN,-,-,-,-,-,-,GLN,GLN,GLN,GLN,GLN
1576,VAL,-,VAL,VAL,VAL,VAL,-,-,-,-,-,-,VAL,VAL,VAL,VAL,VAL
1577,GLY,-,GLY,GLY,GLY,GLY,-,-,-,-,-,-,GLY,GLY,GLY,GLY,GLY
1578,ASN,-,ASN,ASN,ASN,ASN,-,-,-,-,-,-,ASN,ASN,ASN,ASN,ASN
1579,ALA,-,ALA,ALA,ALA,ALA,-,-,-,-,-,-,ALA,ALA,ALA,ALA,ALA
1580,VAL,-,VAL,VAL,VAL,VAL,-,-,-,-,-,-,VAL,VAL,VAL,VAL,VAL
1581,PRO,-,PRO,PRO,PRO,PRO,-,-,-,-,-,-,PRO,PRO,PRO,PRO,PRO
1582,PRO,-,PRO,PRO,PRO,PRO,-,-,-,-,-,-,PRO,PRO,PRO,PRO,PRO
1583,PRO,-,PRO,PRO,PRO,PRO,-,-,-,-,-,-,PRO,PRO,PRO,PRO,PRO
1584,LEU,-,LEU,LEU,LEU,LEU,-,-,-,-,-,-,LEU,LEU,LEU,LEU,LEU
1585,ALA,-,ALA,ALA,ALA,ALA,-,-,-,-,-,-,ALA,ALA,ALA,ALA,ALA
1586,LYS,-,LYS,LYS,LYS,LYS,-,-,-,-,-,-,LYS,LYS,LYS,LYS,LYS
1587,ALA,-,ALA,ALA,ALA,ALA,-,-,-,-,-,-,ALA,ALA,ALA,ALA,ALA
1588,ILE,-,ILE,ILE,ILE,ILE,-,-,-,-,-,-,ILE,ILE,ILE,ILE,ILE
1589,GLY,-,GLY,GLY,GLY,GLY,-,-,-,-,-,-,GLY,GLY,GLY,GLY,GLY
1590,LEU,-,LEU,LEU,LEU,LEU,-,-,-,-,-,-,LEU,LEU,LEU,LEU,LEU
1591,GLU,-,GLU,GLU,GLU,GLU,-,-,-,-,-,-,GLU,GLU,GLU,GLU,GLU
1592,ILE,-,ILE,ILE,ILE,ILE,-,-,-,-,-,-,ILE,ILE,ILE,ILE,ILE
1593,LYS,-,LYS,LYS,LYS,LYS,-,-,-,-,-,-,LYS,LYS,LYS,LYS,LYS
1594,LEU,-,LEU,LEU,LEU,LEU,-,-,-,-,-,-,LEU,LEU,LEU,LEU,LEU
1595,CYS,-,CYS,CYS,CYS,CYS,-,-,-,-,-,-,CYS,CYS,CYS,CYS,CYS
1596,MET,-,MET,MET,MET,MET,-,-,-,-,-,-,MET,MET,MET,MET,MET
1597,LEU,-,LEU,LEU,LEU,LEU,-,-,-,-,-,-,LEU,LEU,LEU,LEU,LEU
1598,ALA,-,ALA,ALA,ALA,ALA,-,-,-,-,-,-,ALA,ALA,ALA,ALA,ALA
1599,LYS,-,LYS,LYS,LYS,LYS,-,-,-,-,-,-,LYS,LYS,LYS,LYS,LYS
1600,ALA,-,ALA,ALA,ALA,ALA,-,-,-,-,-,-,ALA,ALA,ALA,ALA,ALA
1601,ARG,-,SAH,-,LEU,-,-,-,-,-,-,-,-,-,-,-,-
1602,GLU,-,-,-,THR,-,-,-,-,-,-,-,-,-,-,-,-
1603,SER,-,-,-,ARG,-,-,-,-,-,-,-,-,-,-,-,-
1604,ALA,-,-,-,VAL,-,-,-,-,-,-,-,-,-,-,-,-
1605,SER,-,-,-,TRP,-,-,-,-,-,-,-,-,-,-,-,-
1606,ALA,-,-,-,-,-,-,-,-,-,-,-,-,-,-,-,-
1607,LYS,-,-,-,-,-,-,-,-,-,-,-,-,-,-,-,-
1608,ILE,-,-,-,-,-,-,-,-,-,-,-,-,-,-,-,-
1609,LYS,-,-,-,-,-,-,-,-,-,-,-,-,-,-,-,-
1610,GLU,-,-,-,-,-,-,-,-,-,-,-,-,-,-,-,-
1611,GLU,-,-,-,-,-,-,-,-,-,-,-,-,-,-,-,-
1612,GLU,-,-,-,-,-,-,-,-,-,-,-,-,-,-,-,-
1613,ALA,-,-,-,-,-,-,-,-,-,-,-,-,-,-,-,-
1614,ALA,-,-,-,-,-,-,-,-,-,-,-,-,-,-,-,-
1615,LYS,-,-,-,-,-,-,-,-,-,-,-,-,-,-,-,-
1616,ASP,-,-,-,-,-,-,-,-,-,-,-,-,-,-,-,-
