residue_id,ref_seq,pdb2pe4.pdb
1,MET,-
2,ALA,-
3,ALA,-
4,HIS,-
5,LEU,-
6,LEU,-
7,PRO,-
8,ILE,-
9,CYS,-
10,ALA,-
11,LEU,-
12,PHE,-
13,LEU,-
14,THR,-
15,LEU,-
16,LEU,-
17,ASP,-
18,MET,-
19,ALA,-
20,GLN,ARG
21,GLY,SER
22,PHE,PHE
23,ARG,ARG
24,GLY,GLY
25,PRO,PRO
26,LEU,LEU
27,LEU,LEU
28,PRO,PRO
29,ASN,ASN
30,ARG,ARG
31,PRO,PRO
32,PHE,PHE
33,THR,THR
34,THR,THR
35,VAL,VAL
36,TRP,TRP
37,ASN,ASN
38,ALA,ALA
39,ASN,ASN
40,THR,THR
41,GLN,GLN
42,TRP,TRP
43,CYS,CYS
44,LEU,LEU
45,GLU,GLU
46,ARG,ARG
47,HIS,HIS
48,GLY,GLY
49,VAL,VAL
50,ASP,ASP
51,VAL,VAL
52,ASP,ASP
53,VAL,VAL
54,SER,SER
55,VAL,VAL
56,PHE,PHE
57,ASP,ASP
58,VAL,VAL
59,VAL,VAL
60,ALA,ALA
61,ASN,ASN
62,PRO,PRO
63,GLY,GLY
64,GLN,GLN
65,THR,THR
66,PHE,PHE
67,ARG,ARG
68,GLY,GLY
69,PRO,PRO
70,ASP,ASP
71,MET,MET
72,THR,THR
73,ILE,ILE
74,PHE,PHE
75,TYR,TYR
76,SER,SER
77,SER,SER
78,GLN,GLN
79,LEU,LEU
80,GLY,GLY
81,THR,THR
82,TYR,TYR
83,PRO,PRO
84,TYR,TYR
85,TYR,TYR
86,THR,THR
87,PRO,PRO
88,THR,THR
89,GLY,GLY
90,GLU,GLU
91,PRO,PRO
92,VAL,VAL
93,PHE,PHE
94,GLY,GLY
95,GLY,GLY
96,LEU,LEU
97,PRO,PRO
98,GLN,GLN
99,ASN,ASN
100,ALA,ALA
101,SER,SER
102,LEU,LEU
103,ILE,ILE
104,ALA,ALA
105,HIS,HIS
106,LEU,LEU
107,ALA,ALA
108,ARG,ARG
109,THR,THR
110,PHE,PHE
111,GLN,GLN
112,ASP,ASP
113,ILE,ILE
114,LEU,LEU
115,ALA,ALA
116,ALA,ALA
117,ILE,ILE
118,PRO,PRO
119,ALA,ALA
120,PRO,PRO
121,ASP,ASP
122,PHE,PHE
123,SER,SER
124,GLY,GLY
125,LEU,LEU
126,ALA,ALA
127,VAL,VAL
128,ILE,ILE
129,ASP,ASP
130,TRP,TRP
131,GLU,GLU
132,ALA,ALA
133,TRP,TRP
134,ARG,ARG
135,PRO,PRO
136,ARG,ARG
137,TRP,TRP
138,ALA,ALA
139,PHE,PHE
140,ASN,ASN
141,TRP,TRP
142,ASP,ASP
143,THR,THR
144,LYS,LYS
145,ASP,ASP
146,ILE,ILE
147,TYR,TYR
148,ARG,ARG
149,GLN,GLN
150,ARG,ARG
151,SER,SER
152,ARG,ARG
153,ALA,ALA
154,LEU,LEU
155,VAL,VAL
156,GLN,GLN
157,ALA,ALA
158,GLN,GLN
159,HIS,HIS
160,PRO,PRO
161,ASP,ASP
162,TRP,TRP
163,PRO,PRO
164,ALA,ALA
165,PRO,PRO
166,GLN,GLN
167,VAL,VAL
168,GLU,GLU
169,ALA,ALA
170,VAL,VAL
171,ALA,ALA
172,GLN,GLN
173,ASP,ASP
174,GLN,GLN
175,PHE,PHE
176,GLN,GLN
177,GLY,GLY
178,ALA,ALA
179,ALA,ALA
180,ARG,ARG
181,ALA,ALA
182,TRP,TRP
183,MET,MET
184,ALA,ALA
185,GLY,GLY
186,THR,THR
187,LEU,LEU
188,GLN,GLN
189,LEU,LEU
190,GLY,GLY
191,ARG,ARG
192,ALA,ALA
193,LEU,LEU
194,ARG,ARG
195,PRO,PRO
196,ARG,ARG
197,GLY,GLY
198,LEU,LEU
199,TRP,TRP
200,GLY,GLY
201,PHE,PHE
202,TYR,TYR
203,GLY,GLY
204,PHE,PHE
205,PRO,PRO
206,ASP,ASP
207,CYS,CYS
208,TYR,TYR
209,ASN,ASN
210,TYR,TYR
211,ASP,ASP
212,PHE,PHE
213,LEU,LEU
214,SER,SER
215,PRO,PRO
216,ASN,ASN
217,TYR,TYR
218,THR,THR
219,GLY,GLY
220,GLN,GLN
221,CYS,CYS
222,PRO,PRO
223,SER,SER
224,GLY,GLY
225,ILE,ILE
226,ARG,ARG
227,ALA,ALA
228,GLN,GLN
229,ASN,ASN
230,ASP,ASP
231,GLN,GLN
232,LEU,LEU
233,GLY,GLY
234,TRP,TRP
235,LEU,LEU
236,TRP,TRP
237,GLY,GLY
238,GLN,GLN
239,SER,SER
240,ARG,ARG
241,ALA,ALA
242,LEU,LEU
243,TYR,TYR
244,PRO,PRO
245,SER,SER
246,ILE,ILE
247,TYR,TYR
248,MET,MET
249,PRO,PRO
250,ALA,ALA
251,VAL,VAL
252,LEU,LEU
253,GLU,GLU
254,GLY,GLY
255,THR,THR
256,GLY,GLY
257,LYS,LYS
258,SER,SER
259,GLN,GLN
260,MET,MET
261,TYR,TYR
262,VAL,VAL
263,GLN,GLN
264,HIS,HIS
265,ARG,ARG
266,VAL,VAL
267,ALA,ALA
268,GLU,GLU
269,ALA,ALA
270,PHE,PHE
271,ARG,ARG
272,VAL,VAL
273,ALA,ALA
274,VAL,VAL
275,ALA,ALA
276,ALA,ALA
277,GLY,GLY
278,ASP,ASP
279,PRO,PRO
280,ASN,ASN
281,LEU,LEU
282,PRO,PRO
283,VAL,VAL
284,LEU,LEU
285,PRO,PRO
286,TYR,TYR
287,VAL,VAL
288,GLN,GLN
289,ILE,ILE
290,PHE,PHE
291,TYR,TYR
292,ASP,ASP
293,THR,THR
294,THR,THR
295,ASN,ASN
296,HIS,HIS
297,PHE,PHE
298,LEU,LEU
299,PRO,PRO
300,LEU,LEU
301,ASP,ASP
302,GLU,GLU
303,LEU,LEU
304,GLU,GLU
305,HIS,HIS
306,SER,SER
307,LEU,LEU
308,GLY,GLY
309,GLU,GLU
310,SER,SER
311,ALA,ALA
312,ALA,ALA
313,GLN,GLN
314,GLY,GLY
315,ALA,ALA
316,ALA,ALA
317,GLY,GLY
318,VAL,VAL
319,VAL,VAL
320,LEU,LEU
321,TRP,TRP
322,VAL,VAL
323,SER,SER
324,TRP,TRP
325,GLU,GLU
326,ASN,ASN
327,THR,THR
328,ARG,ARG
329,THR,THR
330,LYS,LYS
331,GLU,GLU
332,SER,SER
333,CYS,CYS
334,GLN,GLN
335,ALA,ALA
336,ILE,ILE
337,LYS,LYS
338,GLU,GLU
339,TYR,TYR
340,MET,MET
341,ASP,ASP
342,THR,THR
343,THR,THR
344,LEU,LEU
345,GLY,GLY
346,PRO,PRO
347,PHE,PHE
348,ILE,ILE
349,LEU,LEU
350,ASN,ASN
351,VAL,VAL
352,THR,THR
353,SER,SER
354,GLY,GLY
355,ALA,ALA
356,LEU,LEU
357,LEU,LEU
358,CYS,CYS
359,SER,SER
360,GLN,GLN
361,ALA,ALA
362,LEU,LEU
363,CYS,CYS
364,SER,SER
365,GLY,GLY
366,HIS,HIS
367,GLY,GLY
368,ARG,ARG
369,CYS,CYS
370,VAL,VAL
371,ARG,ARG
372,ARG,ARG
373,THR,THR
374,SER,SER
375,HIS,HIS
376,PRO,PRO
377,LYS,LYS
378,ALA,ALA
379,LEU,LEU
380,LEU,LEU
381,LEU,LEU
382,LEU,LEU
383,ASN,ASN
384,PRO,PRO
385,ALA,ALA
386,SER,SER
387,PHE,PHE
388,SER,SER
389,ILE,ILE
390,GLN,GLN
391,LEU,LEU
392,THR,THR
393,PRO,PRO
394,GLY,GLY
395,GLY,GLY
396,GLY,GLY
397,PRO,PRO
398,LEU,LEU
399,SER,SER
400,LEU,LEU
401,ARG,ARG
402,GLY,GLY
403,ALA,ALA
404,LEU,LEU
405,SER,SER
406,LEU,LEU
407,GLU,GLU
408,ASP,ASP
409,GLN,GLN
410,ALA,ALA
411,GLN,GLN
412,MET,MET
413,ALA,ALA
414,VAL,VAL
415,GLU,GLU
416,PHE,PHE
417,LYS,LYS
418,CYS,CYS
419,ARG,ARG
420,CYS,CYS
421,TYR,TYR
422,PRO,PRO
423,GLY,GLY
424,TRP,TRP
425,GLN,GLN
426,ALA,ALA
427,PRO,PRO
428,TRP,TRP
429,CYS,CYS
430,GLU,GLU
431,ARG,ARG
432,LYS,LYS
433,SER,SER
434,MET,MET
435,TRP,TRP
