residue_id,ref_seq,pdb1apy,pdb1apz,pdb1ayy,pdb1p4k,pdb1p4v,pdb2gac,pdb2gaw,pdb2gl9,pdb3ljq,pdb4r4y,pdb5v2i,pdb9gaa,pdb9gac,pdb9gaf
1,MET,-,-,-,THR,THR,-,-,-,-,-,THR,-,-,-
2,ALA,SER,SER,THR,THR,THR,-,-,THR,THR,-,THR,THR,THR,THR
3,ARG,PRO,PRO,ASN,ASN,ASN,ASN,ASN,ASN,ASN,ASN,ASN,ASN,ASN,ASN
4,ALA,LEU,LEU,LYS,LYS,LYS,LYS,LYS,LYS,LYS,LYS,LYS,LYS,LYS,LYS
5,VAL,PRO,PRO,PRO,PRO,PRO,PRO,PRO,PRO,PRO,PRO,PRO,PRO,PRO,PRO
6,GLY,LEU,LEU,ILE,ILE,ILE,ILE,ILE,ILE,ILE,ILE,ILE,ILE,ILE,ILE
7,PRO,VAL,VAL,VAL,VAL,VAL,VAL,VAL,VAL,VAL,VAL,VAL,VAL,VAL,VAL
8,GLU,VAL,VAL,LEU,LEU,LEU,LEU,LEU,LEU,LEU,LEU,LEU,LEU,LEU,LEU
9,ARG,ASN,ASN,SER,SER,SER,SER,SER,SER,SER,SER,SER,SER,SER,SER
10,ARG,THR,THR,THR,THR,THR,THR,THR,THR,THR,THR,THR,THR,THR,THR
11,LEU,TRP,TRP,TRP,TRP,TRP,TRP,TRP,TRP,TRP,TRP,TRP,TRP,TRP,PHE
12,LEU,PRO,PRO,ASN,ASN,ASN,ASN,ASN,ASN,ASN,ASN,ASN,ASN,ASN,ASN
13,ALA,PHE,PHE,PHE,PHE,PHE,PHE,PHE,PHE,PHE,PHE,PHE,PHE,PHE,PHE
14,VAL,LYS,LYS,GLY,GLY,GLY,GLY,GLY,GLY,GLY,GLY,GLY,GLY,GLY,GLY
15,TYR,ASN,ASN,LEU,LEU,LEU,LEU,LEU,LEU,LEU,LEU,LEU,LEU,LEU,LEU
16,THR,ALA,ALA,HIS,HIS,HIS,HIS,HIS,HIS,HIS,HIS,HIS,HIS,HIS,HIS
17,GLY,THR,THR,ALA,ALA,ALA,ALA,ALA,ALA,ALA,ALA,ALA,ALA,ALA,ALA
18,GLY,GLU,GLU,ASN,ASN,ASN,ASN,ASN,ASN,ASN,ASN,ASN,ASN,ASN,ASN
19,THR,ALA,ALA,VAL,VAL,VAL,VAL,VAL,VAL,VAL,VAL,VAL,VAL,VAL,VAL
20,ILE,ALA,ALA,GLU,GLU,GLU,GLU,GLU,GLU,GLU,GLU,GLU,GLU,GLU,GLU
21,GLY,TRP,TRP,ALA,ALA,ALA,ALA,ALA,ALA,ALA,ALA,ALA,ALA,ALA,ALA
22,MET,ARG,ARG,TRP,TRP,TRP,TRP,TRP,TRP,TRP,TRP,TRP,TRP,TRP,TRP
23,ARG,ALA,ALA,LYS,LYS,LYS,LYS,LYS,LYS,LYS,LYS,LYS,LYS,LYS,LYS
24,SER,LEU,LEU,VAL,VAL,VAL,VAL,VAL,VAL,VAL,VAL,VAL,VAL,VAL,VAL
25,GLU,ALA,ALA,LEU,LEU,LEU,LEU,LEU,LEU,LEU,LEU,LEU,LEU,LEU,LEU
26,LEU,SER,SER,SER,SER,SER,SER,SER,SER,SER,SER,SER,SER,SER,SER
27,GLY,GLY,GLY,LYS,LYS,LYS,LYS,LYS,LYS,LYS,LYS,LYS,LYS,LYS,LYS
28,VAL,GLY,GLY,GLY,GLY,GLY,GLY,GLY,GLY,GLY,GLY,GLY,GLY,GLY,GLY
29,LEU,SER,SER,GLY,GLY,GLY,GLY,GLY,GLY,GLY,GLY,GLY,GLY,GLY,GLY
30,VAL,ALA,ALA,LYS,LYS,LYS,LYS,LYS,LYS,LYS,LYS,LYS,LYS,LYS,LYS
31,PRO,LEU,LEU,ALA,ALA,ALA,ALA,ALA,ALA,ALA,ALA,ALA,ALA,ALA,ALA
32,GLY,ASP,ASP,LEU,LEU,LEU,LEU,LEU,LEU,LEU,LEU,LEU,LEU,LEU,LEU
33,THR,ALA,ALA,ASP,ASP,ASP,ASP,ASP,ASP,ASP,ASP,ASP,ASP,ASP,ASP
34,GLY,VAL,VAL,ALA,ALA,ALA,ALA,ALA,ALA,ALA,ALA,ALA,ALA,ALA,ALA
35,LEU,GLU,GLU,VAL,VAL,VAL,VAL,VAL,VAL,VAL,VAL,VAL,VAL,VAL,VAL
36,ALA,SER,SER,GLU,GLU,GLU,GLU,GLU,GLU,GLU,GLU,GLU,GLU,GLU,GLU
37,ALA,GLY,GLY,LYS,LYS,LYS,LYS,LYS,LYS,LYS,LYS,LYS,LYS,LYS,LYS
38,ILE,CYS,CYS,GLY,GLY,GLY,GLY,GLY,GLY,GLY,GLY,GLY,GLY,GLY,GLY
39,LEU,ALA,ALA,VAL,VAL,VAL,VAL,VAL,VAL,VAL,VAL,VAL,VAL,VAL,VAL
40,ARG,MET,MET,ARG,ARG,ARG,ARG,ARG,ARG,ARG,ARG,ARG,ARG,ARG,ARG
41,THR,CYS,CYS,LEU,LEU,LEU,LEU,LEU,LEU,LEU,LEU,LEU,LEU,LEU,LEU
42,LEU,GLU,GLU,VAL,VAL,VAL,VAL,VAL,VAL,VAL,VAL,VAL,VAL,VAL,VAL
43,PRO,ARG,ARG,GLU,GLU,GLU,GLU,GLU,GLU,GLU,GLU,GLU,GLU,GLU,GLU
44,MET,GLU,GLU,ASP,ASP,ASP,ASP,ASP,ASP,ASP,ASP,ASP,ASP,ASP,ASP
45,PHE,GLN,GLN,ASP,ASP,ASP,ASP,ASP,ASP,ASP,ASP,ASP,ASP,ASP,ASP
46,HIS,CYS,CYS,PRO,PRO,PRO,PRO,PRO,PRO,PRO,PRO,PRO,PRO,PRO,PRO
47,ASP,ASP,ASP,THR,THR,THR,THR,THR,THR,THR,THR,THR,THR,THR,THR
48,GLU,GLY,GLY,GLU,GLU,GLU,GLU,GLU,GLU,GLU,GLU,GLU,GLU,GLU,GLU
49,GLU,SER,SER,ARG,ARG,ARG,ARG,ARG,ARG,ARG,ARG,ARG,ARG,ARG,ARG
50,HIS,VAL,VAL,SER,SER,SER,SER,SER,SER,SER,SER,SER,SER,SER,SER
51,ALA,GLY,GLY,VAL,VAL,VAL,VAL,VAL,VAL,VAL,VAL,VAL,VAL,VAL,VAL
52,ARG,PHE,PHE,GLY,GLY,GLY,GLY,GLY,GLY,GLY,GLY,GLY,GLY,GLY,GLY
53,ALA,GLY,GLY,TYR,TYR,TYR,TYR,TYR,TYR,TYR,TYR,TYR,TYR,TYR,TYR
54,ARG,GLY,GLY,GLY,GLY,GLY,GLY,GLY,GLY,GLY,GLY,GLY,GLY,GLY,GLY
55,GLY,SER,SER,GLY,GLY,GLY,GLY,GLY,GLY,GLY,GLY,GLY,GLY,GLY,GLY
56,LEU,PRO,PRO,ARG,ARG,ARG,ARG,ARG,ARG,ARG,ARG,ARG,ARG,ARG,ARG
57,SER,ASP,ASP,PRO,PRO,PRO,PRO,PRO,PRO,PRO,PRO,PRO,PRO,PRO,PRO
58,GLU,GLU,GLU,ASP,ASP,ASP,ASP,ASP,ASP,ASP,ASP,ASP,ASP,ASP,ASP
59,ASP,LEU,LEU,ARG,ARG,ARG,ARG,ARG,ARG,ARG,ARG,ARG,ARG,ARG,ARG
60,THR,GLY,GLY,ASP,ASP,ASP,ASP,ASP,ASP,ASP,ASP,ASP,ASP,ASP,ASP
61,LEU,GLU,GLU,GLY,GLY,GLY,GLY,GLY,GLY,GLY,GLY,GLY,GLY,GLY,GLY
62,VAL,THR,THR,ARG,ARG,ARG,ARG,ARG,ARG,ARG,ARG,ARG,ARG,ARG,ARG
63,LEU,THR,THR,VAL,VAL,VAL,VAL,VAL,VAL,VAL,VAL,VAL,VAL,VAL,VAL
64,PRO,LEU,LEU,THR,THR,THR,THR,THR,THR,THR,THR,THR,THR,THR,THR
65,PRO,ASP,ASP,LEU,LEU,LEU,LEU,LEU,LEU,LEU,LEU,LEU,LEU,LEU,LEU
66,ALA,ALA,ALA,ASP,ASP,ASP,ASP,ASP,ASP,ASP,ASP,ASP,ASP,ASP,ASP
67,SER,MET,MET,ALA,ALA,ALA,ALA,ALA,ALA,ALA,ALA,ALA,ALA,ALA,ALA
68,ARG,ILE,ILE,CYS,CYS,CYS,CYS,CYS,CYS,CYS,CYS,CYS,CYS,CYS,CYS
69,ASN,MET,MET,ILE,ILE,ILE,ILE,ILE,ILE,ILE,ILE,ILE,ILE,ILE,ILE
70,GLN,ASP,ASP,MET,MET,MET,MET,MET,MET,MET,MET,MET,MET,MET,MET
71,ARG,GLY,GLY,ASP,ASP,ASP,ASP,ASP,ASP,ASP,ASP,ASP,ASP,ASP,ASP
72,ILE,THR,THR,GLU,GLU,GLU,GLU,GLU,GLU,GLU,GLU,GLU,GLU,GLU,GLU
73,LEU,THR,THR,ASN,ASN,ASN,ASN,ASN,ASN,ASN,ASN,ASN,ASN,ASN,ASN
74,TYR,MET,MET,TYR,TYR,TYR,TYR,TYR,TYR,TYR,TYR,TYR,TYR,TYR,TYR
75,THR,ASP,ASP,ASN,ASN,ASN,ASN,ASN,ASN,ASN,ASN,ASN,ASN,ASN,ASN
76,VAL,VAL,VAL,ILE,ILE,ILE,ILE,ILE,ILE,ILE,ILE,ILE,ILE,ILE,ILE
77,LEU,GLY,GLY,GLY,GLY,GLY,GLY,GLY,GLY,GLY,GLY,GLY,GLY,GLY,GLY
78,GLU,ALA,ALA,SER,SER,SER,SER,SER,SER,SER,SER,SER,SER,SER,SER
79,CYS,VAL,VAL,VAL,VAL,VAL,VAL,VAL,VAL,VAL,VAL,VAL,VAL,VAL,VAL
80,GLN,GLY,GLY,ALA,ALA,ALA,ALA,ALA,ALA,ALA,ALA,ALA,ALA,ALA,ALA
81,PRO,ASP,ASP,CYS,CYS,CYS,CYS,CYS,CYS,CYS,CYS,CYS,CYS,CYS,CYS
82,LEU,LEU,LEU,MET,MET,MET,MET,MET,MET,MET,MET,MET,MET,MET,MET
83,PHE,ARG,ARG,GLU,GLU,GLU,GLU,GLU,GLU,GLU,GLU,GLU,GLU,GLU,GLU
84,ASP,ARG,ARG,HIS,HIS,HIS,HIS,HIS,HIS,HIS,HIS,HIS,HIS,HIS,HIS
85,SER,ILE,ILE,ILE,ILE,ILE,ILE,ILE,ILE,ILE,ILE,ILE,ILE,ILE,ILE
86,SER,LYS,LYS,LYS,LYS,LYS,LYS,LYS,LYS,LYS,LYS,LYS,LYS,LYS,LYS
87,ASP,ASN,ASN,ASN,ASN,ASN,ASN,ASN,ASN,ASN,ASN,ASN,ASN,ASN,ASN
88,MET,ALA,ALA,PRO,PRO,PRO,PRO,PRO,PRO,PRO,PRO,PRO,PRO,PRO,PRO
89,THR,ILE,ILE,ILE,ILE,ILE,ILE,ILE,ILE,ILE,ILE,ILE,ILE,ILE,ILE
90,ILE,GLY,GLY,SER,SER,SER,SER,SER,SER,SER,SER,SER,SER,SER,SER
91,ALA,VAL,VAL,VAL,VAL,VAL,VAL,VAL,VAL,VAL,VAL,VAL,VAL,VAL,VAL
92,GLU,ALA,ALA,ALA,ALA,ALA,ALA,ALA,ALA,ALA,ALA,ALA,ALA,ALA,ALA
93,TRP,ARG,ARG,ARG,ARG,ARG,ARG,ARG,ARG,ARG,ARG,ARG,ARG,ARG,ARG
94,VAL,LYS,LYS,ALA,ALA,ALA,ALA,ALA,ALA,ALA,ALA,ALA,ALA,ALA,ALA
95,CYS,VAL,VAL,VAL,VAL,VAL,VAL,VAL,VAL,VAL,VAL,VAL,VAL,VAL,VAL
96,LEU,LEU,LEU,MET,MET,MET,MET,MET,MET,MET,MET,MET,MET,MET,MET
97,ALA,GLU,GLU,GLU,GLU,GLU,GLU,GLU,GLU,GLU,GLU,GLU,GLU,GLU,GLU
98,GLN,HIS,HIS,LYS,LYS,LYS,LYS,LYS,LYS,LYS,LYS,LYS,LYS,LYS,LYS
99,THR,THR,THR,THR,THR,THR,THR,THR,THR,THR,THR,THR,THR,THR,THR
100,ILE,THR,THR,PRO,PRO,PRO,PRO,PRO,PRO,PRO,PRO,PRO,PRO,PRO,PRO
101,LYS,HIS,HIS,HIS,HIS,HIS,HIS,HIS,HIS,HIS,HIS,HIS,HIS,HIS,HIS
102,ARG,THR,THR,VAL,VAL,VAL,VAL,VAL,VAL,VAL,VAL,VAL,VAL,VAL,VAL
103,HIS,LEU,LEU,MET,MET,MET,MET,MET,MET,MET,MET,MET,MET,MET,MET
104,TYR,LEU,LEU,LEU,LEU,LEU,LEU,LEU,LEU,LEU,LEU,LEU,LEU,LEU,LEU
105,GLU,VAL,VAL,VAL,VAL,VAL,VAL,VAL,VAL,VAL,VAL,VAL,VAL,VAL,VAL
106,GLN,GLY,GLY,GLY,GLY,GLY,GLY,GLY,GLY,GLY,GLY,GLY,GLY,GLY,GLY
107,TYR,GLU,GLU,ASP,ASP,ASP,ASP,ASP,ASP,ASP,ASP,ASP,ASP,ASP,ASP
108,HIS,SER,SER,GLY,GLY,GLY,GLY,GLY,GLY,GLY,GLY,GLY,GLY,GLY,GLY
109,GLY,ALA,ALA,ALA,ALA,ALA,ALA,ALA,ALA,ALA,ALA,ALA,ALA,ALA,ALA
110,PHE,THR,THR,LEU,LEU,LEU,LEU,LEU,LEU,LEU,LEU,LEU,LEU,LEU,LEU
111,VAL,THR,THR,GLU,GLU,GLU,GLU,GLU,GLU,GLU,GLU,GLU,GLU,GLU,GLU
112,VAL,PHE,PHE,PHE,PHE,PHE,PHE,PHE,PHE,PHE,PHE,PHE,PHE,PHE,PHE
113,ILE,ALA,ALA,ALA,ALA,ALA,ALA,ALA,ALA,ALA,ALA,ALA,ALA,ALA,ALA
114,HIS,GLN,GLN,LEU,LEU,LEU,LEU,LEU,LEU,LEU,LEU,LEU,LEU,LEU,LEU
115,GLY,SER,SER,SER,SER,SER,SER,SER,SER,SER,SER,SER,SER,SER,SER
116,THR,MET,MET,GLN,GLN,GLN,GLN,GLN,GLN,GLN,GLN,GLN,GLN,GLN,GLN
117,ASP,GLY,GLY,GLY,GLY,GLY,GLY,GLY,GLY,GLY,GLY,GLY,GLY,GLY,GLY
118,THR,PHE,PHE,PHE,PHE,PHE,PHE,PHE,PHE,PHE,PHE,PHE,PHE,PHE,PHE
119,MET,ILE,ILE,LYS,LYS,LYS,LYS,LYS,LYS,LYS,LYS,LYS,LYS,LYS,LYS
120,ALA,ASN,ASN,LYS,LYS,LYS,LYS,LYS,LYS,LYS,LYS,LYS,LYS,LYS,LYS
121,PHE,GLU,GLU,GLU,GLU,GLU,GLU,GLU,GLU,GLU,GLU,GLU,GLU,GLU,GLU
122,ALA,ASP,ASP,ASN,ASN,ASN,ASN,ASN,ASN,ASN,ASN,ASN,ASN,ASN,ASN
123,ALA,LEU,LEU,LEU,LEU,LEU,LEU,LEU,LEU,LEU,LEU,LEU,LEU,LEU,LEU
124,SER,SER,SER,LEU,LEU,LEU,LEU,LEU,LEU,LEU,LEU,LEU,LEU,LEU,LEU
125,MET,THR,THR,THR,THR,THR,THR,THR,THR,THR,THR,THR,THR,THR,THR
126,LEU,SER,SER,ALA,ALA,ALA,ALA,ALA,ALA,ALA,ALA,ALA,ALA,ALA,ALA
127,SER,ALA,ALA,GLU,GLU,GLU,GLU,GLU,GLU,GLU,GLU,GLU,GLU,GLU,GLU
128,PHE,SER,SER,SER,SER,SER,SER,SER,SER,SER,SER,SER,SER,SER,SER
129,MET,GLN,GLN,GLU,GLU,GLU,GLU,GLU,GLU,GLU,GLU,GLU,GLU,GLU,GLU
130,LEU,ALA,ALA,LYS,LYS,LYS,LYS,LYS,LYS,LYS,LYS,LYS,LYS,LYS,LYS
131,GLU,LEU,LEU,GLU,GLU,GLU,GLU,GLU,GLU,GLU,GLU,GLU,GLU,GLU,GLU
132,ASN,HIS,HIS,TRP,TRP,TRP,TRP,TRP,TRP,TRP,TRP,TRP,TRP,TRP,TRP
133,LEU,SER,SER,LYS,LYS,LYS,LYS,LYS,LYS,LYS,LYS,LYS,LYS,LYS,LYS
134,GLN,ASP,ASP,GLU,GLU,GLU,GLU,GLU,GLU,GLU,GLU,GLU,GLU,GLU,GLU
135,LYS,TRP,TRP,TRP,TRP,TRP,TRP,TRP,TRP,TRP,TRP,TRP,TRP,TRP,TRP
136,THR,LEU,LEU,LEU,LEU,LEU,LEU,LEU,LEU,LEU,LEU,LEU,LEU,LEU,LEU
137,VAL,ALA,ALA,LYS,LYS,LYS,LYS,LYS,LYS,LYS,LYS,-,-,-,-
138,ILE,ARG,ARG,THR,THR,THR,THR,THR,THR,-,THR,-,-,-,-
139,LEU,ASN,ASN,SER,SER,SER,-,-,SER,-,SER,-,-,-,-
140,THR,CYS,CYS,-,GLN,GLN,-,-,GLN,-,GLN,-,-,-,-
141,GLY,GLN,GLN,-,TYR,TYR,-,-,TYR,-,TYR,-,-,-,TYR
142,ALA,PRO,PRO,-,LYS,LYS,-,-,-,-,LYS,-,-,-,LYS
143,GLN,ASN,ASN,-,PRO,PRO,-,-,-,-,PRO,-,-,-,PRO
144,VAL,TYR,TYR,-,ILE,ILE,-,-,-,-,ILE,-,-,-,ILE
145,PRO,TRP,TRP,-,VAL,VAL,-,-,-,-,VAL,-,-,-,VAL
146,ILE,ARG,ARG,-,ASN,ASN,-,-,-,-,ASN,-,-,-,ASN
147,HIS,ASN,ASN,-,ILE,ILE,-,-,-,-,ILE,-,-,-,ILE
148,ALA,VAL,VAL,-,GLU,GLU,-,-,-,-,GLU,-,-,-,GLU
149,LEU,ILE,ILE,-,ASN,ASN,-,-,-,-,ASN,-,-,-,ASN
150,TRP,PRO,PRO,-,HIS,HIS,-,-,-,-,HIS,-,-,HIS,HIS
151,SER,ASP,ASP,-,ASN,ASN,-,-,-,ASP,ASP,-,ASP,ASP,ASP
152,ASP,PRO,PRO,-,THR,THR,-,-,-,CYS,THR,THR,ALA,CYS,THR
153,GLY,SER,SER,-,ILE,ILE,-,-,-,ILE,ILE,ILE,ILE,ILE,ILE
154,ARG,LYS,LYS,-,GLY,GLY,-,-,-,GLY,GLY,GLY,GLY,GLY,GLY
155,GLU,TYR,TYR,-,MET,MET,-,-,-,MET,MET,MET,MET,MET,MET
156,ASN,CYS,CYS,-,ILE,ILE,-,-,-,ILE,ILE,ILE,ILE,ILE,ILE
157,LEU,GLY,GLY,-,ALA,ALA,-,-,-,ALA,ALA,ALA,ALA,ALA,ALA
158,LEU,PRO,PRO,-,LEU,LEU,-,-,-,LEU,LEU,LEU,LEU,LEU,LEU
159,GLY,TYR,TYR,-,ASP,ASP,-,-,-,ASP,ASP,ASP,ASP,ASP,ASP
160,ALA,LYS,LYS,-,ALA,ALA,-,-,-,ALA,ALA,ALA,ALA,ALA,ALA
161,LEU,PRO,PRO,-,GLN,GLN,-,-,-,GLN,GLN,GLN,GLN,GLN,GLN
162,LEU,PRO,PRO,-,GLY,GLY,-,-,-,GLY,GLY,GLY,GLY,GLY,GLY
163,MET,-,-,-,ASN,ASN,-,-,-,ASN,ASN,ASN,ASN,ASN,ASN
164,ALA,-,-,-,LEU,LEU,-,-,-,LEU,LEU,LEU,LEU,LEU,LEU
165,GLY,-,-,-,SER,SER,-,-,-,SER,SER,SER,SER,SER,SER
166,GLN,-,-,-,GLY,GLY,-,-,-,GLY,GLY,GLY,GLY,GLY,GLY
167,TYR,-,-,-,ALA,ALA,-,-,-,ALA,ALA,ALA,ALA,ALA,ALA
168,VAL,-,-,-,CYS,CYS,-,-,-,CYS,CYS,CYS,CYS,CYS,CYS
169,ILE,-,-,-,THR,THR,-,-,-,THR,THR,THR,THR,THR,THR
170,PRO,-,-,-,THR,THR,-,-,-,THR,THR,THR,THR,THR,THR
171,GLU,-,-,-,SER,SER,-,-,-,SER,SER,SER,SER,SER,SER
172,VAL,-,-,-,GLY,GLY,-,-,-,GLY,ASP,ASP,GLY,GLY,GLY
173,CYS,-,-,-,MET,MET,-,-,-,MET,MET,MET,MET,MET,MET
174,LEU,-,-,-,ALA,ALA,-,-,-,ALA,ALA,ALA,ALA,ALA,ALA
175,PHE,-,-,-,TYR,TYR,-,-,-,TYR,TYR,TYR,TYR,TYR,TYR
176,PHE,-,-,-,LYS,LYS,-,-,-,LYS,LYS,LYS,LYS,LYS,LYS
177,GLN,-,-,-,MET,MET,-,-,-,MET,MET,MET,MET,MET,MET
178,ASN,-,-,-,HIS,HIS,-,-,-,HIS,HIS,HIS,HIS,HIS,HIS
179,GLN,-,-,-,GLY,GLY,-,-,-,GLY,GLY,GLY,GLY,GLY,GLY
180,LEU,-,-,-,ARG,ARG,-,-,-,ARG,ARG,ARG,ARG,ARG,ARG
181,PHE,-,-,-,VAL,VAL,-,-,-,VAL,VAL,VAL,VAL,VAL,VAL
182,ARG,-,-,-,GLY,GLY,-,-,-,GLY,GLY,GLY,GLY,GLY,GLY
183,GLY,-,-,-,ASP,ASP,-,-,-,ASP,ASP,ASP,ASP,ASP,ASP
184,ASN,-,-,-,SER,SER,-,-,-,SER,SER,SER,SER,SER,SER
185,ARG,-,-,-,PRO,PRO,-,-,-,PRO,PRO,PRO,PRO,PRO,PRO
186,ALA,-,-,-,ILE,ILE,-,-,-,ILE,ILE,ILE,ILE,ILE,ILE
187,THR,-,-,-,ILE,ILE,-,-,-,ILE,ILE,ILE,ILE,ILE,ILE
188,LYS,-,-,-,GLY,GLY,-,-,-,GLY,GLY,GLY,GLY,GLY,GLY
189,VAL,-,-,-,ALA,ALA,-,-,-,ALA,ALA,ALA,ALA,ALA,ALA
190,ASP,-,-,-,GLY,GLY,-,-,-,GLY,GLY,GLY,GLY,GLY,GLY
191,ALA,-,-,-,LEU,LEU,-,-,-,LEU,LEU,LEU,LEU,LEU,LEU
192,ARG,-,-,-,PHE,PHE,-,-,-,PHE,PHE,PHE,PHE,PHE,PHE
193,ARG,-,-,-,VAL,VAL,-,-,-,VAL,VAL,VAL,VAL,VAL,VAL
194,PHE,-,-,-,ASP,ASP,-,-,-,ASP,ASP,ASP,ASP,ASP,ASP
195,ALA,-,-,-,ASN,ASN,-,-,-,ASN,ASN,ASN,ASN,ASN,ASN
196,ALA,-,-,-,GLU,GLU,-,-,-,GLU,GLU,GLU,GLU,GLU,GLU
197,PHE,-,-,-,ILE,ILE,-,-,-,ILE,ILE,ILE,ILE,ILE,ILE
198,CYS,-,-,-,GLY,GLY,-,-,-,GLY,GLY,GLY,GLY,GLY,GLY
199,SER,-,-,-,ALA,ALA,-,-,-,ALA,ALA,ALA,ALA,ALA,ALA
200,PRO,-,-,-,ALA,ALA,-,-,-,ALA,ALA,ALA,ALA,ALA,ALA
201,ASN,-,-,-,THR,THR,-,-,-,THR,THR,THR,THR,THR,THR
202,LEU,-,-,-,ALA,ALA,-,-,-,ALA,ALA,ALA,ALA,ALA,ALA
203,LEU,-,-,-,THR,THR,-,-,-,THR,THR,THR,THR,THR,THR
204,PRO,-,-,-,GLY,GLY,-,-,-,GLY,GLY,GLY,GLY,GLY,GLY
205,LEU,-,-,-,HIS,HIS,-,-,-,HIS,HIS,HIS,HIS,HIS,HIS
206,ALA,-,-,-,GLY,GLY,-,-,-,GLY,GLY,GLY,GLY,GLY,GLY
207,THR,-,-,-,GLU,GLU,-,-,-,GLU,GLU,GLU,GLU,GLU,GLU
208,VAL,-,-,-,GLU,GLU,-,-,-,GLU,GLU,GLU,GLU,GLU,GLU
209,GLY,-,-,-,VAL,VAL,-,-,-,VAL,VAL,VAL,VAL,VAL,VAL
210,ALA,-,-,-,ILE,ILE,-,-,-,ILE,ILE,ILE,ILE,ILE,ILE
211,ASP,-,-,-,ARG,ARG,-,-,-,ARG,ARG,ARG,ARG,ARG,ARG
212,ILE,-,-,-,THR,THR,-,-,-,THR,THR,THR,THR,THR,THR
213,THR,-,-,-,VAL,VAL,-,-,-,VAL,VAL,VAL,VAL,VAL,VAL
214,ILE,-,-,-,GLY,GLY,-,-,-,GLY,GLY,GLY,GLY,GLY,GLY
215,ASN,-,-,-,THR,THR,-,-,-,THR,THR,THR,THR,THR,THR
216,ARG,-,-,-,HIS,HIS,-,-,-,HIS,HIS,HIS,HIS,HIS,HIS
217,GLU,-,-,-,LEU,LEU,-,-,-,LEU,LEU,LEU,LEU,LEU,LEU
218,LEU,-,-,-,VAL,VAL,-,-,-,VAL,VAL,VAL,VAL,VAL,VAL
219,VAL,-,-,-,VAL,VAL,-,-,-,VAL,VAL,VAL,VAL,VAL,VAL
220,ARG,-,-,-,GLU,GLU,-,-,-,GLU,GLU,GLU,GLU,GLU,GLU
221,LYS,-,-,-,LEU,LEU,-,-,-,LEU,LEU,LEU,LEU,LEU,LEU
222,VAL,-,-,-,MET,MET,-,-,-,MET,MET,MET,MET,MET,MET
223,ASP,-,-,-,ASN,ASN,-,-,-,ASN,ASN,ASN,ASN,ASN,ASN
224,GLY,-,-,-,GLN,GLN,-,-,-,GLN,GLN,GLN,GLN,GLN,GLN
225,LYS,-,-,-,GLY,GLY,-,-,-,GLY,GLY,GLY,GLY,GLY,GLY
226,ALA,-,-,-,ARG,ARG,-,-,-,ARG,ARG,ARG,ARG,ARG,ARG
227,GLY,-,-,-,THR,THR,-,-,-,THR,THR,THR,THR,THR,THR
228,LEU,-,-,-,PRO,PRO,-,-,-,PRO,PRO,PRO,PRO,PRO,PRO
229,VAL,-,-,-,GLN,GLN,-,-,-,GLN,GLN,GLN,GLN,GLN,GLN
230,VAL,-,-,-,GLN,GLN,-,-,-,GLN,GLN,GLN,GLN,GLN,GLN
231,HIS,-,-,-,ALA,ALA,-,-,-,ALA,ALA,ALA,ALA,ALA,ALA
232,SER,-,-,-,CYS,CYS,-,-,-,CYS,CYS,CYS,CYS,CYS,CYS
233,SER,-,-,-,LYS,LYS,-,-,-,LYS,LYS,LYS,LYS,LYS,LYS
234,MET,-,-,-,GLU,GLU,-,-,-,GLU,GLU,GLU,GLU,GLU,GLU
235,GLU,-,-,-,ALA,ALA,-,-,-,ALA,ALA,ALA,ALA,ALA,ALA
236,GLN,-,-,-,VAL,VAL,-,-,-,VAL,VAL,VAL,VAL,VAL,VAL
237,ASP,-,-,-,GLU,GLU,-,-,-,GLU,GLU,GLU,GLU,GLU,GLU
238,VAL,-,-,-,ARG,ARG,-,-,-,ARG,ARG,ARG,ARG,ARG,ARG
239,GLY,-,-,-,ILE,ILE,-,-,-,ILE,ILE,ILE,ILE,ILE,ILE
240,LEU,-,-,-,VAL,VAL,-,-,-,VAL,VAL,VAL,VAL,VAL,VAL
241,LEU,-,-,-,LYS,LYS,-,-,-,LYS,LYS,LYS,LYS,LYS,LYS
242,ARG,-,-,-,ILE,ILE,-,-,-,ILE,ILE,ILE,ILE,ILE,ILE
243,LEU,-,-,-,VAL,VAL,-,-,-,VAL,VAL,VAL,VAL,VAL,VAL
244,TYR,-,-,-,ASN,ASN,-,-,-,ASN,ASN,ASN,ASN,ASN,ASN
245,PRO,-,-,-,ARG,ARG,-,-,-,ARG,ARG,ARG,ARG,ARG,ARG
246,GLY,-,-,-,ARG,ARG,-,-,-,ARG,ARG,ARG,ARG,ARG,ARG
247,ILE,-,-,-,GLY,GLY,-,-,-,GLY,GLY,GLY,GLY,GLY,GLY
248,PRO,-,-,-,LYS,LYS,-,-,-,LYS,LYS,LYS,LYS,LYS,LYS
249,ALA,-,-,-,ASN,ASN,-,-,-,ASN,ASN,ASN,ASN,ASN,ASN
250,ALA,-,-,-,LEU,LEU,-,-,-,LEU,LEU,LEU,LEU,LEU,LEU
251,LEU,-,-,-,LYS,LYS,-,-,-,LYS,LYS,LYS,LYS,LYS,LYS
252,VAL,-,-,-,ASP,ASP,-,-,-,ASP,ASP,ASP,ASP,ASP,ASP
253,ARG,-,-,-,ILE,ILE,-,-,-,ILE,ILE,ILE,ILE,ILE,ILE
254,ALA,-,-,-,GLN,GLN,-,-,-,GLN,GLN,GLN,GLN,GLN,GLN
255,PHE,-,-,-,VAL,VAL,-,-,-,VAL,VAL,VAL,VAL,VAL,VAL
256,LEU,-,-,-,GLY,GLY,-,-,-,GLY,GLY,GLY,GLY,GLY,GLY
257,GLN,-,-,-,PHE,PHE,-,-,-,PHE,PHE,PHE,PHE,PHE,PHE
258,PRO,-,-,-,ILE,ILE,-,-,-,ILE,ILE,ILE,ILE,ILE,ILE
259,PRO,-,-,-,ALA,ALA,-,-,-,ALA,ALA,ALA,ALA,ALA,ALA
260,LEU,-,-,-,LEU,LEU,-,-,-,LEU,LEU,LEU,LEU,LEU,LEU
261,LYS,-,-,-,ASN,ASN,-,-,-,ASN,ASN,ASN,ASN,ASN,ASN
262,GLY,-,-,-,LYS,LYS,-,-,-,LYS,LYS,LYS,LYS,LYS,LYS
263,VAL,-,-,-,LYS,LYS,-,-,-,LYS,LYS,LYS,LYS,LYS,LYS
264,VAL,-,-,-,GLY,GLY,-,-,-,GLY,GLY,GLY,GLY,GLY,GLY
265,MET,-,-,-,GLU,GLU,-,-,-,GLU,GLU,GLU,GLU,GLU,GLU
266,GLU,-,-,-,TYR,TYR,-,-,-,TYR,TYR,TYR,TYR,TYR,TYR
267,THR,-,-,-,GLY,GLY,-,-,-,GLY,GLY,GLY,GLY,GLY,GLY
268,PHE,-,-,-,ALA,ALA,-,-,-,ALA,ALA,ALA,ALA,ALA,ALA
269,GLY,-,-,-,TYR,TYR,-,-,-,TYR,TYR,TYR,TYR,TYR,TYR
270,SER,-,-,-,CYS,CYS,-,-,-,CYS,CYS,CYS,CYS,CYS,CYS
271,GLY,-,-,-,ILE,ILE,-,-,-,ILE,ILE,ILE,ILE,ILE,ILE
272,ASN,-,-,-,GLN,GLN,-,-,-,GLN,GLN,GLN,GLN,GLN,GLN
273,GLY,-,-,-,ASP,ASP,-,-,-,ASP,ASP,ASP,ASP,ASP,ASP
274,PRO,-,-,-,GLY,GLY,-,-,-,GLY,GLY,GLY,GLY,GLY,GLY
275,THR,-,-,-,PHE,PHE,-,-,-,PHE,PHE,PHE,PHE,PHE,PHE
276,LYS,-,-,-,ASN,ASN,-,-,-,ASN,ASN,ASN,ASN,ASN,ASN
277,PRO,-,-,-,PHE,PHE,-,-,-,PHE,PHE,PHE,PHE,PHE,PHE
278,ASP,-,-,-,ALA,ALA,-,-,-,ALA,ALA,ALA,ALA,ALA,ALA
279,LEU,-,-,-,VAL,VAL,-,-,-,VAL,VAL,VAL,VAL,VAL,VAL
280,LEU,-,-,-,HIS,HIS,-,-,-,HIS,HIS,HIS,HIS,HIS,HIS
281,GLN,-,-,-,ASP,ASP,-,-,-,ASP,ASP,ASP,ASP,ASP,ASP
282,GLU,-,-,-,GLN,GLN,-,-,-,GLN,GLN,GLN,GLN,GLN,GLN
283,LEU,-,-,-,LYS,LYS,-,-,-,LYS,LYS,LYS,LYS,LYS,LYS
284,ARG,-,-,-,GLY,GLY,-,-,-,GLY,GLY,GLY,GLY,GLY,GLY
285,VAL,-,-,-,ASN,ASN,-,-,-,ASN,ASN,ASN,ASN,ASN,ASN286,ALA,-,-,-,ARG,ARG,-,-,-,ARG,ARG,ARG,ARG,ARG,ARG
287,THR,-,-,-,LEU,LEU,-,-,-,LEU,LEU,LEU,LEU,LEU,LEU
288,GLU,-,-,-,GLU,GLU,-,-,-,GLU,GLU,GLU,GLU,GLU,GLU
289,ARG,-,-,-,THR,THR,-,-,-,THR,THR,THR,THR,THR,THR
290,GLY,-,-,-,PRO,PRO,-,-,-,PRO,PRO,PRO,PRO,PRO,PRO
291,LEU,-,-,-,GLY,GLY,-,-,-,GLY,GLY,GLY,GLY,GLY,GLY
292,VAL,-,-,-,PHE,PHE,-,-,-,PHE,PHE,PHE,PHE,PHE,PHE
293,ILE,-,-,-,ALA,ALA,-,-,-,ALA,ALA,ALA,ALA,ALA,ALA
294,VAL,-,-,-,LEU,LEU,-,-,-,LEU,LEU,LEU,LEU,LEU,LEU
295,ASN,-,-,-,LYS,LYS,-,-,-,LYS,LYS,LYS,-,-,LYS
296,CYS,-,-,-,-,GLY,-,-,-,-,-,-,-,GLY,GLY
297,THR,-,-,-,-,-,-,-,-,-,-,-,-,-,-
298,HIS,-,-,-,-,-,-,-,-,-,-,-,-,-,-
299,CYS,-,-,-,-,-,-,-,-,-,-,-,-,-,-
300,LEU,-,-,-,-,-,-,-,-,-,-,-,-,-,-
301,GLN,-,-,-,-,-,-,-,-,-,SD4,-,-,-,-
302,GLY,-,-,-,-,-,-,-,-,-,-,-,-,-,-
303,ALA,-,-,-,-,-,-,-,-,-,-,-,-,-,-
304,VAL,-,-,-,-,-,-,-,-,-,-,-,-,-,-
305,THR,-,-,-,-,-,-,-,-,-,-,-,-,-,-
306,THR,-,-,-,-,-,-,-,-,-,-,-,-,-,-
307,ASP,-,-,-,-,-,-,-,-,-,-,-,-,-,-
308,TYR,-,-,-,-,-,-,-,-,-,-,-,-,-,-
309,ALA,-,-,-,-,-,-,-,-,-,-,-,-,-,-
310,ALA,-,-,-,-,-,-,-,-,-,-,-,-,-,-
311,GLY,-,-,-,-,-,-,-,-,-,-,-,-,-,-
312,MET,-,-,-,-,-,-,-,-,-,-,-,-,-,-
313,ALA,-,-,-,-,-,-,-,-,-,-,-,-,-,-
314,MET,-,-,-,-,-,-,-,-,-,-,-,-,-,-
315,ALA,-,-,-,-,-,-,-,-,-,-,-,-,-,-
316,GLY,-,-,-,-,-,-,-,-,-,-,-,-,-,-
317,ALA,-,-,-,-,-,-,-,-,-,-,-,-,-,-
318,GLY,-,-,-,-,-,-,-,-,-,-,-,-,-,-
319,VAL,-,-,-,-,-,-,-,-,-,-,-,-,-,-
320,ILE,-,-,-,-,-,-,-,-,-,-,-,-,-,-
321,SER,-,-,-,-,-,-,-,-,-,-,-,-,-,-
322,GLY,-,-,-,-,-,-,-,-,-,-,-,-,-,-
323,PHE,-,-,-,-,-,-,-,-,-,-,-,-,-,-
324,ASP,-,-,-,-,-,-,-,-,-,-,-,-,-,-
325,MET,-,-,-,-,-,-,-,-,-,-,-,-,-,-
326,THR,-,-,-,-,-,-,-,-,-,-,-,-,-,-
327,SER,-,-,-,-,-,-,-,-,-,-,-,-,-,-
328,GLU,-,-,-,-,-,-,-,-,-,-,-,-,-,-
329,ALA,-,-,-,-,-,-,-,-,-,-,-,-,-,-
330,ALA,-,-,-,-,-,-,-,-,-,-,-,-,-,-
331,LEU,-,-,-,-,-,-,-,-,-,-,-,-,-,-
332,ALA,-,-,-,-,-,-,-,-,-,-,-,-,-,-
333,LYS,-,-,-,-,-,-,-,-,-,-,-,-,-,-
334,LEU,-,-,-,-,-,-,-,-,-,-,-,-,-,-
335,SER,-,-,-,-,-,-,-,-,-,-,-,-,-,-
336,TYR,-,-,-,-,-,-,-,-,-,-,-,-,-,-
337,VAL,-,-,-,-,-,-,-,-,-,-,-,-,-,-
338,LEU,-,-,-,-,-,-,-,-,-,-,-,-,-,-
339,GLY,-,-,-,-,-,-,-,-,-,-,-,-,-,-
340,GLN,-,-,-,-,-,-,-,-,-,-,-,-,-,-
341,PRO,-,-,-,-,-,-,-,-,-,-,-,-,-,-
342,GLY,-,-,-,-,-,-,-,-,-,-,-,-,-,-
343,LEU,-,-,-,-,-,-,-,-,-,-,-,-,-,-
344,SER,-,-,-,-,-,-,-,-,-,-,-,-,-,-
345,LEU,-,-,-,-,-,-,-,-,-,-,-,-,-,-
346,ASP,-,-,-,-,-,-,-,-,-,-,-,-,-,-
347,VAL,-,-,-,-,-,-,-,-,-,-,-,-,-,-
348,ARG,-,-,-,-,-,-,-,-,-,-,-,-,-,-
349,LYS,-,-,-,-,-,-,-,-,-,-,-,-,-,-
350,GLU,-,-,-,-,-,-,-,-,-,-,-,-,-,-
351,LEU,-,-,-,-,-,-,-,-,-,-,-,-,-,-
352,LEU,-,-,-,-,-,-,-,-,-,-,-,-,-,-
353,THR,-,-,-,-,-,-,-,-,-,-,-,-,-,-
354,LYS,-,-,-,-,-,-,-,-,-,-,-,-,-,-
355,ASP,-,-,-,-,-,-,-,-,-,-,-,-,-,-
356,LEU,-,-,-,-,-,-,-,-,-,-,-,-,-,-
357,ARG,-,-,-,-,-,-,-,-,-,-,-,-,-,-
358,GLY,-,-,-,-,-,-,-,-,-,-,-,-,-,-
359,GLU,-,-,-,-,-,-,-,-,-,-,-,-,-,-
360,MET,-,-,-,-,-,-,-,-,-,-,-,-,-,-
361,THR,-,-,-,-,-,-,-,-,-,-,-,-,-,-
362,PRO,-,-,-,-,-,-,-,-,-,-,-,-,-,-
363,PRO,-,-,-,-,-,-,-,-,-,-,-,-,-,-
364,SER,-,-,-,-,-,-,-,-,-,-,-,-,-,-
365,VAL,-,-,-,-,-,-,-,-,-,-,-,-,-,-
366,GLU,-,-,-,-,-,-,-,-,-,-,-,-,-,-
367,GLU,-,-,-,-,-,-,-,-,-,-,-,-,-,-
368,ARG,-,-,-,-,-,-,-,-,-,-,-,-,-,-
369,ARG,-,-,-,-,-,-,-,-,-,-,-,-,-,-
370,PRO,-,-,-,-,-,-,-,-,-,-,-,-,-,-
371,SER,-,-,-,-,-,-,-,-,-,-,-,-,-,-
372,LEU,-,-,-,-,-,-,-,-,-,-,-,-,-,-
373,GLN,-,-,-,-,-,-,-,-,-,-,-,-,-,-
374,GLY,-,-,-,-,-,-,-,-,-,-,-,-,-,-
375,ASN,-,-,-,-,-,-,-,-,-,-,-,-,-,-
376,THR,-,-,-,-,-,-,-,-,-,-,-,-,-,-
377,LEU,-,-,-,-,-,-,-,-,-,-,-,-,-,-
378,GLY,-,-,-,-,-,-,-,-,-,-,-,-,-,-
379,GLY,-,-,-,-,-,-,-,-,-,-,-,-,-,-
380,GLY,-,-,-,-,-,-,-,-,-,-,-,-,-,-
381,VAL,-,-,-,-,-,-,-,-,-,-,-,-,-,-
382,SER,-,-,-,-,-,-,-,-,-,-,-,-,-,-
383,TRP,-,-,-,-,-,-,-,-,-,-,-,-,-,-
384,LEU,-,-,-,-,-,-,-,-,-,-,-,-,-,-
385,LEU,-,-,-,-,-,-,-,-,-,-,-,-,-,-
386,SER,-,-,-,-,-,-,-,-,-,-,-,-,-,-
387,LEU,-,-,-,-,-,-,-,-,-,-,-,-,-,-
388,SER,-,-,-,-,-,-,-,-,-,-,-,-,-,-
389,GLY,-,-,-,-,-,-,-,-,-,-,-,-,-,-
390,SER,-,-,-,-,-,-,-,-,-,-,-,-,-,-
391,GLN,-,-,-,-,-,-,-,-,-,-,-,-,-,-
392,GLU,-,-,-,-,-,-,-,-,-,-,-,-,-,-
393,ALA,-,-,-,-,-,-,-,-,-,-,-,-,-,-
394,ASP,-,-,-,-,-,-,-,-,-,-,-,-,-,-
395,ALA,-,-,-,-,-,-,-,-,-,-,-,-,-,-
396,LEU,-,-,-,-,-,-,-,-,-,-,-,-,-,-
397,ARG,-,-,-,-,-,-,-,-,-,-,-,-,-,-
398,ASN,-,-,-,-,-,-,-,-,-,-,-,-,-,-
399,ALA,-,-,-,-,-,-,-,-,-,-,-,-,-,-
400,LEU,-,-,-,-,-,-,-,-,-,-,-,-,-,-
401,VAL,-,-,-,-,-,-,-,-,-,-,-,-,-,-
402,PRO,-,-,-,-,-,-,-,-,-,-,-,-,-,-
403,SER,-,-,-,-,-,-,-,-,-,-,-,-,-,-
404,LEU,-,-,-,-,-,-,-,-,-,-,-,-,-,-
405,ALA,-,-,-,-,-,-,-,-,-,-,-,-,-,-
406,CYS,-,-,-,-,-,-,-,-,-,-,-,-,-,-
407,ALA,-,-,-,-,-,-,-,-,-,-,-,-,-,-
408,ALA,-,-,-,-,-,-,-,-,-,-,-,-,-,-
409,ALA,-,-,-,-,-,-,-,-,-,-,-,-,-,-
410,HIS,-,-,-,-,-,-,-,-,-,-,-,-,-,-
411,ALA,-,-,-,-,-,-,-,-,-,-,-,-,-,-
412,GLY,-,-,-,-,-,-,-,-,-,-,-,-,-,-
413,ASP,-,-,-,-,-,-,-,-,-,-,-,-,-,-
414,VAL,-,-,-,-,-,-,-,-,-,-,-,-,-,-
415,GLU,-,-,-,-,-,-,-,-,-,-,-,-,-,-
416,ALA,-,-,-,-,-,-,-,-,-,-,-,-,-,-
417,LEU,-,-,-,-,-,-,-,-,-,-,-,-,-,-
418,GLN,-,-,-,-,-,-,-,-,-,-,-,-,-,-
419,ALA,-,-,-,-,-,-,-,-,-,-,-,-,-,-
420,LEU,-,-,-,-,-,-,-,-,-,-,-,-,-,-
421,VAL,-,-,-,-,-,-,-,-,-,-,-,-,-,-
422,GLU,-,-,-,-,-,-,-,-,-,-,-,-,-,-
423,LEU,-,-,-,-,-,-,-,-,-,-,-,-,-,-
424,GLY,-,-,-,-,-,-,-,-,-,-,-,-,-,-
425,SER,-,-,-,-,-,-,-,-,-,-,-,-,-,-
426,ASP,-,-,-,-,-,-,-,-,-,-,-,-,-,-
427,LEU,-,-,-,-,-,-,-,-,-,-,-,-,-,-
428,GLY,-,-,-,-,-,-,-,-,-,-,-,-,-,-
429,LEU,-,-,-,-,-,-,-,-,-,-,-,-,-,-
430,VAL,-,-,-,-,-,-,-,-,-,-,-,-,-,-
431,ASP,-,-,-,-,-,-,-,-,-,-,-,-,-,-
432,PHE,-,-,-,-,-,-,-,-,-,-,-,-,-,-
433,ASN,-,-,-,-,-,-,-,-,-,-,-,-,-,-
434,GLY,-,-,-,-,-,-,-,-,-,-,-,-,-,-
435,GLN,-,-,-,-,-,-,-,-,-,-,-,-,-,-
436,THR,-,-,-,-,-,-,-,-,-,-,-,-,-,-
437,PRO,-,-,-,-,-,-,-,-,-,-,-,-,-,-
438,LEU,-,-,-,-,-,-,-,-,-,-,-,-,-,-
439,HIS,-,-,-,-,-,-,-,-,-,-,-,-,-,-
440,ALA,-,-,-,-,-,-,-,-,-,-,-,-,-,-
441,ALA,-,-,-,-,-,-,-,-,-,-,-,-,-,-
442,ALA,-,-,-,-,-,-,-,-,-,-,-,-,-,-
443,ARG,-,-,-,-,-,-,-,-,-,-,-,-,-,-
444,GLY,-,-,-,-,-,-,-,-,-,-,-,-,-,-
445,GLY,-,-,-,-,-,-,-,-,-,-,-,-,-,-
446,HIS,-,-,-,-,-,-,-,-,-,-,-,-,-,-
447,THR,-,-,-,-,-,-,-,-,-,-,-,-,-,-
448,GLU,-,-,-,-,-,-,-,-,-,-,-,-,-,-
449,ALA,-,-,-,-,-,-,-,-,-,-,-,-,-,-
450,VAL,-,-,-,-,-,-,-,-,-,-,-,-,-,-
451,THR,-,-,-,-,-,-,-,-,-,-,-,-,-,-
452,MET,-,-,-,-,-,-,-,-,-,-,-,-,-,-
453,LEU,-,-,-,-,-,-,-,-,-,-,-,-,-,-
454,LEU,-,-,-,-,-,-,-,-,-,-,-,-,-,-
455,GLN,-,-,-,-,-,-,-,-,-,-,-,-,-,-
456,ARG,-,-,-,-,-,-,-,-,-,-,-,-,-,-
457,GLY,-,-,-,-,-,-,-,-,-,-,-,-,-,-
458,VAL,-,-,-,-,-,-,-,-,-,-,-,-,-,-
459,ASP,-,-,-,-,-,-,-,-,-,-,-,-,-,-
460,VAL,-,-,-,-,-,-,-,-,-,-,-,-,-,-
461,ASN,-,-,-,-,-,-,-,-,-,-,-,-,-,-
462,THR,-,-,-,-,-,-,-,-,-,-,-,-,-,-
463,ARG,-,-,-,-,-,-,-,-,-,-,-,-,-,-
464,ASP,-,-,-,-,-,-,-,-,-,-,-,-,-,-
465,THR,-,-,-,-,-,-,-,-,-,-,-,-,-,-
466,ASP,-,-,-,-,-,-,-,-,-,-,-,-,-,-
467,GLY,-,-,-,-,-,-,-,-,-,-,-,-,-,-
468,PHE,-,-,-,-,-,-,-,-,-,-,-,-,-,-
469,SER,-,-,-,-,-,-,-,-,-,-,-,-,-,-
470,PRO,-,-,-,-,-,-,-,-,-,-,-,-,-,-
471,LEU,-,-,-,-,-,-,-,-,-,-,-,-,-,-
472,LEU,-,-,-,-,-,-,-,-,-,-,-,-,-,-
473,LEU,-,-,-,-,-,-,-,-,-,-,-,-,-,-
474,ALA,-,-,-,-,-,-,-,-,-,-,-,-,-,-
475,VAL,-,-,-,-,-,-,-,-,-,-,-,-,-,-
476,ARG,-,-,-,-,-,-,-,-,-,-,-,-,-,-
477,GLY,-,-,-,-,-,-,-,-,-,-,-,-,-,-
478,ARG,-,-,-,-,-,-,-,-,-,-,-,-,-,-
479,HIS,-,-,-,-,-,-,-,-,-,-,-,-,-,-
480,PRO,-,-,-,-,-,-,-,-,-,-,-,-,-,-
481,GLY,-,-,-,-,-,-,-,-,-,-,-,-,-,-
482,VAL,-,-,-,-,-,-,-,-,-,-,-,-,-,-
483,ILE,-,-,-,-,-,-,-,-,-,-,-,-,-,-
484,GLY,-,-,-,-,-,-,-,-,-,-,-,-,-,-
485,LEU,-,-,-,-,-,-,-,-,-,-,-,-,-,-
486,LEU,-,-,-,-,-,-,-,-,-,-,-,-,-,-
487,ARG,-,-,-,-,-,-,-,-,-,-,-,-,-,-
488,GLU,-,-,-,-,-,-,-,-,-,-,-,-,-,-
489,ALA,-,-,-,-,-,-,-,-,-,-,-,-,-,-
490,GLY,-,-,-,-,-,-,-,-,-,-,-,-,-,-
491,ALA,-,-,-,-,-,-,-,-,-,-,-,-,-,-
492,SER,-,-,-,-,-,-,-,-,-,-,-,-,-,-
493,LEU,-,-,-,-,-,-,-,-,-,-,-,-,-,-
494,SER,-,-,-,-,-,-,-,-,-,-,-,-,-,-
495,THR,-,-,-,-,-,-,-,-,-,-,-,-,-,-
496,GLN,-,-,-,-,-,-,-,-,-,-,-,-,-,-
497,GLU,-,-,-,-,-,-,-,-,-,-,-,-,-,-
498,LEU,-,-,-,-,-,-,-,-,-,-,-,-,-,-
499,GLU,-,-,-,-,-,-,-,-,-,-,-,-,-,-
500,GLU,-,-,-,-,-,-,-,-,-,-,-,-,-,-
501,ALA,-,-,-,-,-,-,-,-,-,-,-,-,-,-
502,GLY,-,-,-,-,-,-,-,-,-,-,-,-,-,-
503,THR,-,-,-,-,-,-,-,-,-,-,-,-,-,-
504,GLU,-,-,-,-,-,-,-,-,-,-,-,-,-,-
505,LEU,-,-,-,-,-,-,-,-,-,-,-,-,-,-
506,CYS,-,-,-,-,-,-,-,-,-,-,-,-,-,-
507,ARG,-,-,-,-,-,-,-,-,-,-,-,-,-,-
508,LEU,-,-,-,-,-,-,-,-,-,-,-,-,-,-
509,ALA,-,-,-,-,-,-,-,-,-,-,-,-,-,-
510,TYR,-,-,-,-,-,-,-,-,-,-,-,-,-,-
511,ARG,-,-,-,-,-,-,-,-,-,-,-,-,-,-
512,ALA,-,-,-,-,-,-,-,-,-,-,-,-,-,-
513,ASP,-,-,-,-,-,-,-,-,-,-,-,-,-,-
514,LEU,-,-,-,-,-,-,-,-,-,-,-,-,-,-
515,GLU,-,-,-,-,-,-,-,-,-,-,-,-,-,-
516,GLY,-,-,-,-,-,-,-,-,-,-,-,-,-,-
517,LEU,-,-,-,-,-,-,-,-,-,-,-,-,-,-
518,GLN,-,-,-,-,-,-,-,-,-,-,-,-,-,-
519,VAL,-,-,-,-,-,-,-,-,-,-,-,-,-,-
520,TRP,-,-,-,-,-,-,-,-,-,-,-,-,-,-
521,TRP,-,-,-,-,-,-,-,-,-,-,-,-,-,-
522,GLN,-,-,-,-,-,-,-,-,-,-,-,-,-,-
523,ALA,-,-,-,-,-,-,-,-,-,-,-,-,-,-
524,GLY,-,-,-,-,-,-,-,-,-,-,-,-,-,-
525,ALA,-,-,-,-,-,-,-,-,-,-,-,-,-,-
526,ASP,-,-,-,-,-,-,-,-,-,-,-,-,-,-
527,LEU,-,-,-,-,-,-,-,-,-,-,-,-,-,-
528,GLY,-,-,-,-,-,-,-,-,-,-,-,-,-,-
529,GLN,-,-,-,-,-,-,-,-,-,-,-,-,-,-
530,PRO,-,-,-,-,-,-,-,-,-,-,-,-,-,-
531,GLY,-,-,-,-,-,-,-,-,-,-,-,-,-,-
532,TYR,-,-,-,-,-,-,-,-,-,-,-,-,-,-
533,ASP,-,-,-,-,-,-,-,-,-,-,-,-,-,-
534,GLY,-,-,-,-,-,-,-,-,-,-,-,-,-,-
535,HIS,-,-,-,-,-,-,-,-,-,-,-,-,-,-
536,SER,-,-,-,-,-,-,-,-,-,-,-,-,-,-
537,ALA,-,-,-,-,-,-,-,-,-,-,-,-,-,-
538,LEU,-,-,-,-,-,-,-,-,-,-,-,-,-,-
539,HIS,-,-,-,-,-,-,-,-,-,-,-,-,-,-
540,VAL,-,-,-,-,-,-,-,-,-,-,-,-,-,-
541,ALA,-,-,-,-,-,-,-,-,-,-,-,-,-,-
542,GLU,-,-,-,-,-,-,-,-,-,-,-,-,-,-
543,ALA,-,-,-,-,-,-,-,-,-,-,-,-,-,-
544,ALA,-,-,-,-,-,-,-,-,-,-,-,-,-,-
545,GLY,-,-,-,-,-,-,-,-,-,-,-,-,-,-
546,ASN,-,-,-,-,-,-,-,-,-,-,-,-,-,-
547,LEU,-,-,-,-,-,-,-,-,-,-,-,-,-,-
548,ALA,-,-,-,-,-,-,-,-,-,-,-,-,-,-
549,VAL,-,-,-,-,-,-,-,-,-,-,-,-,-,-
550,VAL,-,-,-,-,-,-,-,-,-,-,-,-,-,-
551,ALA,-,-,-,-,-,-,-,-,-,-,-,-,-,-
552,PHE,-,-,-,-,-,-,-,-,-,-,-,-,-,-
553,LEU,-,-,-,-,-,-,-,-,-,-,-,-,-,-
554,GLN,-,-,-,-,-,-,-,-,-,-,-,-,-,-
555,SER,-,-,-,-,-,-,-,-,-,-,-,-,-,-
556,LEU,-,-,-,-,-,-,-,-,-,-,-,-,-,-
557,GLU,-,-,-,-,-,-,-,-,-,-,-,-,-,-
558,GLY,-,-,-,-,-,-,-,-,-,-,-,-,-,-
559,ALA,-,-,-,-,-,-,-,-,-,-,-,-,-,-
560,VAL,-,-,-,-,-,-,-,-,-,-,-,-,-,-
561,GLY,-,-,-,-,-,-,-,-,-,-,-,-,-,-
562,ALA,-,-,-,-,-,-,-,-,-,-,-,-,-,-
563,GLN,-,-,-,-,-,-,-,-,-,-,-,-,-,-
564,ALA,-,-,-,-,-,-,-,-,-,-,-,-,-,-
565,PRO,-,-,-,-,-,-,-,-,-,-,-,-,-,-
566,CYS,-,-,-,-,-,-,-,-,-,-,-,-,-,-
567,PRO,-,-,-,-,-,-,-,-,-,-,-,-,-,-
568,GLU,-,-,-,-,-,-,-,-,-,-,-,-,-,-
569,VAL,-,-,-,-,-,-,-,-,-,-,-,-,-,-
570,LEU,-,-,-,-,-,-,-,-,-,-,-,-,-,-
571,PRO,-,-,-,-,-,-,-,-,-,-,-,-,-,-
572,GLY,-,-,-,-,-,-,-,-,-,-,-,-,-,-
573,VAL,-,-,-,-,-,-,-,-,-,-,-,-,-,-
